restaurant_id,name,url,address,location_neighborhood,latitude,longitude,phone,rate,votes,approx_cost_for_two,rest_type,cuisines,online_order,book_table,dish_liked,listed_in_type,listed_in_city
R0001,Choudhury Bakshi and Maharaj Restaurant,https://www.zomato.com/bengaluru/restaurant-1,"130, Brookefield, Bengaluru",Brookefield,12.94644,77.720147,+919083863794,4.1,156,250,Fine Dining,Pizza,No,No,"Idli, Dosa, Chicken Curry",Cafes,Brookefield
R0002,Kapoor and Sons Kitchen,https://www.zomato.com/bengaluru/restaurant-2,"187, Jayanagar, Bengaluru",Jayanagar,12.922259,77.591705,+917816184959,3.9,3200,200,Quick Bites,Chinese,Yes,No,"Idli, Cake, Tandoori, Momos, Pizza",Delivery,Jayanagar
R0003,Chaudry Chahal and Sami Bistro,https://www.zomato.com/bengaluru/restaurant-3,"163, Marathahalli, Bengaluru",Marathahalli,12.970095,77.693804,+912832764835,4.6,966,300,Dhaba,"Thai, Fast Food",Yes,No,"Cake, Noodles, Paneer Tikka, Pasta",Lunch,Marathahalli
R0004,Balan Inc ,https://www.zomato.com/bengaluru/restaurant-4,"144, Bellandur, Bengaluru",Bellandur,12.912686,77.687794,+918496965328,3.5,8135,200,Dhaba,"Seafood, Biryani, Burger",Yes,Yes,"Veg Thali, Pizza, Paneer Tikka, Dosa, Idli",Dine-out,Bellandur
R0005,Kaul PLC Cafe,https://www.zomato.com/bengaluru/restaurant-5,"197, Brookefield, Bengaluru",Brookefield,12.947899,77.718314,+915146270482,4.7,8367,200,Dhaba,"Chinese, Mughlai, Sandwich",Yes,No,"Tandoori, Paneer Tikka, Biryani, Shake, Cake",Desserts,Brookefield
R0006,Bala Issac and Saini Cafe,https://www.zomato.com/bengaluru/restaurant-6,"62, Jayanagar, Bengaluru",Jayanagar,12.927017,77.573646,+910391171822,4.6,10859,800,Takeaway,"North Indian, Seafood, Burger",Yes,No,"Idli, Cake",Lunch,Jayanagar
R0007,Sen PLC Kitchen,https://www.zomato.com/bengaluru/restaurant-7,"151, BTM Layout, Bengaluru",BTM Layout,12.929467,77.617758,+918393010310,3.8,5463,200,Takeaway,"Biryani, Desserts, Mughlai",Yes,No,"Veg Thali, Tandoori, Pasta, Butter Chicken",Dinner,BTM Layout
R0008,Ahuja-Dutta Cafe,https://www.zomato.com/bengaluru/restaurant-8,"109, BTM Layout, Bengaluru",BTM Layout,12.917777,77.616801,+916701065133,4.0,3166,1000,Delivery,"Burger, Pizza, Rolls",Yes,No,"Noodles, Idli, Tandoori, Shake, Pasta",Dine-out,BTM Layout
R0009,Sami Oak and Mall Restaurant,https://www.zomato.com/bengaluru/restaurant-9,"43, Bellandur, Bengaluru",Bellandur,12.924579,77.686635,+916773602606,5.0,4395,800,Cafe,Street Food,No,No,"Butter Chicken, Biryani",Dinner,Bellandur
R0010,Kale LLC Kitchen,https://www.zomato.com/bengaluru/restaurant-10,"150, Jayanagar, Bengaluru",Jayanagar,12.921497,77.575331,+917882081219,3.5,1163,300,Delivery,Rolls,Yes,No,"Shake, Butter Chicken",Desserts,Jayanagar
R0011,Chanda Group Cafe,https://www.zomato.com/bengaluru/restaurant-11,"118, Shivajinagar, Bengaluru",Shivajinagar,12.989636,77.604581,+915107991183,3.1,8338,400,Casual Dining,"Sandwich, Seafood",Yes,Yes,"Noodles, Shake, Fried Rice, Pizza",Desserts,Shivajinagar
R0012,Parmer LLC Kitchen,https://www.zomato.com/bengaluru/restaurant-12,"191, Malleshwaram, Bengaluru",Malleshwaram,12.99665,77.565846,+918244935348,4.3,8054,400,Dhaba,"Desserts, Sandwich, North Indian",Yes,Yes,"Idli, Pizza, Paneer Tikka, Butter Chicken",Lunch,Malleshwaram
R0013,Lalla Bassi and Sharaf ,https://www.zomato.com/bengaluru/restaurant-13,"39, Bellandur, Bengaluru",Bellandur,12.912023,77.670407,+918059826204,4.9,6024,150,Cafe,Cafe,Yes,No,"Veg Thali, Chicken Curry, Biryani",Desserts,Bellandur
R0014,Dash Radhakrishnan and Brar Restaurant,https://www.zomato.com/bengaluru/restaurant-14,"189, KR Puram, Bengaluru",KR Puram,12.993084,77.702903,+915634216073,4.7,3319,800,Cafe,"Continental, Pizza",Yes,Yes,"Burger, Chicken Curry, Biryani",Desserts,KR Puram
R0015,Memon Pathak and Handa Restaurant,https://www.zomato.com/bengaluru/restaurant-15,"149, Koramangala, Bengaluru",Koramangala,12.940001,77.621454,+914019655698,5.0,1944,600,Takeaway,"Chinese, Cafe",Yes,No,"Tandoori, Ice Cream, Shake, Biryani",Buffet,Koramangala
R0016,Boase Bath and Kari ,https://www.zomato.com/bengaluru/restaurant-16,"32, Bommanahalli, Bengaluru",Bommanahalli,12.894582,77.619498,+914846564823,4.9,6938,600,Fine Dining,"Biryani, Thai, Bakery",Yes,No,"Shake, Pasta",Cafes,Bommanahalli
R0017,Buch-Kaul ,https://www.zomato.com/bengaluru/restaurant-17,"44, Basavanagudi, Bengaluru",Basavanagudi,12.944038,77.559812,+911489513433,4.0,2464,150,Quick Bites,"Biryani, Bakery",Yes,No,"Veg Thali, Pasta, Tandoori, Shake",Delivery,Basavanagudi
R0018,Rai LLC Kitchen,https://www.zomato.com/bengaluru/restaurant-18,"193, Hebbal, Bengaluru",Hebbal,13.033233,77.600893,+911632870831,4.5,7528,250,Dhaba,Mughlai,No,No,"Ice Cream, Fried Rice, Pizza, Shake, Cake",Drinks,Hebbal
R0019,Patla-Gaba Cafe,https://www.zomato.com/bengaluru/restaurant-19,"197, Nagarbhavi, Bengaluru",Nagarbhavi,12.983043,77.50838,+918734714345,3.8,5288,1000,Quick Bites,"Sandwich, Bakery, Street Food",Yes,Yes,"Masala Dosa, Veg Thali, Paneer Tikka",Desserts,Nagarbhavi
R0020,Pant-Kadakia Eatery,https://www.zomato.com/bengaluru/restaurant-20,"100, Basavanagudi, Bengaluru",Basavanagudi,12.948418,77.580993,+919096705466,2.7,8868,1000,Dhaba,Bakery,Yes,No,"Shake, Veg Thali, Chicken Curry, Biryani, Idli",Desserts,Basavanagudi
R0021,Loke Bora and Garg Eatery,https://www.zomato.com/bengaluru/restaurant-21,"35, Bellandur, Bengaluru",Bellandur,12.923775,77.661271,+917204653755,3.7,6261,400,Dhaba,"Mughlai, Fast Food",No,No,"Pizza, Biryani, Ice Cream, Momos, Veg Thali",Delivery,Bellandur
R0022,Konda Gade and Shere Restaurant,https://www.zomato.com/bengaluru/restaurant-22,"6, Banashankari, Bengaluru",Banashankari,12.911181,77.547983,+919232719374,3.6,6093,250,Takeaway,"Pizza, Chinese",Yes,Yes,"Biryani, Fried Rice",Cafes,Banashankari
R0023,Madan-Kanda ,https://www.zomato.com/bengaluru/restaurant-23,"154, Whitefield, Bengaluru",Whitefield,12.972161,77.762767,+911905865185,3.6,257,600,Dhaba,"Mughlai, Rolls, Biryani",No,Yes,"Fried Rice, Idli",Lunch,Whitefield
R0024,Nair Bhalla and Karnik ,https://www.zomato.com/bengaluru/restaurant-24,"152, Malleshwaram, Bengaluru",Malleshwaram,13.007168,77.577561,+914531473799,3.3,10997,600,Cafe,"Continental, Bakery, Fast Food",Yes,No,"Pasta, Masala Dosa, Veg Thali, Noodles",Drinks,Malleshwaram
R0025,Mutti Group Bistro,https://www.zomato.com/bengaluru/restaurant-25,"195, JP Nagar, Bengaluru",JP Nagar,12.907426,77.578845,+913777014363,3.8,5066,1200,Cafe,"Seafood, Cafe",No,No,"Pasta, Biryani, Noodles, Butter Chicken",Drinks,JP Nagar
R0026,Bhatti-Kakar Restaurant,https://www.zomato.com/bengaluru/restaurant-26,"81, Yelahanka, Bengaluru",Yelahanka,13.115399,77.597812,+911823374989,4.4,4686,200,Dhaba,"Street Food, Cafe",Yes,No,"Paneer Tikka, Fried Rice, Idli, Cake",Desserts,Yelahanka
R0027,Murty Kala and Tata Eatery,https://www.zomato.com/bengaluru/restaurant-27,"27, Malleshwaram, Bengaluru",Malleshwaram,12.993483,77.553124,+910947775204,3.7,7877,200,Dhaba,"Continental, Cafe, South Indian",Yes,No,"Pasta, Momos",Dinner,Malleshwaram
R0028,Shanker-Dhar Eatery,https://www.zomato.com/bengaluru/restaurant-28,"156, HSR Layout, Bengaluru",HSR Layout,12.913911,77.644494,+919938677496,3.5,5053,1200,Takeaway,Continental,Yes,No,"Dosa, Fried Rice, Idli, Paneer Tikka",Delivery,HSR Layout
R0029,Dewan-Koshy Bistro,https://www.zomato.com/bengaluru/restaurant-29,"121, Nagarbhavi, Bengaluru",Nagarbhavi,12.962534,77.496331,+914034471349,4.5,10882,300,Delivery,"Chinese, Fast Food, Pizza",Yes,No,"Pasta, Dosa, Burger",Desserts,Nagarbhavi
R0030,Yohannan Lall and Sangha Bistro,https://www.zomato.com/bengaluru/restaurant-30,"192, Brookefield, Bengaluru",Brookefield,12.94757,77.705869,+919471746488,3.8,8140,800,Quick Bites,Chinese,Yes,No,"Burger, Momos",Drinks,Brookefield
R0031,Rastogi Pathak and Kanda Bistro,https://www.zomato.com/bengaluru/restaurant-31,"112, MG Road, Bengaluru",MG Road,12.968111,77.60744,+917175655125,4.1,6794,800,Cafe,"North Indian, Cafe, South Indian",No,No,"Masala Dosa, Tandoori, Veg Thali",Buffet,MG Road
R0032,Upadhyay Group Eatery,https://www.zomato.com/bengaluru/restaurant-32,"14, Hebbal, Bengaluru",Hebbal,13.023442,77.589572,+913859770348,3.6,2196,400,Delivery,Mughlai,No,Yes,"Pasta, Veg Thali",Buffet,Hebbal
R0033,Batta Inc Kitchen,https://www.zomato.com/bengaluru/restaurant-33,"119, Brookefield, Bengaluru",Brookefield,12.961366,77.705079,+911274846773,5.0,7533,1000,Casual Dining,Desserts,No,Yes,"Pasta, Chicken Curry",Dine-out,Brookefield
R0034,Dutta Ltd Bistro,https://www.zomato.com/bengaluru/restaurant-34,"149, HSR Layout, Bengaluru",HSR Layout,12.904887,77.6476,+917278755886,4.8,7510,500,Dhaba,"Seafood, Sandwich",Yes,No,"Biryani, Momos, Tandoori, Chicken Curry",Desserts,HSR Layout
R0035,Bhatt-Rajan Cafe,https://www.zomato.com/bengaluru/restaurant-35,"26, Shivajinagar, Bengaluru",Shivajinagar,12.983289,77.61168,+917187026217,4.9,4392,500,Takeaway,"South Indian, Seafood",No,No,"Ice Cream, Pasta, Pizza, Fried Rice, Biryani",Delivery,Shivajinagar
R0036,Sidhu-Wadhwa ,https://www.zomato.com/bengaluru/restaurant-36,"176, Rajajinagar, Bengaluru",Rajajinagar,13.00077,77.56678,+914316117240,4.9,803,500,Dhaba,"Seafood, Burger",Yes,No,"Dosa, Fried Rice",Drinks,Rajajinagar
R0037,Apte-Contractor Restaurant,https://www.zomato.com/bengaluru/restaurant-37,"119, Malleshwaram, Bengaluru",Malleshwaram,13.001021,77.560026,+914740748217,3.0,5711,1200,Cafe,"Fast Food, Rolls",No,No,"Dosa, Ice Cream, Fried Rice",Cafes,Malleshwaram
R0038,Yadav Loke and Oak ,https://www.zomato.com/bengaluru/restaurant-38,"76, Hebbal, Bengaluru",Hebbal,13.046159,77.587977,+910640909743,3.8,9996,500,Casual Dining,"Burger, Italian",Yes,No,"Ice Cream, Cake, Momos",Cafes,Hebbal
R0039,Memon Group Cafe,https://www.zomato.com/bengaluru/restaurant-39,"192, KR Puram, Bengaluru",KR Puram,13.012667,77.702524,+916232858842,4.7,4260,800,Dhaba,"Continental, Italian, South Indian",Yes,No,"Veg Thali, Butter Chicken, Cake, Masala Dosa",Drinks,KR Puram
R0040,Setty Inc Bistro,https://www.zomato.com/bengaluru/restaurant-40,"32, Whitefield, Bengaluru",Whitefield,12.96885,77.737159,+917549651370,4.8,10200,1000,Cafe,Mughlai,Yes,No,"Dosa, Ice Cream, Biryani, Pizza",Delivery,Whitefield
R0041,Lall Tella and Gokhale Restaurant,https://www.zomato.com/bengaluru/restaurant-41,"138, Brookefield, Bengaluru",Brookefield,12.967816,77.725182,+912675869261,4.1,8067,1200,Delivery,"Bakery, Italian",Yes,Yes,"Butter Chicken, Pasta, Momos",Drinks,Brookefield
R0042,Cherian Misra and Tripathi Kitchen,https://www.zomato.com/bengaluru/restaurant-42,"117, BTM Layout, Bengaluru",BTM Layout,12.914901,77.623617,+911390053293,3.8,1174,1000,Casual Dining,"Italian, Thai",Yes,Yes,"Butter Chicken, Ice Cream, Paneer Tikka, Idli",Drinks,BTM Layout
R0043,Issac Dua and Prakash Restaurant,https://www.zomato.com/bengaluru/restaurant-43,"4, Nagarbhavi, Bengaluru",Nagarbhavi,12.960727,77.517016,+915395024026,4.7,8669,200,Fine Dining,Cafe,Yes,No,"Pizza, Paneer Tikka, Burger",Dinner,Nagarbhavi
R0044,Zacharia PLC Eatery,https://www.zomato.com/bengaluru/restaurant-44,"165, Nagarbhavi, Bengaluru",Nagarbhavi,12.967161,77.50781,+910076617711,4.6,5327,1200,Casual Dining,"Sandwich, Pizza",Yes,Yes,"Tandoori, Momos",Cafes,Nagarbhavi
R0045,Naik Group ,https://www.zomato.com/bengaluru/restaurant-45,"167, MG Road, Bengaluru",MG Road,12.979592,77.621151,+918367365766,3.9,1607,500,Delivery,"Mughlai, Sandwich",Yes,No,"Veg Thali, Tandoori, Chicken Curry, Butter Chicken",Cafes,MG Road
R0046,Choudhury LLC Kitchen,https://www.zomato.com/bengaluru/restaurant-46,"191, Malleshwaram, Bengaluru",Malleshwaram,13.016708,77.573305,+915280988516,3.5,5843,600,Dhaba,"Chinese, Rolls",Yes,No,"Dosa, Chicken Curry",Cafes,Malleshwaram
R0047,Khatri-Bhardwaj Restaurant,https://www.zomato.com/bengaluru/restaurant-47,"110, Malleshwaram, Bengaluru",Malleshwaram,12.991208,77.567922,+918998094024,4.2,11563,400,Cafe,Burger,Yes,Yes,"Idli, Cake, Tandoori",Dine-out,Malleshwaram
R0048,Brar Inc Eatery,https://www.zomato.com/bengaluru/restaurant-48,"108, Jayanagar, Bengaluru",Jayanagar,12.93279,77.580824,+917525459910,4.1,2599,250,Dhaba,North Indian,Yes,No,"Tandoori, Noodles",Delivery,Jayanagar
R0049,Sunder Biswas and Walia ,https://www.zomato.com/bengaluru/restaurant-49,"152, Bellandur, Bengaluru",Bellandur,12.923993,77.67312,+917840369003,3.4,4988,300,Dhaba,"Street Food, Bakery, Cafe",Yes,No,"Tandoori, Idli, Cake",Cafes,Bellandur
R0050,Dave Ltd ,https://www.zomato.com/bengaluru/restaurant-50,"11, Rajajinagar, Bengaluru",Rajajinagar,12.9788,77.555922,+916071596966,4.0,4793,200,Delivery,"Fast Food, Continental",Yes,No,"Pasta, Fried Rice, Cake, Butter Chicken, Noodles",Dine-out,Rajajinagar
R0051,Gandhi-Lanka Eatery,https://www.zomato.com/bengaluru/restaurant-51,"80, MG Road, Bengaluru",MG Road,12.974403,77.625388,+915352181883,3.2,5774,500,Fine Dining,"Chinese, Bakery",Yes,Yes,"Fried Rice, Chicken Curry",Delivery,MG Road
R0052,Sampath Kakar and Zacharia ,https://www.zomato.com/bengaluru/restaurant-52,"145, Jayanagar, Bengaluru",Jayanagar,12.923479,77.574005,+919552717744,3.4,9739,150,Cafe,Chinese,Yes,No,"Masala Dosa, Veg Thali, Tandoori",Dinner,Jayanagar
R0053,Iyer Muni and Rastogi Bistro,https://www.zomato.com/bengaluru/restaurant-53,"122, Hebbal, Bengaluru",Hebbal,13.021928,77.593062,+918207151820,3.5,4109,800,Delivery,"Chinese, Rolls",Yes,No,"Veg Thali, Butter Chicken, Pasta, Masala Dosa, Ice Cream",Drinks,Hebbal
R0054,Prakash Sarma and Varughese ,https://www.zomato.com/bengaluru/restaurant-54,"169, Electronic City, Bengaluru",Electronic City,12.836522,77.685234,+919251925462,3.6,9799,200,Cafe,"South Indian, Seafood, Chinese",No,No,"Idli, Ice Cream, Momos, Pizza",Drinks,Electronic City
R0055,Dara-Kota Eatery,https://www.zomato.com/bengaluru/restaurant-55,"50, Jayanagar, Bengaluru",Jayanagar,12.935903,77.593669,+913221418880,4.3,10895,500,Dhaba,"Sandwich, Chinese, Bakery",Yes,No,"Biryani, Cake, Momos, Dosa",Lunch,Jayanagar
R0056,Bhatt LLC ,https://www.zomato.com/bengaluru/restaurant-56,"115, Jayanagar, Bengaluru",Jayanagar,12.920667,77.59374,+913834735977,3.6,4666,600,Takeaway,"Fast Food, Street Food, South Indian",No,Yes,"Cake, Fried Rice, Veg Thali, Momos, Pizza",Desserts,Jayanagar
R0057,Karpe PLC Bistro,https://www.zomato.com/bengaluru/restaurant-57,"38, MG Road, Bengaluru",MG Road,12.964752,77.6122,+916137506068,3.8,6176,300,Delivery,"Burger, Thai, Italian",Yes,No,"Momos, Dosa",Desserts,MG Road
R0058,Amble Inc ,https://www.zomato.com/bengaluru/restaurant-58,"36, Koramangala, Bengaluru",Koramangala,12.929761,77.612472,+917790104328,3.3,11965,1200,Takeaway,"Seafood, Continental, Sandwich",No,Yes,"Momos, Masala Dosa",Cafes,Koramangala
R0059,Bhargava Karnik and Bir ,https://www.zomato.com/bengaluru/restaurant-59,"37, Marathahalli, Bengaluru",Marathahalli,12.953135,77.683832,+914609539621,3.3,8626,500,Quick Bites,"Street Food, Chinese",Yes,No,"Masala Dosa, Biryani",Dinner,Marathahalli
R0060,Narayanan Inc ,https://www.zomato.com/bengaluru/restaurant-60,"169, Indiranagar, Bengaluru",Indiranagar,12.98247,77.655231,+911952058527,3.2,11443,800,Fine Dining,"North Indian, Thai",Yes,Yes,"Cake, Fried Rice",Delivery,Indiranagar
R0061,Khanna Mallick and Sunder Bistro,https://www.zomato.com/bengaluru/restaurant-61,"122, Bommanahalli, Bengaluru",Bommanahalli,12.904786,77.61763,+914034505415,2.0,7209,600,Fine Dining,"Biryani, South Indian",No,No,"Butter Chicken, Shake, Momos",Drinks,Bommanahalli
R0062,Zacharia and Sons Bistro,https://www.zomato.com/bengaluru/restaurant-62,"76, JP Nagar, Bengaluru",JP Nagar,12.907686,77.583126,+915115447962,3.6,11351,800,Cafe,"Cafe, Chinese, Bakery",No,Yes,"Chicken Curry, Burger",Drinks,JP Nagar
R0063,Solanki Kibe and Solanki Eatery,https://www.zomato.com/bengaluru/restaurant-63,"9, MG Road, Bengaluru",MG Road,12.990545,77.612937,+912135569092,4.3,11175,800,Cafe,Chinese,Yes,No,"Cake, Tandoori, Burger, Biryani, Dosa",Delivery,MG Road
R0064,Gupta-Chandra Eatery,https://www.zomato.com/bengaluru/restaurant-64,"133, Shivajinagar, Bengaluru",Shivajinagar,12.975931,77.597008,+916814473947,3.1,3329,200,Casual Dining,"Cafe, Pizza",Yes,No,"Biryani, Burger",Dine-out,Shivajinagar
R0065,Sankar LLC Restaurant,https://www.zomato.com/bengaluru/restaurant-65,"36, Bommanahalli, Bengaluru",Bommanahalli,12.894853,77.606534,+913705895782,3.5,10076,200,Quick Bites,"Seafood, Thai, Chinese",Yes,No,"Momos, Burger, Tandoori, Ice Cream",Dinner,Bommanahalli
R0066,Roy-Sibal ,https://www.zomato.com/bengaluru/restaurant-66,"133, Sarjapur, Bengaluru",Sarjapur,12.858724,77.683883,+915289226801,4.1,8538,250,Cafe,"Chinese, Continental, Seafood",Yes,Yes,"Veg Thali, Pasta",Drinks,Sarjapur
R0067,Bhagat Chaudhari and Bhat Kitchen,https://www.zomato.com/bengaluru/restaurant-67,"129, Bommanahalli, Bengaluru",Bommanahalli,12.888264,77.632324,+912992299590,3.2,514,200,Quick Bites,"Desserts, Chinese, Cafe",Yes,No,"Pasta, Paneer Tikka, Pizza",Desserts,Bommanahalli
R0068,Nori-Chopra ,https://www.zomato.com/bengaluru/restaurant-68,"104, Nagarbhavi, Bengaluru",Nagarbhavi,12.973464,77.508543,+914710276773,3.2,5623,1200,Casual Dining,Burger,Yes,No,"Momos, Masala Dosa, Fried Rice, Ice Cream",Drinks,Nagarbhavi
R0069,Handa and Sons Restaurant,https://www.zomato.com/bengaluru/restaurant-69,"37, Bannerghatta Road, Bengaluru",Bannerghatta Road,12.886041,77.590961,+911046963259,3.3,11864,500,Casual Dining,"Continental, Thai",Yes,No,"Shake, Fried Rice",Dinner,Bannerghatta Road
R0070,Sen Dey and Sami Cafe,https://www.zomato.com/bengaluru/restaurant-70,"127, Banashankari, Bengaluru",Banashankari,12.936972,77.546721,+919748016245,3.9,6656,500,Quick Bites,Mughlai,No,Yes,"Fried Rice, Noodles, Cake, Biryani, Veg Thali",Desserts,Banashankari
R0071,Mallick Group Cafe,https://www.zomato.com/bengaluru/restaurant-71,"194, Malleshwaram, Bengaluru",Malleshwaram,13.004697,77.554906,+912398680002,4.0,11741,500,Dhaba,"Street Food, Cafe, Italian",No,No,"Idli, Ice Cream, Cake",Dinner,Malleshwaram
R0072,Borra Group Cafe,https://www.zomato.com/bengaluru/restaurant-72,"122, Jayanagar, Bengaluru",Jayanagar,12.933988,77.584265,+910551694097,3.3,4400,1200,Takeaway,"Seafood, Fast Food",Yes,No,"Momos, Shake, Masala Dosa, Cake, Pasta",Buffet,Jayanagar
R0073,Chaudhari Bedi and Zachariah Restaurant,https://www.zomato.com/bengaluru/restaurant-73,"106, Shivajinagar, Bengaluru",Shivajinagar,12.986213,77.601727,+913689702838,4.3,5375,800,Takeaway,"Mughlai, Continental, Pizza",No,No,"Idli, Noodles",Dine-out,Shivajinagar
R0074,Chander and Sons Restaurant,https://www.zomato.com/bengaluru/restaurant-74,"77, Hebbal, Bengaluru",Hebbal,13.048164,77.59227,+914375758441,3.9,9445,1000,Delivery,"Cafe, Burger",No,No,"Fried Rice, Paneer Tikka, Momos",Dine-out,Hebbal
R0075,Ray Group ,https://www.zomato.com/bengaluru/restaurant-75,"70, Electronic City, Bengaluru",Electronic City,12.826162,77.690659,+912199330833,2.4,910,200,Delivery,Thai,Yes,No,"Paneer Tikka, Masala Dosa, Noodles, Idli, Chicken Curry",Dinner,Electronic City
R0076,Kala-Rattan Kitchen,https://www.zomato.com/bengaluru/restaurant-76,"197, Whitefield, Bengaluru",Whitefield,12.975236,77.739024,+911938026206,3.5,8166,250,Fine Dining,"Fast Food, Bakery, Burger",Yes,Yes,"Noodles, Momos, Shake, Pizza, Masala Dosa",Buffet,Whitefield
R0077,Gala Group ,https://www.zomato.com/bengaluru/restaurant-77,"118, Electronic City, Bengaluru",Electronic City,12.841939,77.665219,+914205493296,4.0,7057,1000,Cafe,"Desserts, Street Food",Yes,No,"Pizza, Tandoori, Veg Thali, Pasta, Idli",Delivery,Electronic City
R0078,Ramakrishnan LLC Cafe,https://www.zomato.com/bengaluru/restaurant-78,"85, JP Nagar, Bengaluru",JP Nagar,12.922251,77.582524,+914990453017,3.3,5076,250,Delivery,North Indian,Yes,No,"Ice Cream, Fried Rice, Veg Thali, Pasta",Delivery,JP Nagar
R0079,Mangal-Sampath Bistro,https://www.zomato.com/bengaluru/restaurant-79,"171, Brookefield, Bengaluru",Brookefield,12.970584,77.706751,+913391878519,3.2,1888,150,Dhaba,"Pizza, Rolls, Continental",Yes,No,"Pizza, Veg Thali, Cake, Noodles, Masala Dosa",Dine-out,Brookefield
R0080,Sur Dubey and Gupta Eatery,https://www.zomato.com/bengaluru/restaurant-80,"34, JP Nagar, Bengaluru",JP Nagar,12.902644,77.58381,+918679087406,3.6,4219,150,Fine Dining,Biryani,Yes,No,"Dosa, Tandoori, Veg Thali, Ice Cream, Biryani",Delivery,JP Nagar
R0081,Kalla-Bhardwaj ,https://www.zomato.com/bengaluru/restaurant-81,"187, Indiranagar, Bengaluru",Indiranagar,12.976111,77.646812,+916567661825,3.9,1993,250,Takeaway,"South Indian, Chinese, Burger",No,No,"Momos, Chicken Curry",Dine-out,Indiranagar
R0082,Bhat Murthy and Bhandari Restaurant,https://www.zomato.com/bengaluru/restaurant-82,"118, Bannerghatta Road, Bengaluru",Bannerghatta Road,12.885762,77.605645,+915243106903,4.1,3426,200,Quick Bites,Desserts,Yes,No,"Pasta, Chicken Curry, Ice Cream, Tandoori, Idli",Buffet,Bannerghatta Road
R0083,Sood PLC Bistro,https://www.zomato.com/bengaluru/restaurant-83,"82, Marathahalli, Bengaluru",Marathahalli,12.966316,77.694468,+919953428364,3.9,4558,150,Takeaway,Rolls,Yes,No,"Butter Chicken, Pizza, Momos",Lunch,Marathahalli
R0084,Dugar Bhandari and Trivedi Bistro,https://www.zomato.com/bengaluru/restaurant-84,"122, Domlur, Bengaluru",Domlur,12.960769,77.652869,+913342708668,5.0,8733,250,Delivery,"Mughlai, Sandwich, Seafood",Yes,No,"Chicken Curry, Pizza, Momos, Noodles, Dosa",Desserts,Domlur
R0085,Grewal Inc Kitchen,https://www.zomato.com/bengaluru/restaurant-85,"49, Rajajinagar, Bengaluru",Rajajinagar,12.994601,77.568667,+919837354033,3.4,1972,800,Casual Dining,"Chinese, Biryani",Yes,No,"Paneer Tikka, Ice Cream",Desserts,Rajajinagar
R0086,Bir Keer and Raval Kitchen,https://www.zomato.com/bengaluru/restaurant-86,"185, Domlur, Bengaluru",Domlur,12.955548,77.632192,+917535560932,3.1,315,400,Takeaway,"Rolls, Thai",No,No,"Paneer Tikka, Cake, Masala Dosa, Fried Rice",Dine-out,Domlur
R0087,Koshy PLC Restaurant,https://www.zomato.com/bengaluru/restaurant-87,"36, BTM Layout, Bengaluru",BTM Layout,12.911496,77.606495,+918728080100,4.3,6806,250,Dhaba,Burger,Yes,Yes,"Paneer Tikka, Masala Dosa, Tandoori, Fried Rice",Dine-out,BTM Layout
R0088,Baral Bumb and Saini Bistro,https://www.zomato.com/bengaluru/restaurant-88,"185, Koramangala, Bengaluru",Koramangala,12.926762,77.62318,+914840862118,4.7,2489,300,Casual Dining,Burger,Yes,No,"Biryani, Pasta, Chicken Curry, Tandoori, Veg Thali",Cafes,Koramangala
R0089,Virk Mutti and Lal Kitchen,https://www.zomato.com/bengaluru/restaurant-89,"164, Basavanagudi, Bengaluru",Basavanagudi,12.929971,77.588579,+910217659180,3.2,3814,300,Dhaba,"Pizza, Rolls",No,No,"Dosa, Butter Chicken, Pasta, Noodles",Buffet,Basavanagudi
R0090,Murthy and Sons ,https://www.zomato.com/bengaluru/restaurant-90,"102, HSR Layout, Bengaluru",HSR Layout,12.917133,77.632311,+911429396856,4.3,2342,200,Takeaway,"South Indian, Fast Food, Seafood",Yes,Yes,"Noodles, Pizza",Delivery,HSR Layout
R0091,Randhawa-Deep Restaurant,https://www.zomato.com/bengaluru/restaurant-91,"175, Yelahanka, Bengaluru",Yelahanka,13.092464,77.583581,+919619431142,3.2,6275,250,Fine Dining,"Mughlai, Seafood, North Indian",No,No,"Veg Thali, Masala Dosa, Fried Rice, Burger",Drinks,Yelahanka
R0092,Mital Shankar and Mutti Restaurant,https://www.zomato.com/bengaluru/restaurant-92,"111, Whitefield, Bengaluru",Whitefield,12.957546,77.763189,+917888610158,3.6,1574,1200,Takeaway,"Thai, Cafe",Yes,No,"Pizza, Dosa",Buffet,Whitefield
R0093,Andra Group Eatery,https://www.zomato.com/bengaluru/restaurant-93,"71, Electronic City, Bengaluru",Electronic City,12.837314,77.685375,+916471543799,3.6,3253,800,Quick Bites,"Rolls, Pizza, Fast Food",Yes,No,"Burger, Pizza, Paneer Tikka, Tandoori, Veg Thali",Buffet,Electronic City
R0094,Chaudhry Borah and Yogi Restaurant,https://www.zomato.com/bengaluru/restaurant-94,"123, Basavanagudi, Bengaluru",Basavanagudi,12.937567,77.578406,+915265479356,3.8,4642,600,Cafe,"Street Food, Seafood",Yes,No,"Pizza, Momos, Shake, Tandoori, Cake",Desserts,Basavanagudi
R0095,Toor LLC Cafe,https://www.zomato.com/bengaluru/restaurant-95,"169, Shivajinagar, Bengaluru",Shivajinagar,13.001718,77.591398,+912661797968,4.1,8350,600,Takeaway,"North Indian, Street Food, Biryani",Yes,No,"Momos, Dosa, Chicken Curry, Shake, Fried Rice",Delivery,Shivajinagar
R0096,Palla Inc Cafe,https://www.zomato.com/bengaluru/restaurant-96,"57, Whitefield, Bengaluru",Whitefield,12.977869,77.754628,+918889937567,4.2,11183,1200,Fine Dining,"Fast Food, South Indian",Yes,No,"Shake, Chicken Curry, Idli, Biryani, Butter Chicken",Buffet,Whitefield
R0097,Pingle LLC Eatery,https://www.zomato.com/bengaluru/restaurant-97,"90, Banashankari, Bengaluru",Banashankari,12.913736,77.544279,+917177514010,3.4,5670,200,Fine Dining,Italian,Yes,No,"Cake, Momos, Shake",Desserts,Banashankari
R0098,Sarma PLC ,https://www.zomato.com/bengaluru/restaurant-98,"158, Sarjapur, Bengaluru",Sarjapur,12.851634,77.676404,+913796603341,3.9,9509,200,Dhaba,"Bakery, Street Food, Pizza",Yes,No,"Burger, Pasta, Chicken Curry, Noodles, Biryani",Drinks,Sarjapur
R0099,Mittal Wadhwa and Anand ,https://www.zomato.com/bengaluru/restaurant-99,"181, BTM Layout, Bengaluru",BTM Layout,12.915327,77.602971,+914991251341,3.4,3049,500,Fine Dining,"Sandwich, Seafood",Yes,No,"Ice Cream, Idli, Cake, Burger, Chicken Curry",Lunch,BTM Layout
R0100,Mistry Chawla and Desai Cafe,https://www.zomato.com/bengaluru/restaurant-100,"36, Yelahanka, Bengaluru",Yelahanka,13.103393,77.598544,+912579050723,3.9,6340,1000,Takeaway,"Fast Food, Burger",No,No,"Pasta, Burger, Masala Dosa",Dinner,Yelahanka
R0101,D’Alia-Chhabra Cafe,https://www.zomato.com/bengaluru/restaurant-101,"44, Yelahanka, Bengaluru",Yelahanka,13.106804,77.594616,+917978819148,4.2,6060,1000,Dhaba,Chinese,Yes,No,"Fried Rice, Momos",Dinner,Yelahanka
R0102,Dugal Magar and Manda Kitchen,https://www.zomato.com/bengaluru/restaurant-102,"199, Domlur, Bengaluru",Domlur,12.952456,77.636455,+913395962923,3.9,3440,150,Takeaway,"Pizza, Desserts, South Indian",Yes,No,"Paneer Tikka, Cake, Dosa, Fried Rice, Chicken Curry",Cafes,Domlur
R0103,Kade Oza and Jani ,https://www.zomato.com/bengaluru/restaurant-103,"33, MG Road, Bengaluru",MG Road,12.976763,77.61441,+912325367294,5.0,10336,600,Delivery,"Desserts, Rolls, Cafe",No,Yes,"Pizza, Chicken Curry",Delivery,MG Road
R0104,Lalla Tiwari and Suresh ,https://www.zomato.com/bengaluru/restaurant-104,"179, Basavanagudi, Bengaluru",Basavanagudi,12.943068,77.568147,+915186363745,2.9,4696,500,Takeaway,"Street Food, Burger",Yes,No,"Biryani, Dosa, Veg Thali, Shake",Dinner,Basavanagudi
R0105,Behl-Chanda Restaurant,https://www.zomato.com/bengaluru/restaurant-105,"177, Rajajinagar, Bengaluru",Rajajinagar,13.002025,77.563868,+912424154152,5.0,898,600,Fine Dining,Italian,Yes,No,"Biryani, Idli, Burger, Fried Rice, Veg Thali",Desserts,Rajajinagar
R0106,Sampath Malhotra and Basu Eatery,https://www.zomato.com/bengaluru/restaurant-106,"3, Yelahanka, Bengaluru",Yelahanka,13.105165,77.602411,+910516271361,3.8,1728,200,Cafe,Biryani,Yes,No,"Dosa, Pizza, Fried Rice, Paneer Tikka, Shake",Dine-out,Yelahanka
R0107,Nath and Sons Cafe,https://www.zomato.com/bengaluru/restaurant-107,"185, Basavanagudi, Bengaluru",Basavanagudi,12.950804,77.582395,+913269731121,3.5,9709,600,Cafe,Continental,No,No,"Tandoori, Biryani",Dine-out,Basavanagudi
R0108,Lala Edwin and Sathe ,https://www.zomato.com/bengaluru/restaurant-108,"101, Marathahalli, Bengaluru",Marathahalli,12.952409,77.684927,+914037613791,3.6,8705,150,Cafe,"Desserts, North Indian, Rolls",Yes,Yes,"Tandoori, Pasta, Noodles",Lunch,Marathahalli
R0109,Sane Andra and Choudhury Kitchen,https://www.zomato.com/bengaluru/restaurant-109,"102, Shivajinagar, Bengaluru",Shivajinagar,12.984426,77.602391,+918486661889,4.2,2551,400,Quick Bites,Burger,Yes,Yes,"Biryani, Dosa",Desserts,Shivajinagar
R0110,Dixit PLC Eatery,https://www.zomato.com/bengaluru/restaurant-110,"30, Jayanagar, Bengaluru",Jayanagar,12.931892,77.580522,+917990421020,3.8,2734,800,Cafe,"Chinese, Desserts, Bakery",Yes,Yes,"Butter Chicken, Fried Rice, Dosa",Drinks,Jayanagar
R0111,Pingle PLC Eatery,https://www.zomato.com/bengaluru/restaurant-111,"117, Jayanagar, Bengaluru",Jayanagar,12.938293,77.595004,+918507925241,4.6,9452,200,Casual Dining,"Italian, North Indian, Seafood",Yes,Yes,"Paneer Tikka, Tandoori, Dosa, Pizza, Cake",Buffet,Jayanagar
R0112,Divan Sani and Datta Restaurant,https://www.zomato.com/bengaluru/restaurant-112,"83, Marathahalli, Bengaluru",Marathahalli,12.945479,77.693319,+913654195180,3.7,2988,300,Dhaba,Fast Food,Yes,No,"Pasta, Chicken Curry",Delivery,Marathahalli
R0113,Morar LLC Restaurant,https://www.zomato.com/bengaluru/restaurant-113,"119, Hebbal, Bengaluru",Hebbal,13.046781,77.605206,+915973832060,4.0,3867,1000,Cafe,"Seafood, Chinese",Yes,No,"Biryani, Cake, Noodles, Pizza, Momos",Buffet,Hebbal
R0114,Parmar and Sons Restaurant,https://www.zomato.com/bengaluru/restaurant-114,"183, Nagarbhavi, Bengaluru",Nagarbhavi,12.976019,77.51547,+914103865719,2.8,1615,1000,Casual Dining,"Desserts, Italian, Biryani",No,Yes,"Chicken Curry, Masala Dosa, Butter Chicken",Buffet,Nagarbhavi
R0115,Krish Chauhan and Pandya Bistro,https://www.zomato.com/bengaluru/restaurant-115,"28, Yelahanka, Bengaluru",Yelahanka,13.105373,77.585221,+912127756185,4.2,3451,800,Cafe,"Cafe, Seafood",No,No,"Shake, Pasta, Veg Thali, Pizza, Idli",Delivery,Yelahanka
R0116,Ray Dubey and Khalsa Eatery,https://www.zomato.com/bengaluru/restaurant-116,"132, HSR Layout, Bengaluru",HSR Layout,12.901328,77.644482,+910442067883,4.0,1601,800,Quick Bites,"South Indian, Biryani, Seafood",Yes,Yes,"Dosa, Fried Rice, Cake",Buffet,HSR Layout
R0117,Goel Group Restaurant,https://www.zomato.com/bengaluru/restaurant-117,"166, Indiranagar, Bengaluru",Indiranagar,12.988311,77.655277,+917215107029,5.0,7146,600,Delivery,Biryani,Yes,No,"Cake, Dosa, Paneer Tikka, Veg Thali, Chicken Curry",Lunch,Indiranagar
R0118,Gola Ltd Eatery,https://www.zomato.com/bengaluru/restaurant-118,"106, JP Nagar, Bengaluru",JP Nagar,12.903418,77.595449,+918701462638,4.7,4132,1000,Dhaba,"Cafe, Street Food",Yes,No,"Butter Chicken, Fried Rice, Momos",Drinks,JP Nagar
R0119,Sabharwal-Kothari Cafe,https://www.zomato.com/bengaluru/restaurant-119,"15, Banashankari, Bengaluru",Banashankari,12.926936,77.54634,+917859321334,4.0,8793,150,Dhaba,"Sandwich, Seafood, Mughlai",Yes,No,"Burger, Biryani, Shake, Momos",Lunch,Banashankari
R0120,Dutta-Chokshi ,https://www.zomato.com/bengaluru/restaurant-120,"180, Malleshwaram, Bengaluru",Malleshwaram,13.016156,77.582446,+915992937842,5.0,8085,150,Quick Bites,Fast Food,Yes,Yes,"Shake, Cake, Biryani",Desserts,Malleshwaram
R0121,Barad-Singhal Restaurant,https://www.zomato.com/bengaluru/restaurant-121,"199, Koramangala, Bengaluru",Koramangala,12.935993,77.609521,+911851569154,4.4,5335,250,Casual Dining,"Biryani, Continental, Seafood",No,No,"Shake, Butter Chicken, Biryani",Dinner,Koramangala
R0122,Iyengar Group Kitchen,https://www.zomato.com/bengaluru/restaurant-122,"180, Brookefield, Bengaluru",Brookefield,12.952619,77.719115,+919690295939,4.6,1755,800,Casual Dining,"Thai, Pizza, Fast Food",Yes,No,"Momos, Pasta, Pizza, Dosa, Cake",Delivery,Brookefield
R0123,Mody-Kari Cafe,https://www.zomato.com/bengaluru/restaurant-123,"28, Marathahalli, Bengaluru",Marathahalli,12.954504,77.691986,+910067626765,3.8,8996,600,Quick Bites,"Chinese, Seafood, Street Food",No,No,"Paneer Tikka, Noodles",Desserts,Marathahalli
R0124,Bajwa Ltd Kitchen,https://www.zomato.com/bengaluru/restaurant-124,"19, JP Nagar, Bengaluru",JP Nagar,12.906339,77.592176,+915262181599,4.0,7959,150,Delivery,Desserts,Yes,No,"Shake, Paneer Tikka",Lunch,JP Nagar
R0125,Rastogi LLC Eatery,https://www.zomato.com/bengaluru/restaurant-125,"40, JP Nagar, Bengaluru",JP Nagar,12.894407,77.578133,+910506149731,4.5,471,300,Casual Dining,Bakery,Yes,Yes,"Momos, Pasta, Fried Rice, Butter Chicken",Dinner,JP Nagar
R0126,Boase-Mallick Eatery,https://www.zomato.com/bengaluru/restaurant-126,"12, Whitefield, Bengaluru",Whitefield,12.964051,77.746824,+914774349021,4.0,1454,500,Dhaba,"Cafe, Chinese",No,No,"Burger, Cake, Ice Cream, Pasta, Dosa",Desserts,Whitefield
R0127,Upadhyay-Ratta Bistro,https://www.zomato.com/bengaluru/restaurant-127,"147, Domlur, Bengaluru",Domlur,12.94773,77.635313,+919217223320,3.6,6986,200,Fine Dining,"Bakery, Burger, Pizza",No,Yes,"Momos, Dosa, Ice Cream, Veg Thali, Chicken Curry",Dine-out,Domlur
R0128,Yadav Narula and Bala Bistro,https://www.zomato.com/bengaluru/restaurant-128,"118, MG Road, Bengaluru",MG Road,12.968337,77.632024,+910998616229,3.1,9682,1200,Dhaba,Chinese,Yes,Yes,"Pasta, Ice Cream, Shake, Chicken Curry, Pizza",Delivery,MG Road
R0129,Lal and Sons ,https://www.zomato.com/bengaluru/restaurant-129,"103, Electronic City, Bengaluru",Electronic City,12.850924,77.688404,+910653074505,4.3,5015,400,Cafe,"Cafe, Mughlai",No,No,"Masala Dosa, Butter Chicken, Burger, Pizza, Noodles",Delivery,Electronic City
R0130,Lanka Barad and Chopra Eatery,https://www.zomato.com/bengaluru/restaurant-130,"190, Marathahalli, Bengaluru",Marathahalli,12.948132,77.711627,+917850821486,4.4,2272,1000,Takeaway,"Seafood, Cafe",Yes,Yes,"Dosa, Noodles, Veg Thali, Idli, Chicken Curry",Desserts,Marathahalli
R0131,Saraf Pai and Murthy Kitchen,https://www.zomato.com/bengaluru/restaurant-131,"175, BTM Layout, Bengaluru",BTM Layout,12.926709,77.602585,+910357972798,2.9,5780,500,Casual Dining,"South Indian, Thai",Yes,No,"Paneer Tikka, Cake, Veg Thali",Delivery,BTM Layout
R0132,Vaidya-D’Alia ,https://www.zomato.com/bengaluru/restaurant-132,"3, Electronic City, Bengaluru",Electronic City,12.825724,77.66349,+917229034944,3.8,6993,600,Dhaba,"Biryani, Pizza, Sandwich",Yes,No,"Paneer Tikka, Chicken Curry, Biryani",Cafes,Electronic City
R0133,Gupta-Kumar Cafe,https://www.zomato.com/bengaluru/restaurant-133,"164, BTM Layout, Bengaluru",BTM Layout,12.915601,77.615416,+915444328309,4.0,6670,500,Fine Dining,"Mughlai, Italian, North Indian",Yes,No,"Pasta, Momos, Tandoori, Shake",Buffet,BTM Layout
R0134,Sarin Inc ,https://www.zomato.com/bengaluru/restaurant-134,"183, Brookefield, Bengaluru",Brookefield,12.958021,77.706768,+913875842824,3.9,1649,800,Casual Dining,"Mughlai, Rolls",Yes,No,"Noodles, Shake",Dine-out,Brookefield
R0135,Yohannan Hegde and Patla Eatery,https://www.zomato.com/bengaluru/restaurant-135,"31, KR Puram, Bengaluru",KR Puram,13.016988,77.699133,+917099917381,3.2,11202,600,Takeaway,Thai,Yes,No,"Momos, Chicken Curry, Shake",Buffet,KR Puram
R0136,Boase-Narayanan ,https://www.zomato.com/bengaluru/restaurant-136,"46, Jayanagar, Bengaluru",Jayanagar,12.919921,77.574809,+915007432927,4.4,1492,250,Takeaway,"Street Food, Continental",No,No,"Burger, Dosa, Masala Dosa, Pasta",Lunch,Jayanagar
R0137,Murthy Dash and Mital Kitchen,https://www.zomato.com/bengaluru/restaurant-137,"174, Basavanagudi, Bengaluru",Basavanagudi,12.940471,77.574122,+910335421689,3.8,5065,250,Quick Bites,South Indian,Yes,No,"Cake, Biryani, Shake",Cafes,Basavanagudi
R0138,More Rege and Narain Eatery,https://www.zomato.com/bengaluru/restaurant-138,"5, Hebbal, Bengaluru",Hebbal,13.042635,77.599891,+913323098215,3.1,11700,150,Delivery,"Bakery, Continental",Yes,No,"Masala Dosa, Cake, Noodles, Dosa",Buffet,Hebbal
R0139,Merchant-Datta ,https://www.zomato.com/bengaluru/restaurant-139,"176, MG Road, Bengaluru",MG Road,12.99044,77.624559,+910461849926,3.5,1768,1000,Fine Dining,"North Indian, South Indian, Italian",Yes,No,"Veg Thali, Ice Cream, Idli, Paneer Tikka, Pizza",Delivery,MG Road
R0140,Salvi Ltd Bistro,https://www.zomato.com/bengaluru/restaurant-140,"128, Whitefield, Bengaluru",Whitefield,12.969732,77.75317,+913753001197,3.9,2493,200,Dhaba,"Sandwich, Biryani",Yes,No,"Chicken Curry, Momos, Burger, Biryani",Delivery,Whitefield
R0141,Ghosh-Mitra Cafe,https://www.zomato.com/bengaluru/restaurant-141,"174, Bellandur, Bengaluru",Bellandur,12.93003,77.674103,+915611002255,4.6,7221,1200,Cafe,"Cafe, Street Food",Yes,No,"Idli, Burger",Drinks,Bellandur
R0142,Acharya-Modi ,https://www.zomato.com/bengaluru/restaurant-142,"16, JP Nagar, Bengaluru",JP Nagar,12.896215,77.580208,+912169797296,3.0,5925,1200,Quick Bites,"Cafe, Mughlai",Yes,No,"Chicken Curry, Burger, Idli, Dosa, Cake",Dinner,JP Nagar
R0143,Kade-Sani ,https://www.zomato.com/bengaluru/restaurant-143,"180, Whitefield, Bengaluru",Whitefield,12.981428,77.748121,+919163756289,4.3,944,150,Fine Dining,Cafe,Yes,No,"Biryani, Tandoori, Fried Rice, Shake",Dinner,Whitefield
R0144,Nagy Shroff and Sathe ,https://www.zomato.com/bengaluru/restaurant-144,"97, Banashankari, Bengaluru",Banashankari,12.936682,77.534046,+916317797177,3.3,5228,200,Delivery,"Seafood, Pizza",Yes,Yes,"Paneer Tikka, Butter Chicken, Fried Rice, Pasta",Lunch,Banashankari
R0145,Kala-Vaidya Eatery,https://www.zomato.com/bengaluru/restaurant-145,"85, Yelahanka, Bengaluru",Yelahanka,13.086575,77.597773,+918997571130,4.3,5642,500,Dhaba,Desserts,Yes,No,"Veg Thali, Shake, Cake",Drinks,Yelahanka
R0146,Gara-Chad Restaurant,https://www.zomato.com/bengaluru/restaurant-146,"31, Bommanahalli, Bengaluru",Bommanahalli,12.88469,77.630806,+916373516091,2.8,7431,800,Fine Dining,"Continental, Bakery",Yes,No,"Paneer Tikka, Noodles",Buffet,Bommanahalli
R0147,Varma-Nayak Cafe,https://www.zomato.com/bengaluru/restaurant-147,"130, Sarjapur, Bengaluru",Sarjapur,12.868486,77.688197,+916693465472,3.2,2313,600,Takeaway,"Burger, Sandwich",Yes,No,"Burger, Pizza, Idli",Drinks,Sarjapur
R0148,Keer Ltd ,https://www.zomato.com/bengaluru/restaurant-148,"167, Bommanahalli, Bengaluru",Bommanahalli,12.903605,77.620507,+912885158799,4.3,10980,600,Fine Dining,Biryani,Yes,No,"Momos, Cake, Pizza",Buffet,Bommanahalli
R0149,Kar-Issac Kitchen,https://www.zomato.com/bengaluru/restaurant-149,"177, Sarjapur, Bengaluru",Sarjapur,12.849594,77.683026,+914380571983,3.7,10652,1000,Delivery,South Indian,Yes,No,"Paneer Tikka, Burger, Momos",Cafes,Sarjapur
R0150,Bakshi Inc Restaurant,https://www.zomato.com/bengaluru/restaurant-150,"159, Bommanahalli, Bengaluru",Bommanahalli,12.901435,77.631695,+917359893347,3.5,2956,200,Casual Dining,"Bakery, Seafood",Yes,No,"Biryani, Paneer Tikka",Delivery,Bommanahalli
R0151,Soman PLC Cafe,https://www.zomato.com/bengaluru/restaurant-151,"153, Basavanagudi, Bengaluru",Basavanagudi,12.928819,77.568173,+910947985158,4.0,3653,250,Takeaway,"Continental, Fast Food",Yes,No,"Biryani, Shake, Veg Thali, Cake",Dine-out,Basavanagudi
R0152,Shah Group Bistro,https://www.zomato.com/bengaluru/restaurant-152,"136, Yelahanka, Bengaluru",Yelahanka,13.101792,77.593403,+917801573993,3.7,703,500,Delivery,"Pizza, Biryani",Yes,No,"Shake, Cake, Momos, Idli",Cafes,Yelahanka
R0153,Hayer Rajagopalan and Talwar Bistro,https://www.zomato.com/bengaluru/restaurant-153,"137, Domlur, Bengaluru",Domlur,12.967619,77.624441,+910133613861,4.0,11290,250,Quick Bites,"Thai, Sandwich, Street Food",No,No,"Butter Chicken, Momos, Noodles, Burger, Paneer Tikka",Drinks,Domlur
R0154,Kohli-Divan Eatery,https://www.zomato.com/bengaluru/restaurant-154,"162, Indiranagar, Bengaluru",Indiranagar,12.966026,77.627428,+916650618091,3.9,9644,150,Fine Dining,"Rolls, Chinese",Yes,No,"Paneer Tikka, Chicken Curry, Ice Cream",Delivery,Indiranagar
R0155,Ahluwalia Chhabra and Sandal Eatery,https://www.zomato.com/bengaluru/restaurant-155,"140, Electronic City, Bengaluru",Electronic City,12.848507,77.671041,+914245088210,3.5,132,1200,Takeaway,Desserts,No,No,"Ice Cream, Pasta, Biryani, Fried Rice, Dosa",Delivery,Electronic City
R0156,Goda Ltd Bistro,https://www.zomato.com/bengaluru/restaurant-156,"65, Electronic City, Bengaluru",Electronic City,12.831202,77.684243,+913129087814,3.7,11054,200,Cafe,"Thai, Biryani, Bakery",Yes,Yes,"Burger, Pasta, Fried Rice",Dinner,Electronic City
R0157,Shetty Bedi and Krish Cafe,https://www.zomato.com/bengaluru/restaurant-157,"178, Rajajinagar, Bengaluru",Rajajinagar,12.985914,77.561139,+919299556205,3.0,4083,300,Fine Dining,Italian,No,No,"Dosa, Noodles, Shake, Fried Rice",Drinks,Rajajinagar
R0158,Shan and Sons ,https://www.zomato.com/bengaluru/restaurant-158,"156, Jayanagar, Bengaluru",Jayanagar,12.936187,77.578747,+911428341108,4.1,10398,150,Dhaba,"Street Food, Rolls",No,No,"Momos, Masala Dosa, Idli, Dosa",Desserts,Jayanagar
R0159,Wali-Nadig Bistro,https://www.zomato.com/bengaluru/restaurant-159,"3, Indiranagar, Bengaluru",Indiranagar,12.979948,77.642104,+913928272299,3.2,10853,250,Fine Dining,"Burger, Continental, Thai",No,No,"Fried Rice, Momos, Pizza, Pasta, Paneer Tikka",Buffet,Indiranagar
R0160,Thaman-Sandhu Cafe,https://www.zomato.com/bengaluru/restaurant-160,"100, Marathahalli, Bengaluru",Marathahalli,12.966944,77.689352,+917700518449,3.8,8968,1200,Casual Dining,"Thai, Pizza",No,No,"Noodles, Tandoori",Lunch,Marathahalli
R0161,Sehgal Dutt and Soman Eatery,https://www.zomato.com/bengaluru/restaurant-161,"155, Malleshwaram, Bengaluru",Malleshwaram,13.00573,77.579647,+910827231843,4.0,2511,250,Casual Dining,Sandwich,Yes,No,"Ice Cream, Fried Rice, Pasta, Burger",Delivery,Malleshwaram
R0162,Lad-Kota Kitchen,https://www.zomato.com/bengaluru/restaurant-162,"33, KR Puram, Bengaluru",KR Puram,12.99691,77.703835,+919922809202,3.3,4281,250,Takeaway,"Italian, Burger, Sandwich",No,No,"Noodles, Burger, Chicken Curry, Biryani, Idli",Buffet,KR Puram
R0163,Malhotra Verma and Sundaram Bistro,https://www.zomato.com/bengaluru/restaurant-163,"197, Bannerghatta Road, Bengaluru",Bannerghatta Road,12.878239,77.605239,+912984257991,3.5,3815,600,Delivery,Biryani,Yes,Yes,"Masala Dosa, Pasta, Burger, Idli, Chicken Curry",Buffet,Bannerghatta Road
R0164,Khare Maharaj and Sarraf Kitchen,https://www.zomato.com/bengaluru/restaurant-164,"124, BTM Layout, Bengaluru",BTM Layout,12.917281,77.62238,+912980686508,4.0,7078,300,Dhaba,"Bakery, Continental, Italian",No,No,"Masala Dosa, Butter Chicken, Idli",Drinks,BTM Layout
R0165,Mangal and Sons Cafe,https://www.zomato.com/bengaluru/restaurant-165,"49, Shivajinagar, Bengaluru",Shivajinagar,12.995939,77.613236,+910098180635,3.2,6748,500,Quick Bites,"Italian, Bakery, Continental",Yes,No,"Masala Dosa, Fried Rice, Dosa, Pizza",Cafes,Shivajinagar
R0166,Nayak-Nagarajan Cafe,https://www.zomato.com/bengaluru/restaurant-166,"144, Bellandur, Bengaluru",Bellandur,12.936349,77.673107,+918744956213,3.4,7367,250,Quick Bites,"Cafe, Mughlai",Yes,No,"Chicken Curry, Masala Dosa, Burger",Lunch,Bellandur
R0167,Buch Devi and Dora Kitchen,https://www.zomato.com/bengaluru/restaurant-167,"17, Rajajinagar, Bengaluru",Rajajinagar,12.999226,77.559421,+914351906698,3.0,4743,1200,Quick Bites,"South Indian, Fast Food, Mughlai",Yes,No,"Dosa, Pizza",Dinner,Rajajinagar
R0168,Rajagopal Ltd Restaurant,https://www.zomato.com/bengaluru/restaurant-168,"168, Hebbal, Bengaluru",Hebbal,13.021121,77.607517,+910214656693,3.9,8532,150,Fine Dining,"Desserts, Biryani, South Indian",Yes,Yes,"Burger, Butter Chicken, Cake",Cafes,Hebbal
R0169,Kala Inc Eatery,https://www.zomato.com/bengaluru/restaurant-169,"130, Bannerghatta Road, Bengaluru",Bannerghatta Road,12.881293,77.60805,+911818451848,3.4,9469,400,Fine Dining,"Thai, Cafe",No,No,"Noodles, Veg Thali, Ice Cream",Dinner,Bannerghatta Road
R0170,Reddy-Narayanan Restaurant,https://www.zomato.com/bengaluru/restaurant-170,"174, Nagarbhavi, Bengaluru",Nagarbhavi,12.963598,77.50019,+913565880434,3.6,1573,600,Fine Dining,"Street Food, North Indian",Yes,Yes,"Idli, Paneer Tikka, Dosa, Noodles, Shake",Dine-out,Nagarbhavi
R0171,Shukla Sagar and Bhatia Restaurant,https://www.zomato.com/bengaluru/restaurant-171,"159, Banashankari, Bengaluru",Banashankari,12.920016,77.538357,+915211179080,3.9,7951,500,Takeaway,"Cafe, Fast Food, Biryani",Yes,No,"Noodles, Fried Rice, Tandoori, Chicken Curry, Pizza",Cafes,Banashankari
R0172,Salvi Group Eatery,https://www.zomato.com/bengaluru/restaurant-172,"139, Banashankari, Bengaluru",Banashankari,12.916086,77.554728,+910856271875,4.2,11342,150,Quick Bites,"Cafe, Mughlai, Pizza",Yes,No,"Butter Chicken, Tandoori, Chicken Curry",Delivery,Banashankari
R0173,Bahri Rai and Sood Eatery,https://www.zomato.com/bengaluru/restaurant-173,"54, Rajajinagar, Bengaluru",Rajajinagar,12.986048,77.566855,+916556472929,3.6,11289,300,Dhaba,Rolls,Yes,No,"Fried Rice, Paneer Tikka, Masala Dosa, Momos",Cafes,Rajajinagar
R0174,Pandey LLC Eatery,https://www.zomato.com/bengaluru/restaurant-174,"128, Marathahalli, Bengaluru",Marathahalli,12.96076,77.708089,+912885744890,4.1,6577,200,Fine Dining,Continental,Yes,Yes,"Masala Dosa, Biryani, Burger",Desserts,Marathahalli
R0175,Saini-Yohannan ,https://www.zomato.com/bengaluru/restaurant-175,"156, Bellandur, Bengaluru",Bellandur,12.924996,77.679296,+913998245587,3.3,7372,200,Delivery,"Seafood, Cafe",Yes,No,"Cake, Paneer Tikka, Pasta, Biryani",Dine-out,Bellandur
R0176,Kannan Sura and Kanda Restaurant,https://www.zomato.com/bengaluru/restaurant-176,"81, JP Nagar, Bengaluru",JP Nagar,12.912017,77.596057,+915449647598,4.1,7427,600,Casual Dining,"Mughlai, Chinese",Yes,Yes,"Burger, Shake",Dine-out,JP Nagar
R0177,Sarin-Sunder Eatery,https://www.zomato.com/bengaluru/restaurant-177,"135, Bannerghatta Road, Bengaluru",Bannerghatta Road,12.863439,77.588149,+911149216433,3.7,4705,800,Fine Dining,"Chinese, Biryani, Fast Food",Yes,Yes,"Idli, Pasta, Dosa, Veg Thali, Fried Rice",Dine-out,Bannerghatta Road
R0178,Ramachandran LLC Bistro,https://www.zomato.com/bengaluru/restaurant-178,"46, Koramangala, Bengaluru",Koramangala,12.921255,77.620205,+919979688457,3.8,8891,300,Dhaba,"Burger, Street Food",Yes,No,"Pasta, Veg Thali, Pizza, Cake",Cafes,Koramangala
R0179,Ravel Gandhi and Sibal Eatery,https://www.zomato.com/bengaluru/restaurant-179,"194, Malleshwaram, Bengaluru",Malleshwaram,13.000466,77.557372,+917406493085,2.9,3139,600,Takeaway,North Indian,No,No,"Cake, Momos, Masala Dosa",Desserts,Malleshwaram
R0180,Walla Inc Bistro,https://www.zomato.com/bengaluru/restaurant-180,"196, JP Nagar, Bengaluru",JP Nagar,12.914248,77.58758,+919448463122,3.6,4794,200,Fine Dining,"Pizza, Cafe",No,No,"Chicken Curry, Fried Rice",Dinner,JP Nagar
R0181,Bala-Chacko Cafe,https://www.zomato.com/bengaluru/restaurant-181,"33, Bellandur, Bengaluru",Bellandur,12.931714,77.67516,+917031207356,3.9,5154,800,Cafe,"North Indian, Continental",No,No,"Pasta, Biryani",Buffet,Bellandur
R0182,Sangha Deshmukh and Shenoy Restaurant,https://www.zomato.com/bengaluru/restaurant-182,"65, Rajajinagar, Bengaluru",Rajajinagar,12.977607,77.563517,+916013673037,4.1,1589,1000,Fine Dining,South Indian,Yes,No,"Ice Cream, Dosa, Masala Dosa, Tandoori",Lunch,Rajajinagar
R0183,Bedi LLC Kitchen,https://www.zomato.com/bengaluru/restaurant-183,"171, KR Puram, Bengaluru",KR Puram,13.018836,77.707586,+913136502491,3.5,6534,300,Quick Bites,South Indian,Yes,No,"Paneer Tikka, Masala Dosa",Dinner,KR Puram
R0184,Narang-Kakar ,https://www.zomato.com/bengaluru/restaurant-184,"16, Bommanahalli, Bengaluru",Bommanahalli,12.899386,77.615042,+910528127358,3.5,10611,500,Dhaba,Pizza,No,No,"Masala Dosa, Dosa, Shake",Desserts,Bommanahalli
R0185,Narain-Nazareth Eatery,https://www.zomato.com/bengaluru/restaurant-185,"49, Koramangala, Bengaluru",Koramangala,12.940877,77.620245,+919285574982,3.1,1178,1000,Casual Dining,Cafe,No,No,"Masala Dosa, Veg Thali",Cafes,Koramangala
R0186,Mall-Sama Cafe,https://www.zomato.com/bengaluru/restaurant-186,"185, Domlur, Bengaluru",Domlur,12.956913,77.623722,+911863878294,3.5,5335,600,Fine Dining,"Sandwich, Mughlai, Fast Food",Yes,Yes,"Cake, Fried Rice",Delivery,Domlur
R0187,Bumb-Singhal Bistro,https://www.zomato.com/bengaluru/restaurant-187,"165, Sarjapur, Bengaluru",Sarjapur,12.866167,77.672913,+916789940539,3.5,11811,200,Quick Bites,Fast Food,Yes,No,"Noodles, Idli",Dinner,Sarjapur
R0188,Zacharia Inc Kitchen,https://www.zomato.com/bengaluru/restaurant-188,"78, HSR Layout, Bengaluru",HSR Layout,12.910642,77.643068,+911381138633,3.8,8671,300,Takeaway,"Rolls, Bakery",Yes,No,"Butter Chicken, Paneer Tikka, Pasta, Cake",Lunch,HSR Layout
R0189,Kapur-Biswas ,https://www.zomato.com/bengaluru/restaurant-189,"41, Bannerghatta Road, Bengaluru",Bannerghatta Road,12.859565,77.599759,+918975585566,3.1,11942,500,Takeaway,"Street Food, Bakery",Yes,No,"Burger, Pasta",Desserts,Bannerghatta Road
R0190,Baria Balasubramanian and Kota Kitchen,https://www.zomato.com/bengaluru/restaurant-190,"133, Basavanagudi, Bengaluru",Basavanagudi,12.950571,77.587584,+912404335048,3.6,8426,1000,Takeaway,"Thai, Street Food",Yes,Yes,"Ice Cream, Biryani, Butter Chicken, Pizza, Momos",Buffet,Basavanagudi
R0191,Bahri PLC ,https://www.zomato.com/bengaluru/restaurant-191,"84, Hebbal, Bengaluru",Hebbal,13.03147,77.586152,+917279194096,4.6,1335,150,Dhaba,"Pizza, Rolls",Yes,No,"Momos, Dosa, Ice Cream, Pasta",Lunch,Hebbal
R0192,Khare and Sons Bistro,https://www.zomato.com/bengaluru/restaurant-192,"39, Yelahanka, Bengaluru",Yelahanka,13.113407,77.584916,+915832067998,3.3,1525,300,Delivery,North Indian,Yes,No,"Butter Chicken, Momos, Pasta, Burger, Paneer Tikka",Dine-out,Yelahanka
R0193,Contractor-Kamdar Restaurant,https://www.zomato.com/bengaluru/restaurant-193,"124, Jayanagar, Bengaluru",Jayanagar,12.925885,77.583076,+918376938983,2.9,4020,200,Cafe,"South Indian, Mughlai, Cafe",No,No,"Ice Cream, Tandoori",Delivery,Jayanagar
R0194,Kunda-Pillay Bistro,https://www.zomato.com/bengaluru/restaurant-194,"114, Whitefield, Bengaluru",Whitefield,12.974952,77.747606,+919270335211,4.2,943,300,Takeaway,"Biryani, Seafood",Yes,No,"Biryani, Momos, Burger, Masala Dosa",Buffet,Whitefield
R0195,Contractor and Sons Eatery,https://www.zomato.com/bengaluru/restaurant-195,"160, Rajajinagar, Bengaluru",Rajajinagar,12.996014,77.544338,+912069804204,3.3,3338,1200,Cafe,"Burger, North Indian",Yes,No,"Noodles, Pasta, Tandoori, Paneer Tikka",Buffet,Rajajinagar
R0196,Chokshi-Bal ,https://www.zomato.com/bengaluru/restaurant-196,"26, HSR Layout, Bengaluru",HSR Layout,12.908259,77.632039,+915798123878,3.7,11723,150,Quick Bites,"Thai, Italian, North Indian",Yes,No,"Ice Cream, Fried Rice, Pasta, Paneer Tikka",Cafes,HSR Layout
R0197,Prashad-Ranganathan Cafe,https://www.zomato.com/bengaluru/restaurant-197,"100, Rajajinagar, Bengaluru",Rajajinagar,12.989898,77.563332,+910843256216,3.8,8581,1200,Dhaba,Thai,Yes,No,"Cake, Momos, Fried Rice, Paneer Tikka",Desserts,Rajajinagar
R0198,Issac Borra and Kibe Cafe,https://www.zomato.com/bengaluru/restaurant-198,"177, Shivajinagar, Bengaluru",Shivajinagar,12.976382,77.615116,+918262925188,4.0,11837,200,Casual Dining,"Seafood, Street Food, Continental",Yes,Yes,"Pizza, Noodles, Pasta",Buffet,Shivajinagar
R0199,Mitra Ltd Bistro,https://www.zomato.com/bengaluru/restaurant-199,"158, Nagarbhavi, Bengaluru",Nagarbhavi,12.965861,77.519187,+914999393305,4.2,1352,800,Casual Dining,"Desserts, Street Food",No,No,"Pizza, Noodles, Idli, Dosa",Drinks,Nagarbhavi
R0200,Dara Barman and Palan Kitchen,https://www.zomato.com/bengaluru/restaurant-200,"70, JP Nagar, Bengaluru",JP Nagar,12.918364,77.582943,+916333127975,4.7,7546,300,Delivery,Fast Food,No,Yes,"Fried Rice, Butter Chicken, Chicken Curry",Lunch,JP Nagar
R0201,Sangha Prabhakar and Biswas Restaurant,https://www.zomato.com/bengaluru/restaurant-201,"133, Bannerghatta Road, Bengaluru",Bannerghatta Road,12.865787,77.598945,+918608680347,3.9,6571,400,Dhaba,"Rolls, Sandwich, South Indian",Yes,No,"Veg Thali, Pasta",Dine-out,Bannerghatta Road
R0202,Om Arora and Salvi Bistro,https://www.zomato.com/bengaluru/restaurant-202,"179, Yelahanka, Bengaluru",Yelahanka,13.094333,77.608871,+918266570279,3.6,11725,300,Delivery,"Sandwich, Continental, Street Food",Yes,No,"Dosa, Tandoori, Idli, Pasta, Ice Cream",Drinks,Yelahanka
R0203,Cherian-Sant ,https://www.zomato.com/bengaluru/restaurant-203,"99, Bommanahalli, Bengaluru",Bommanahalli,12.900957,77.625244,+918926860259,3.6,10855,250,Casual Dining,Italian,Yes,Yes,"Idli, Veg Thali",Buffet,Bommanahalli
R0204,Sharaf-Dua Kitchen,https://www.zomato.com/bengaluru/restaurant-204,"160, Yelahanka, Bengaluru",Yelahanka,13.094742,77.603205,+914077780973,3.6,3603,1200,Fine Dining,"Desserts, Fast Food",No,No,"Pizza, Noodles",Lunch,Yelahanka
R0205,Goda-Vig Kitchen,https://www.zomato.com/bengaluru/restaurant-205,"38, Hebbal, Bengaluru",Hebbal,13.023182,77.600003,+910994510162,4.3,2693,400,Takeaway,Rolls,Yes,No,"Pasta, Noodles, Butter Chicken, Dosa",Drinks,Hebbal
R0206,Madan Yohannan and Sule Kitchen,https://www.zomato.com/bengaluru/restaurant-206,"178, Indiranagar, Bengaluru",Indiranagar,12.966194,77.634779,+914586833901,4.5,9411,1000,Quick Bites,"Mughlai, Chinese",No,No,"Pasta, Dosa, Momos, Fried Rice, Tandoori",Cafes,Indiranagar
R0207,Sarin-Loyal Kitchen,https://www.zomato.com/bengaluru/restaurant-207,"120, Yelahanka, Bengaluru",Yelahanka,13.103765,77.590795,+911396605583,3.8,235,300,Fine Dining,"Thai, Continental, Burger",Yes,No,"Masala Dosa, Burger, Fried Rice, Cake, Pizza",Delivery,Yelahanka
R0208,Korpal-Chadha Restaurant,https://www.zomato.com/bengaluru/restaurant-208,"50, Electronic City, Bengaluru",Electronic City,12.833909,77.6785,+915577027278,3.8,5540,800,Dhaba,Italian,No,No,"Shake, Ice Cream, Biryani, Chicken Curry",Buffet,Electronic City
R0209,Seshadri-Kohli Kitchen,https://www.zomato.com/bengaluru/restaurant-209,"87, Sarjapur, Bengaluru",Sarjapur,12.85538,77.693349,+916829962914,4.3,11605,500,Fine Dining,"Rolls, North Indian",Yes,No,"Shake, Cake, Dosa",Lunch,Sarjapur
R0210,Raghavan-Nayar Kitchen,https://www.zomato.com/bengaluru/restaurant-210,"200, HSR Layout, Bengaluru",HSR Layout,12.911512,77.631029,+913178078235,3.7,7971,1000,Cafe,"Desserts, Biryani",Yes,Yes,"Burger, Idli, Cake, Ice Cream",Delivery,HSR Layout
R0211,Talwar LLC Bistro,https://www.zomato.com/bengaluru/restaurant-211,"23, Sarjapur, Bengaluru",Sarjapur,12.866702,77.675582,+915701840943,4.6,5307,300,Casual Dining,"South Indian, Street Food, Mughlai",Yes,No,"Biryani, Momos",Drinks,Sarjapur
R0212,Sura and Sons Bistro,https://www.zomato.com/bengaluru/restaurant-212,"90, Nagarbhavi, Bengaluru",Nagarbhavi,12.969533,77.49353,+918542493214,3.4,10097,500,Takeaway,Fast Food,No,Yes,"Idli, Biryani, Pasta, Masala Dosa",Dine-out,Nagarbhavi
R0213,Kuruvilla-Oak Bistro,https://www.zomato.com/bengaluru/restaurant-213,"162, Koramangala, Bengaluru",Koramangala,12.934322,77.629765,+917954538179,3.1,2209,200,Dhaba,Mughlai,No,Yes,"Dosa, Chicken Curry",Dinner,Koramangala
R0214,Majumdar-Anne Eatery,https://www.zomato.com/bengaluru/restaurant-214,"47, Electronic City, Bengaluru",Electronic City,12.845434,77.683306,+915577017157,4.4,7606,250,Cafe,"Burger, Pizza",Yes,No,"Pizza, Paneer Tikka, Cake",Dine-out,Electronic City
R0215,Halder Chada and Khurana Bistro,https://www.zomato.com/bengaluru/restaurant-215,"63, Sarjapur, Bengaluru",Sarjapur,12.849488,77.696127,+918276153966,3.3,9343,500,Takeaway,Seafood,Yes,Yes,"Momos, Veg Thali",Delivery,Sarjapur
R0216,Ray Suresh and Khosla Cafe,https://www.zomato.com/bengaluru/restaurant-216,"104, Bannerghatta Road, Bengaluru",Bannerghatta Road,12.884326,77.597826,+911919657013,4.2,2326,1200,Dhaba,"Italian, Street Food",Yes,Yes,"Pasta, Idli, Veg Thali, Dosa",Dine-out,Bannerghatta Road
R0217,Soni Swaminathan and Sem Kitchen,https://www.zomato.com/bengaluru/restaurant-217,"150, Hebbal, Bengaluru",Hebbal,13.036738,77.593699,+910986240580,4.3,63,1000,Dhaba,"Street Food, Biryani, Sandwich",Yes,Yes,"Momos, Pasta, Chicken Curry, Cake",Cafes,Hebbal
R0218,Chander LLC Eatery,https://www.zomato.com/bengaluru/restaurant-218,"36, Koramangala, Bengaluru",Koramangala,12.927257,77.630567,+913865624220,3.7,1225,150,Casual Dining,"Seafood, Mughlai",No,No,"Ice Cream, Chicken Curry, Noodles, Shake, Dosa",Lunch,Koramangala
R0219,Ravel Ltd Cafe,https://www.zomato.com/bengaluru/restaurant-219,"58, Jayanagar, Bengaluru",Jayanagar,12.91834,77.588067,+912690973846,3.2,8998,1200,Cafe,"Street Food, Bakery",Yes,Yes,"Veg Thali, Tandoori, Chicken Curry",Dinner,Jayanagar
R0220,Mohan Ltd ,https://www.zomato.com/bengaluru/restaurant-220,"190, Bommanahalli, Bengaluru",Bommanahalli,12.892557,77.621308,+911894905807,3.6,7488,1000,Delivery,"Chinese, Continental, Cafe",Yes,No,"Tandoori, Dosa, Pasta, Idli, Fried Rice",Drinks,Bommanahalli
R0221,Pillay Solanki and Wali Kitchen,https://www.zomato.com/bengaluru/restaurant-221,"33, Electronic City, Bengaluru",Electronic City,12.833576,77.66306,+918144294440,3.4,1877,1200,Casual Dining,"Desserts, Cafe, South Indian",Yes,No,"Burger, Butter Chicken, Momos, Ice Cream, Cake",Dinner,Electronic City
R0222,Sandal-Narayanan Restaurant,https://www.zomato.com/bengaluru/restaurant-222,"153, Malleshwaram, Bengaluru",Malleshwaram,13.012335,77.560538,+912766372395,3.5,940,400,Dhaba,"Pizza, Burger, Fast Food",Yes,Yes,"Shake, Dosa",Dine-out,Malleshwaram
R0223,Setty-Madan Eatery,https://www.zomato.com/bengaluru/restaurant-223,"98, Hebbal, Bengaluru",Hebbal,13.032762,77.591041,+915801856945,3.3,4479,400,Dhaba,"Rolls, Pizza, Mughlai",Yes,No,"Masala Dosa, Paneer Tikka, Pizza, Tandoori, Chicken Curry",Lunch,Hebbal
R0224,Krishnamurthy-Kashyap Kitchen,https://www.zomato.com/bengaluru/restaurant-224,"4, Hebbal, Bengaluru",Hebbal,13.043995,77.604473,+916181753443,4.0,607,150,Takeaway,"Biryani, Sandwich, Seafood",Yes,Yes,"Shake, Biryani, Tandoori",Desserts,Hebbal
R0225,Hans LLC Eatery,https://www.zomato.com/bengaluru/restaurant-225,"170, MG Road, Bengaluru",MG Road,12.979742,77.625942,+911746542140,3.6,6321,600,Cafe,Chinese,Yes,No,"Ice Cream, Burger, Idli",Cafes,MG Road
R0226,Wason Ltd Bistro,https://www.zomato.com/bengaluru/restaurant-226,"197, JP Nagar, Bengaluru",JP Nagar,12.906017,77.582952,+916391741011,3.4,9410,400,Dhaba,Mughlai,No,Yes,"Masala Dosa, Idli, Pizza",Dinner,JP Nagar
R0227,Handa and Sons Eatery,https://www.zomato.com/bengaluru/restaurant-227,"123, Jayanagar, Bengaluru",Jayanagar,12.935386,77.568826,+916618306719,4.7,8820,500,Cafe,Mughlai,Yes,No,"Pizza, Shake, Ice Cream, Momos",Buffet,Jayanagar
R0228,Sule Malhotra and Vohra ,https://www.zomato.com/bengaluru/restaurant-228,"52, Brookefield, Bengaluru",Brookefield,12.97301,77.717312,+912806346157,3.8,1440,800,Fine Dining,"Rolls, Seafood",Yes,Yes,"Veg Thali, Momos",Buffet,Brookefield
R0229,Mandal Chaudhry and Hari Kitchen,https://www.zomato.com/bengaluru/restaurant-229,"10, BTM Layout, Bengaluru",BTM Layout,12.902361,77.624992,+915050613878,4.4,2490,1200,Casual Dining,Burger,Yes,Yes,"Dosa, Momos, Masala Dosa, Paneer Tikka, Chicken Curry",Dine-out,BTM Layout
R0230,Karan-Patel Cafe,https://www.zomato.com/bengaluru/restaurant-230,"25, Banashankari, Bengaluru",Banashankari,12.930215,77.545937,+917929111799,2.4,3663,200,Dhaba,"South Indian, Pizza, Continental",Yes,No,"Burger, Butter Chicken",Drinks,Banashankari
R0231,Mittal Inc Eatery,https://www.zomato.com/bengaluru/restaurant-231,"44, Bannerghatta Road, Bengaluru",Bannerghatta Road,12.876752,77.590327,+915827390219,4.2,6212,250,Quick Bites,"Rolls, Continental, Seafood",No,Yes,"Butter Chicken, Burger, Shake",Buffet,Bannerghatta Road
R0232,Walla Date and Mahal Bistro,https://www.zomato.com/bengaluru/restaurant-232,"116, Koramangala, Bengaluru",Koramangala,12.925582,77.612174,+916329092791,4.0,10325,400,Cafe,"Desserts, Bakery, Burger",No,Yes,"Noodles, Pizza, Paneer Tikka",Desserts,Koramangala
R0233,Bhagat PLC Restaurant,https://www.zomato.com/bengaluru/restaurant-233,"176, BTM Layout, Bengaluru",BTM Layout,12.905125,77.611006,+917722005436,4.1,4168,500,Takeaway,Thai,No,Yes,"Veg Thali, Noodles, Paneer Tikka",Delivery,BTM Layout
R0234,Date-Swaminathan ,https://www.zomato.com/bengaluru/restaurant-234,"114, Bannerghatta Road, Bengaluru",Bannerghatta Road,12.857974,77.596721,+919956353153,3.9,1656,300,Fine Dining,North Indian,No,Yes,"Tandoori, Idli, Dosa, Veg Thali, Pasta",Lunch,Bannerghatta Road
R0235,Arora PLC ,https://www.zomato.com/bengaluru/restaurant-235,"50, Marathahalli, Bengaluru",Marathahalli,12.946306,77.699953,+915435209042,3.6,1870,800,Delivery,Bakery,No,Yes,"Noodles, Veg Thali, Burger",Drinks,Marathahalli
R0236,Singh-Srinivas Eatery,https://www.zomato.com/bengaluru/restaurant-236,"72, Marathahalli, Bengaluru",Marathahalli,12.970692,77.700509,+910633569392,4.0,9449,150,Delivery,"Fast Food, Pizza, Chinese",Yes,Yes,"Tandoori, Masala Dosa, Noodles, Momos, Fried Rice",Dinner,Marathahalli
R0237,Oak-Gour Restaurant,https://www.zomato.com/bengaluru/restaurant-237,"34, Bannerghatta Road, Bengaluru",Bannerghatta Road,12.879458,77.581609,+915431074279,4.8,9612,150,Delivery,"Mughlai, Burger, Italian",No,Yes,"Masala Dosa, Fried Rice, Dosa, Paneer Tikka, Ice Cream",Lunch,Bannerghatta Road
R0238,Krishnan Group Cafe,https://www.zomato.com/bengaluru/restaurant-238,"179, JP Nagar, Bengaluru",JP Nagar,12.916496,77.579313,+919893195085,3.9,894,200,Delivery,"North Indian, Chinese",Yes,No,"Shake, Tandoori, Butter Chicken, Pizza, Noodles",Buffet,JP Nagar
R0239,Bhattacharyya Group ,https://www.zomato.com/bengaluru/restaurant-239,"54, Malleshwaram, Bengaluru",Malleshwaram,12.999093,77.572145,+913554864015,4.5,5706,800,Delivery,"Chinese, Biryani, Continental",Yes,No,"Fried Rice, Idli, Masala Dosa, Cake",Cafes,Malleshwaram
R0240,Borah-Bera Restaurant,https://www.zomato.com/bengaluru/restaurant-240,"74, Hebbal, Bengaluru",Hebbal,13.039429,77.605997,+911124127238,3.5,10327,150,Cafe,"Chinese, Biryani, Street Food",No,No,"Dosa, Ice Cream",Dine-out,Hebbal
R0241,Dixit PLC Cafe,https://www.zomato.com/bengaluru/restaurant-241,"106, Banashankari, Bengaluru",Banashankari,12.921001,77.545116,+919557988774,4.2,9343,250,Dhaba,"North Indian, Desserts, Biryani",Yes,Yes,"Biryani, Fried Rice",Cafes,Banashankari
R0242,Chada-Kothari Restaurant,https://www.zomato.com/bengaluru/restaurant-242,"183, Marathahalli, Bengaluru",Marathahalli,12.958627,77.711522,+918422223105,3.2,9463,250,Delivery,Continental,Yes,No,"Momos, Veg Thali, Burger, Pasta",Dine-out,Marathahalli
R0243,Saha PLC Eatery,https://www.zomato.com/bengaluru/restaurant-243,"197, BTM Layout, Bengaluru",BTM Layout,12.918475,77.596141,+912752088547,4.3,4798,1200,Fine Dining,"Thai, Continental",Yes,No,"Veg Thali, Burger, Momos, Butter Chicken",Dinner,BTM Layout
R0244,Kara Virk and Rai Eatery,https://www.zomato.com/bengaluru/restaurant-244,"159, Rajajinagar, Bengaluru",Rajajinagar,12.995874,77.562949,+913751509398,3.5,3689,400,Casual Dining,Continental,Yes,Yes,"Momos, Biryani",Dinner,Rajajinagar
R0245,Savant-Mishra Cafe,https://www.zomato.com/bengaluru/restaurant-245,"99, KR Puram, Bengaluru",KR Puram,13.010147,77.682121,+915045547813,4.5,11975,800,Fine Dining,"Mughlai, Biryani, Burger",No,No,"Tandoori, Butter Chicken, Cake, Noodles",Cafes,KR Puram
R0246,Sanghvi Mody and Bhasin Cafe,https://www.zomato.com/bengaluru/restaurant-246,"122, JP Nagar, Bengaluru",JP Nagar,12.91697,77.597311,+918519610646,4.7,2915,1000,Delivery,"Bakery, Continental",Yes,Yes,"Pizza, Noodles",Dine-out,JP Nagar
R0247,Chaudhary Johal and Kakar ,https://www.zomato.com/bengaluru/restaurant-247,"121, Basavanagudi, Bengaluru",Basavanagudi,12.936284,77.574518,+911462730147,3.5,1143,1200,Fine Dining,"Desserts, Burger",Yes,No,"Fried Rice, Biryani, Tandoori, Dosa, Pizza",Dinner,Basavanagudi
R0248,Bumb-Dugar Bistro,https://www.zomato.com/bengaluru/restaurant-248,"15, Shivajinagar, Bengaluru",Shivajinagar,12.984882,77.593737,+912572520456,4.6,10474,500,Quick Bites,"Burger, Italian, Thai",Yes,No,"Paneer Tikka, Burger",Delivery,Shivajinagar
R0249,Ghose PLC Bistro,https://www.zomato.com/bengaluru/restaurant-249,"149, Sarjapur, Bengaluru",Sarjapur,12.852214,77.690441,+915202845765,3.6,2721,200,Casual Dining,Fast Food,Yes,No,"Shake, Momos, Paneer Tikka, Pasta",Desserts,Sarjapur
R0250,Dugar Inc Eatery,https://www.zomato.com/bengaluru/restaurant-250,"90, BTM Layout, Bengaluru",BTM Layout,12.925453,77.61186,+914527985240,3.3,1993,300,Casual Dining,"Sandwich, Italian, Bakery",Yes,No,"Dosa, Idli, Pizza, Veg Thali, Biryani",Desserts,BTM Layout
R0251,Seshadri-Singhal Kitchen,https://www.zomato.com/bengaluru/restaurant-251,"51, Electronic City, Bengaluru",Electronic City,12.82866,77.665907,+911089071401,4.0,4992,150,Dhaba,Bakery,Yes,Yes,"Dosa, Biryani",Desserts,Electronic City
R0252,Bali-Kata Restaurant,https://www.zomato.com/bengaluru/restaurant-252,"129, Shivajinagar, Bengaluru",Shivajinagar,12.998835,77.591543,+919389119083,2.8,11777,300,Cafe,"North Indian, Chinese",Yes,No,"Paneer Tikka, Cake, Tandoori",Buffet,Shivajinagar
R0253,Mandal-Setty Kitchen,https://www.zomato.com/bengaluru/restaurant-253,"195, Bannerghatta Road, Bengaluru",Bannerghatta Road,12.859361,77.58702,+915171827548,3.9,11881,150,Quick Bites,"Burger, Thai, Fast Food",Yes,No,"Idli, Burger, Cake, Noodles, Veg Thali",Delivery,Bannerghatta Road
R0254,Kaur LLC Eatery,https://www.zomato.com/bengaluru/restaurant-254,"174, Basavanagudi, Bengaluru",Basavanagudi,12.936108,77.577812,+915207167811,4.2,2398,600,Delivery,"Street Food, Pizza",Yes,No,"Momos, Chicken Curry, Noodles, Tandoori, Butter Chicken",Dine-out,Basavanagudi
R0255,Hora Sandal and Contractor ,https://www.zomato.com/bengaluru/restaurant-255,"197, HSR Layout, Bengaluru",HSR Layout,12.907511,77.629873,+919946579678,3.7,4619,250,Dhaba,Mughlai,No,Yes,"Fried Rice, Chicken Curry",Delivery,HSR Layout
R0256,Kar Dixit and Lata Eatery,https://www.zomato.com/bengaluru/restaurant-256,"174, Bellandur, Bengaluru",Bellandur,12.92538,77.667325,+910269524991,3.3,1303,1000,Dhaba,North Indian,No,No,"Butter Chicken, Dosa",Desserts,Bellandur
R0257,Bora Inc Eatery,https://www.zomato.com/bengaluru/restaurant-257,"81, Electronic City, Bengaluru",Electronic City,12.844763,77.676708,+916770028427,4.0,7106,250,Cafe,"Rolls, Seafood",No,No,"Butter Chicken, Chicken Curry",Delivery,Electronic City
R0258,Mohanty PLC Cafe,https://www.zomato.com/bengaluru/restaurant-258,"127, Shivajinagar, Bengaluru",Shivajinagar,12.992051,77.605802,+919695450090,3.6,2150,500,Cafe,"Rolls, Burger, Sandwich",Yes,No,"Tandoori, Butter Chicken, Ice Cream",Drinks,Shivajinagar
R0259,Mani Sarna and Dash Kitchen,https://www.zomato.com/bengaluru/restaurant-259,"177, Basavanagudi, Bengaluru",Basavanagudi,12.930521,77.570154,+911415208507,3.9,10826,600,Takeaway,"Bakery, Thai",No,No,"Fried Rice, Pasta",Buffet,Basavanagudi
R0260,Modi-Rau ,https://www.zomato.com/bengaluru/restaurant-260,"53, Bommanahalli, Bengaluru",Bommanahalli,12.895591,77.604567,+915785294563,4.3,8192,200,Dhaba,"Mughlai, Rolls",Yes,No,"Idli, Masala Dosa, Pasta, Cake",Cafes,Bommanahalli
R0261,Tella-Zacharia Eatery,https://www.zomato.com/bengaluru/restaurant-261,"110, Indiranagar, Bengaluru",Indiranagar,12.97232,77.643006,+913514846853,4.8,6838,600,Cafe,Chinese,No,No,"Shake, Paneer Tikka",Dine-out,Indiranagar
R0262,Sarma-Buch Bistro,https://www.zomato.com/bengaluru/restaurant-262,"187, Koramangala, Bengaluru",Koramangala,12.939035,77.624987,+910835723246,4.2,6771,500,Dhaba,Burger,Yes,No,"Veg Thali, Paneer Tikka, Chicken Curry",Desserts,Koramangala
R0263,Baral Sankaran and Naidu Cafe,https://www.zomato.com/bengaluru/restaurant-263,"119, Yelahanka, Bengaluru",Yelahanka,13.093508,77.589911,+917866032420,3.9,4283,400,Fine Dining,Cafe,Yes,No,"Ice Cream, Fried Rice, Idli",Buffet,Yelahanka
R0264,Krishna Bal and Chand ,https://www.zomato.com/bengaluru/restaurant-264,"24, Bannerghatta Road, Bengaluru",Bannerghatta Road,12.870975,77.581197,+916231981898,3.9,4175,800,Quick Bites,Seafood,Yes,No,"Dosa, Chicken Curry, Cake, Shake",Delivery,Bannerghatta Road
R0265,Bail Ltd Eatery,https://www.zomato.com/bengaluru/restaurant-265,"66, Nagarbhavi, Bengaluru",Nagarbhavi,12.980501,77.499879,+919078515867,3.9,11235,300,Cafe,"Mughlai, Pizza, Bakery",Yes,No,"Pizza, Idli, Burger",Dinner,Nagarbhavi
R0266,Baria-Gill ,https://www.zomato.com/bengaluru/restaurant-266,"93, Bommanahalli, Bengaluru",Bommanahalli,12.892532,77.613145,+911837606441,4.3,3907,400,Casual Dining,"South Indian, Rolls, Pizza",Yes,No,"Pasta, Ice Cream, Momos, Shake",Drinks,Bommanahalli
R0267,Venkataraman-Sathe Cafe,https://www.zomato.com/bengaluru/restaurant-267,"130, Nagarbhavi, Bengaluru",Nagarbhavi,12.975633,77.51368,+911569857002,4.1,10374,800,Dhaba,"Chinese, Burger",Yes,Yes,"Chicken Curry, Shake, Pasta, Veg Thali, Masala Dosa",Lunch,Nagarbhavi
R0268,Golla-Sarin Bistro,https://www.zomato.com/bengaluru/restaurant-268,"176, BTM Layout, Bengaluru",BTM Layout,12.920449,77.604512,+916577242954,4.0,3304,200,Delivery,Italian,Yes,Yes,"Fried Rice, Tandoori, Pizza",Lunch,BTM Layout
R0269,Swamy Chand and Singhal Restaurant,https://www.zomato.com/bengaluru/restaurant-269,"68, Basavanagudi, Bengaluru",Basavanagudi,12.955943,77.58633,+912069694215,5.0,2837,1200,Quick Bites,North Indian,Yes,No,"Pasta, Fried Rice",Lunch,Basavanagudi
R0270,Rege-Nath ,https://www.zomato.com/bengaluru/restaurant-270,"127, Nagarbhavi, Bengaluru",Nagarbhavi,12.9839,77.503611,+916263934362,2.9,6743,250,Quick Bites,"Burger, Italian, Pizza",Yes,No,"Noodles, Paneer Tikka, Momos",Desserts,Nagarbhavi
R0271,Cheema-Dyal ,https://www.zomato.com/bengaluru/restaurant-271,"153, MG Road, Bengaluru",MG Road,12.974129,77.61215,+914118005375,3.6,9984,1200,Fine Dining,"Street Food, Chinese, North Indian",Yes,Yes,"Pizza, Shake, Ice Cream, Tandoori, Idli",Cafes,MG Road
R0272,Sabharwal-Tandon Restaurant,https://www.zomato.com/bengaluru/restaurant-272,"129, Sarjapur, Bengaluru",Sarjapur,12.86499,77.680675,+917572158624,2.9,1964,500,Quick Bites,"Thai, Continental",Yes,No,"Burger, Paneer Tikka",Cafes,Sarjapur
R0273,Rattan-Bansal Restaurant,https://www.zomato.com/bengaluru/restaurant-273,"143, Bannerghatta Road, Bengaluru",Bannerghatta Road,12.867218,77.593503,+917032032074,4.8,2729,800,Delivery,"Cafe, Sandwich",Yes,No,"Chicken Curry, Burger, Shake, Cake",Buffet,Bannerghatta Road
R0274,Chakrabarti-Murty Cafe,https://www.zomato.com/bengaluru/restaurant-274,"24, Hebbal, Bengaluru",Hebbal,13.031496,77.603271,+913422849939,3.8,117,1000,Dhaba,"Street Food, Burger",Yes,No,"Pizza, Idli",Delivery,Hebbal
R0275,Naik-D’Alia Cafe,https://www.zomato.com/bengaluru/restaurant-275,"40, Marathahalli, Bengaluru",Marathahalli,12.967148,77.702707,+910177749050,2.6,10800,1200,Delivery,"North Indian, Desserts",Yes,No,"Ice Cream, Cake",Dine-out,Marathahalli
R0276,Varkey-Agarwal Kitchen,https://www.zomato.com/bengaluru/restaurant-276,"103, BTM Layout, Bengaluru",BTM Layout,12.927498,77.619147,+914236103266,3.0,4718,250,Quick Bites,"Seafood, South Indian",Yes,No,"Pasta, Ice Cream",Lunch,BTM Layout
R0277,Shere Sachdev and Bhagat Bistro,https://www.zomato.com/bengaluru/restaurant-277,"154, Bannerghatta Road, Bengaluru",Bannerghatta Road,12.880591,77.589903,+916165926610,4.3,8460,500,Delivery,"Continental, Thai, Italian",Yes,No,"Tandoori, Noodles, Masala Dosa, Fried Rice",Dine-out,Bannerghatta Road
R0278,Vasa LLC Restaurant,https://www.zomato.com/bengaluru/restaurant-278,"176, Banashankari, Bengaluru",Banashankari,12.926418,77.551217,+914386490810,3.3,8461,200,Takeaway,Desserts,No,No,"Chicken Curry, Dosa, Masala Dosa, Pizza, Tandoori",Delivery,Banashankari
R0279,Tara Sathe and Behl Restaurant,https://www.zomato.com/bengaluru/restaurant-279,"47, Hebbal, Bengaluru",Hebbal,13.040626,77.599054,+916016459779,4.5,4392,500,Dhaba,"Thai, Cafe",Yes,Yes,"Tandoori, Biryani",Dine-out,Hebbal
R0280,Loke PLC Kitchen,https://www.zomato.com/bengaluru/restaurant-280,"44, HSR Layout, Bengaluru",HSR Layout,12.919011,77.642022,+917769749956,4.4,5008,200,Casual Dining,"Italian, Bakery, North Indian",Yes,Yes,"Ice Cream, Idli",Desserts,HSR Layout
R0281,Mani Group Bistro,https://www.zomato.com/bengaluru/restaurant-281,"49, Whitefield, Bengaluru",Whitefield,12.979279,77.755781,+911472760122,3.0,11561,800,Delivery,North Indian,No,Yes,"Masala Dosa, Pizza, Fried Rice",Dinner,Whitefield
R0282,Sundaram Dara and Balakrishnan Eatery,https://www.zomato.com/bengaluru/restaurant-282,"127, Shivajinagar, Bengaluru",Shivajinagar,12.979079,77.594845,+919984076789,4.1,11922,1200,Fine Dining,"South Indian, Seafood",No,Yes,"Idli, Chicken Curry",Buffet,Shivajinagar
R0283,Khatri Dutt and Mukhopadhyay ,https://www.zomato.com/bengaluru/restaurant-283,"50, Sarjapur, Bengaluru",Sarjapur,12.846971,77.688892,+917573839597,3.5,2198,400,Fine Dining,"Chinese, Cafe, Bakery",No,No,"Idli, Masala Dosa, Cake, Fried Rice, Tandoori",Drinks,Sarjapur
R0284,Atwal Reddy and Chander Eatery,https://www.zomato.com/bengaluru/restaurant-284,"26, Banashankari, Bengaluru",Banashankari,12.934593,77.557136,+916743380054,3.9,5899,250,Casual Dining,"Biryani, Desserts, Chinese",Yes,Yes,"Pizza, Burger, Noodles, Dosa, Momos",Drinks,Banashankari
R0285,Comar Group Bistro,https://www.zomato.com/bengaluru/restaurant-285,"155, Yelahanka, Bengaluru",Yelahanka,13.088919,77.588101,+911077119918,4.3,737,1000,Quick Bites,"Pizza, Burger, Cafe",Yes,No,"Cake, Butter Chicken, Paneer Tikka, Veg Thali",Delivery,Yelahanka
R0286,Dube Group Restaurant,https://www.zomato.com/bengaluru/restaurant-286,"32, BTM Layout, Bengaluru",BTM Layout,12.92893,77.599811,+913760375482,4.5,1446,400,Cafe,"Street Food, Sandwich",No,No,"Idli, Pizza, Cake, Burger, Chicken Curry",Desserts,BTM Layout
R0287,Manne Upadhyay and Mahajan Kitchen,https://www.zomato.com/bengaluru/restaurant-287,"114, Jayanagar, Bengaluru",Jayanagar,12.938396,77.58469,+912081155626,4.0,1057,600,Dhaba,Continental,Yes,No,"Chicken Curry, Pasta, Veg Thali, Tandoori, Paneer Tikka",Dine-out,Jayanagar
R0288,Subramanian-Sodhi Kitchen,https://www.zomato.com/bengaluru/restaurant-288,"72, Shivajinagar, Bengaluru",Shivajinagar,12.973534,77.604948,+918926738997,3.3,11477,500,Dhaba,"Sandwich, Desserts, Bakery",No,Yes,"Pasta, Momos, Shake, Veg Thali, Burger",Cafes,Shivajinagar
R0289,Shan PLC Restaurant,https://www.zomato.com/bengaluru/restaurant-289,"6, HSR Layout, Bengaluru",HSR Layout,12.897709,77.633935,+910894346810,2.8,6160,400,Fine Dining,"Continental, Sandwich, Desserts",Yes,Yes,"Dosa, Tandoori, Momos",Buffet,HSR Layout
R0290,Rajagopal and Sons Cafe,https://www.zomato.com/bengaluru/restaurant-290,"171, Nagarbhavi, Bengaluru",Nagarbhavi,12.975829,77.493742,+919268315893,3.7,5969,800,Quick Bites,"North Indian, Street Food",Yes,No,"Fried Rice, Pasta, Cake, Pizza",Lunch,Nagarbhavi
R0291,Trivedi Deshpande and Boase Bistro,https://www.zomato.com/bengaluru/restaurant-291,"133, Yelahanka, Bengaluru",Yelahanka,13.087958,77.583166,+916497677622,3.5,8336,250,Delivery,Burger,No,Yes,"Veg Thali, Dosa, Cake",Delivery,Yelahanka
R0292,Sachdeva-Oak Kitchen,https://www.zomato.com/bengaluru/restaurant-292,"134, Bommanahalli, Bengaluru",Bommanahalli,12.887879,77.618101,+912154544702,3.3,2378,1200,Delivery,"Fast Food, Thai, Italian",Yes,No,"Idli, Pasta, Cake, Momos, Pizza",Cafes,Bommanahalli
R0293,Loke Agate and Mandal Cafe,https://www.zomato.com/bengaluru/restaurant-293,"97, BTM Layout, Bengaluru",BTM Layout,12.907092,77.61729,+917922877725,3.1,1513,1200,Fine Dining,Italian,No,No,"Dosa, Butter Chicken, Chicken Curry, Fried Rice",Desserts,BTM Layout
R0294,Misra Suri and Dixit ,https://www.zomato.com/bengaluru/restaurant-294,"144, Basavanagudi, Bengaluru",Basavanagudi,12.93777,77.561175,+911398909837,3.5,8285,150,Quick Bites,"Street Food, Cafe, Chinese",Yes,Yes,"Biryani, Momos, Idli",Cafes,Basavanagudi
R0295,Yohannan-Sule Bistro,https://www.zomato.com/bengaluru/restaurant-295,"82, BTM Layout, Bengaluru",BTM Layout,12.908959,77.616269,+916411182422,3.9,4237,200,Casual Dining,"Street Food, Chinese, Seafood",Yes,No,"Butter Chicken, Masala Dosa, Biryani, Burger, Noodles",Dine-out,BTM Layout
R0296,Natarajan-Purohit Eatery,https://www.zomato.com/bengaluru/restaurant-296,"83, Indiranagar, Bengaluru",Indiranagar,12.981834,77.635559,+914610339937,3.9,8383,1000,Delivery,South Indian,Yes,No,"Ice Cream, Idli, Shake, Dosa",Buffet,Indiranagar
R0297,Nagy-Gulati Restaurant,https://www.zomato.com/bengaluru/restaurant-297,"78, Rajajinagar, Bengaluru",Rajajinagar,12.989145,77.553212,+919671832582,3.8,4066,1000,Delivery,"North Indian, Bakery",No,Yes,"Biryani, Paneer Tikka, Idli",Buffet,Rajajinagar
R0298,Khare Rajagopal and Kaur ,https://www.zomato.com/bengaluru/restaurant-298,"55, Hebbal, Bengaluru",Hebbal,13.049633,77.600622,+919840289141,4.6,6526,200,Dhaba,"Fast Food, North Indian, South Indian",Yes,No,"Paneer Tikka, Pasta, Ice Cream, Burger, Chicken Curry",Cafes,Hebbal
R0299,Bassi-Nadkarni Kitchen,https://www.zomato.com/bengaluru/restaurant-299,"178, Yelahanka, Bengaluru",Yelahanka,13.091826,77.596445,+912097002687,3.0,6485,1000,Quick Bites,"Seafood, Cafe",Yes,No,"Paneer Tikka, Fried Rice, Shake, Burger, Idli",Buffet,Yelahanka
R0300,Solanki Raj and Raju Cafe,https://www.zomato.com/bengaluru/restaurant-300,"50, KR Puram, Bengaluru",KR Puram,13.003355,77.683202,+917030453194,4.0,11810,300,Casual Dining,"Thai, Mughlai",No,No,"Biryani, Idli, Veg Thali",Buffet,KR Puram
R0301,Doshi Tandon and Bansal ,https://www.zomato.com/bengaluru/restaurant-301,"175, Bellandur, Bengaluru",Bellandur,12.925485,77.681521,+919921921249,4.1,3784,1000,Fine Dining,"Biryani, North Indian, Rolls",Yes,Yes,"Idli, Paneer Tikka, Masala Dosa, Dosa, Tandoori",Buffet,Bellandur
R0302,Thakkar PLC Cafe,https://www.zomato.com/bengaluru/restaurant-302,"32, Bommanahalli, Bengaluru",Bommanahalli,12.901832,77.622334,+918775803046,4.7,8773,800,Cafe,"Rolls, Street Food, North Indian",Yes,No,"Butter Chicken, Shake, Chicken Curry, Masala Dosa, Noodles",Desserts,Bommanahalli
R0303,Chaudhry-Sarraf Kitchen,https://www.zomato.com/bengaluru/restaurant-303,"8, Rajajinagar, Bengaluru",Rajajinagar,12.977654,77.558155,+917609543173,3.5,5633,150,Dhaba,Pizza,Yes,No,"Dosa, Fried Rice, Noodles, Pasta, Burger",Desserts,Rajajinagar
R0304,Vora Group Kitchen,https://www.zomato.com/bengaluru/restaurant-304,"97, HSR Layout, Bengaluru",HSR Layout,12.919872,77.642487,+915120704961,4.6,1718,150,Takeaway,Street Food,Yes,No,"Dosa, Butter Chicken",Lunch,HSR Layout
R0305,Dhawan Group ,https://www.zomato.com/bengaluru/restaurant-305,"7, Basavanagudi, Bengaluru",Basavanagudi,12.930475,77.582359,+917859311091,3.4,9763,300,Takeaway,North Indian,Yes,No,"Ice Cream, Veg Thali, Chicken Curry, Tandoori, Momos",Cafes,Basavanagudi
R0306,Dubey Borde and Singh Cafe,https://www.zomato.com/bengaluru/restaurant-306,"150, Malleshwaram, Bengaluru",Malleshwaram,13.00073,77.574439,+916854982274,3.4,9934,500,Cafe,"Fast Food, Pizza",Yes,Yes,"Butter Chicken, Pasta, Pizza",Dine-out,Malleshwaram
R0307,Nigam-Rao ,https://www.zomato.com/bengaluru/restaurant-307,"178, Indiranagar, Bengaluru",Indiranagar,12.970522,77.650376,+917959959465,3.3,2708,200,Delivery,"South Indian, Bakery, Thai",Yes,No,"Noodles, Pasta, Dosa",Desserts,Indiranagar
R0308,Buch Narasimhan and Walla Kitchen,https://www.zomato.com/bengaluru/restaurant-308,"93, Koramangala, Bengaluru",Koramangala,12.939363,77.630297,+910150812473,4.5,10393,1200,Dhaba,"Biryani, Pizza",Yes,Yes,"Shake, Ice Cream, Noodles, Masala Dosa, Dosa",Buffet,Koramangala
R0309,Nadig-Sura Kitchen,https://www.zomato.com/bengaluru/restaurant-309,"6, BTM Layout, Bengaluru",BTM Layout,12.907535,77.600324,+912615347355,4.0,10878,250,Takeaway,"Fast Food, Seafood",No,No,"Burger, Noodles, Biryani",Delivery,BTM Layout
R0310,Banik Biswas and Keer Kitchen,https://www.zomato.com/bengaluru/restaurant-310,"196, Whitefield, Bengaluru",Whitefield,12.959133,77.762625,+919938425304,4.2,2121,1000,Takeaway,Biryani,No,Yes,"Cake, Shake, Chicken Curry, Tandoori, Idli",Delivery,Whitefield
R0311,Mani Karan and Chana Bistro,https://www.zomato.com/bengaluru/restaurant-311,"178, Banashankari, Bengaluru",Banashankari,12.93433,77.550247,+917774969033,4.2,3375,800,Dhaba,Sandwich,Yes,No,"Tandoori, Cake, Masala Dosa, Paneer Tikka, Fried Rice",Desserts,Banashankari
R0312,Chaudhari-Chaudhry Kitchen,https://www.zomato.com/bengaluru/restaurant-312,"76, Electronic City, Bengaluru",Electronic City,12.837651,77.673312,+917853907895,4.7,7031,800,Delivery,Thai,No,No,"Pasta, Dosa, Pizza, Ice Cream",Drinks,Electronic City
R0313,Ganesan-Mistry Bistro,https://www.zomato.com/bengaluru/restaurant-313,"132, Banashankari, Bengaluru",Banashankari,12.920111,77.543271,+918143111508,4.2,3331,500,Casual Dining,Street Food,Yes,No,"Paneer Tikka, Dosa, Cake",Cafes,Banashankari
R0314,Batra LLC Cafe,https://www.zomato.com/bengaluru/restaurant-314,"104, Bannerghatta Road, Bengaluru",Bannerghatta Road,12.880867,77.601106,+916907826333,3.5,7823,300,Takeaway,"Biryani, Continental",No,No,"Biryani, Momos, Tandoori, Chicken Curry",Dinner,Bannerghatta Road
R0315,Memon LLC Restaurant,https://www.zomato.com/bengaluru/restaurant-315,"79, Rajajinagar, Bengaluru",Rajajinagar,12.998957,77.550392,+910755366684,4.1,5392,1200,Quick Bites,Bakery,Yes,Yes,"Noodles, Veg Thali, Tandoori, Chicken Curry, Paneer Tikka",Dine-out,Rajajinagar
R0316,Sankar-Dhingra Cafe,https://www.zomato.com/bengaluru/restaurant-316,"146, Rajajinagar, Bengaluru",Rajajinagar,12.992246,77.564974,+917412182097,3.9,489,250,Casual Dining,"Mughlai, Rolls, Biryani",Yes,No,"Dosa, Ice Cream, Noodles, Fried Rice, Butter Chicken",Cafes,Rajajinagar
R0317,Wali Group Eatery,https://www.zomato.com/bengaluru/restaurant-317,"101, BTM Layout, Bengaluru",BTM Layout,12.908591,77.614887,+912128671632,4.3,3419,400,Delivery,Street Food,No,Yes,"Cake, Tandoori",Cafes,BTM Layout
R0318,Gole Garde and Gill Kitchen,https://www.zomato.com/bengaluru/restaurant-318,"103, Shivajinagar, Bengaluru",Shivajinagar,12.977889,77.607503,+919385977790,3.8,1542,400,Fine Dining,"Cafe, Biryani",No,No,"Pizza, Veg Thali",Cafes,Shivajinagar
R0319,Raja PLC ,https://www.zomato.com/bengaluru/restaurant-319,"146, Basavanagudi, Bengaluru",Basavanagudi,12.945991,77.5841,+911603248413,3.1,8135,600,Dhaba,Bakery,Yes,No,"Burger, Chicken Curry, Veg Thali",Delivery,Basavanagudi
R0320,Khosla Tank and Dhar Eatery,https://www.zomato.com/bengaluru/restaurant-320,"7, Nagarbhavi, Bengaluru",Nagarbhavi,12.959457,77.512996,+911765636004,4.4,1928,250,Cafe,"Bakery, Street Food",No,No,"Paneer Tikka, Noodles, Butter Chicken",Dinner,Nagarbhavi
R0321,Shenoy Ltd Bistro,https://www.zomato.com/bengaluru/restaurant-321,"190, HSR Layout, Bengaluru",HSR Layout,12.899076,77.643611,+916210427523,4.2,11754,150,Fine Dining,"Street Food, Continental, Burger",Yes,No,"Burger, Pasta, Biryani, Momos",Buffet,HSR Layout
R0322,Sharaf-Kumer Restaurant,https://www.zomato.com/bengaluru/restaurant-322,"64, Brookefield, Bengaluru",Brookefield,12.967445,77.71713,+915331060053,4.1,11190,200,Casual Dining,"Italian, Mughlai, Desserts",Yes,No,"Butter Chicken, Biryani, Pasta, Ice Cream, Noodles",Dine-out,Brookefield
R0323,Andra Shroff and Mani Kitchen,https://www.zomato.com/bengaluru/restaurant-323,"60, Bannerghatta Road, Bengaluru",Bannerghatta Road,12.861411,77.59307,+913155206506,2.4,3535,800,Casual Dining,Seafood,Yes,No,"Pasta, Noodles, Tandoori, Veg Thali",Cafes,Bannerghatta Road
R0324,Dugar Borah and Sathe Kitchen,https://www.zomato.com/bengaluru/restaurant-324,"154, Brookefield, Bengaluru",Brookefield,12.961817,77.699218,+915625257150,3.4,10020,1200,Delivery,Bakery,No,No,"Masala Dosa, Idli, Burger, Pizza",Desserts,Brookefield
R0325,Mistry-Samra Bistro,https://www.zomato.com/bengaluru/restaurant-325,"21, Sarjapur, Bengaluru",Sarjapur,12.864024,77.701251,+910257432630,3.7,3950,1200,Delivery,North Indian,Yes,Yes,"Momos, Fried Rice",Cafes,Sarjapur
R0326,Krishna Shan and Mittal Restaurant,https://www.zomato.com/bengaluru/restaurant-326,"139, Rajajinagar, Bengaluru",Rajajinagar,12.994508,77.563815,+910339685270,2.8,1108,800,Quick Bites,"Bakery, Desserts, North Indian",Yes,Yes,"Shake, Pasta, Fried Rice",Dine-out,Rajajinagar
R0327,Rajagopalan Group Restaurant,https://www.zomato.com/bengaluru/restaurant-327,"78, BTM Layout, Bengaluru",BTM Layout,12.905367,77.60031,+914973471566,3.8,2798,800,Delivery,"Biryani, Pizza, Chinese",No,No,"Veg Thali, Momos, Burger, Cake, Idli",Lunch,BTM Layout
R0328,Khalsa Group Restaurant,https://www.zomato.com/bengaluru/restaurant-328,"66, Nagarbhavi, Bengaluru",Nagarbhavi,12.960976,77.518613,+916747468971,4.2,5509,250,Fine Dining,"North Indian, Mughlai",No,Yes,"Dosa, Momos, Pizza, Paneer Tikka, Cake",Dine-out,Nagarbhavi
R0329,Parmer Merchant and Merchant Eatery,https://www.zomato.com/bengaluru/restaurant-329,"10, BTM Layout, Bengaluru",BTM Layout,12.901725,77.62095,+911692364587,3.3,10453,500,Fine Dining,"Thai, Burger, Mughlai",Yes,No,"Ice Cream, Cake, Pasta, Fried Rice, Pizza",Lunch,BTM Layout
R0330,Randhawa LLC Bistro,https://www.zomato.com/bengaluru/restaurant-330,"117, Yelahanka, Bengaluru",Yelahanka,13.10757,77.588571,+912439920116,3.2,6565,1200,Quick Bites,Thai,Yes,No,"Pizza, Paneer Tikka",Dine-out,Yelahanka
R0331,Bawa PLC Restaurant,https://www.zomato.com/bengaluru/restaurant-331,"192, Yelahanka, Bengaluru",Yelahanka,13.093086,77.590367,+916402701168,4.0,6879,400,Fine Dining,"Mughlai, Desserts, Bakery",No,Yes,"Idli, Cake",Dine-out,Yelahanka
R0332,Taneja Mangat and Karpe Restaurant,https://www.zomato.com/bengaluru/restaurant-332,"52, Malleshwaram, Bengaluru",Malleshwaram,12.993692,77.55673,+910234679121,3.4,4852,200,Delivery,"Fast Food, Sandwich",Yes,No,"Veg Thali, Noodles",Delivery,Malleshwaram
R0333,Pandey Kanda and Gupta Kitchen,https://www.zomato.com/bengaluru/restaurant-333,"25, Rajajinagar, Bengaluru",Rajajinagar,12.97609,77.548043,+913806984775,3.3,9952,600,Cafe,"Italian, North Indian",Yes,No,"Paneer Tikka, Biryani",Drinks,Rajajinagar
R0334,Krishna Devan and Chatterjee ,https://www.zomato.com/bengaluru/restaurant-334,"103, Rajajinagar, Bengaluru",Rajajinagar,12.999705,77.56923,+912091843579,2.9,11292,800,Takeaway,"Mughlai, Rolls, South Indian",No,No,"Shake, Idli, Biryani, Fried Rice",Desserts,Rajajinagar
R0335,Baral More and Sastry ,https://www.zomato.com/bengaluru/restaurant-335,"157, Koramangala, Bengaluru",Koramangala,12.949785,77.638226,+911567164932,3.9,8570,1200,Dhaba,"North Indian, Thai",Yes,Yes,"Shake, Veg Thali",Dinner,Koramangala
R0336,Patla Ltd Restaurant,https://www.zomato.com/bengaluru/restaurant-336,"55, HSR Layout, Bengaluru",HSR Layout,12.90564,77.644092,+912116025643,4.5,11832,400,Fine Dining,"Street Food, Fast Food, Rolls",No,No,"Masala Dosa, Fried Rice",Delivery,HSR Layout
R0337,Chana LLC ,https://www.zomato.com/bengaluru/restaurant-337,"98, KR Puram, Bengaluru",KR Puram,12.994073,77.695536,+918633414111,4.6,5624,1200,Casual Dining,"Burger, Chinese, Seafood",Yes,No,"Dosa, Shake, Ice Cream",Drinks,KR Puram
R0338,Sagar-Gill Cafe,https://www.zomato.com/bengaluru/restaurant-338,"174, Jayanagar, Bengaluru",Jayanagar,12.9414,77.597422,+912899316087,3.3,5226,250,Dhaba,"North Indian, Desserts, South Indian",Yes,Yes,"Ice Cream, Chicken Curry, Shake",Dinner,Jayanagar
R0339,Deo PLC Eatery,https://www.zomato.com/bengaluru/restaurant-339,"162, KR Puram, Bengaluru",KR Puram,13.003674,77.697544,+913746052330,4.7,2983,800,Fine Dining,South Indian,No,No,"Momos, Tandoori, Idli, Pizza",Dine-out,KR Puram
R0340,Wali-Thaker Restaurant,https://www.zomato.com/bengaluru/restaurant-340,"180, Koramangala, Bengaluru",Koramangala,12.936638,77.619622,+918612590472,3.8,9506,250,Delivery,"Burger, Thai, Mughlai",No,No,"Dosa, Tandoori, Momos, Pizza, Cake",Dine-out,Koramangala
R0341,Gala-Kurian Eatery,https://www.zomato.com/bengaluru/restaurant-341,"46, BTM Layout, Bengaluru",BTM Layout,12.908144,77.617551,+910185962630,4.0,1996,300,Delivery,"North Indian, Thai, Italian",No,No,"Ice Cream, Chicken Curry, Burger",Dine-out,BTM Layout
R0342,Merchant-Nigam Kitchen,https://www.zomato.com/bengaluru/restaurant-342,"22, Brookefield, Bengaluru",Brookefield,12.965456,77.721175,+911783099974,3.7,11416,200,Dhaba,"Chinese, Street Food, Mughlai",Yes,No,"Veg Thali, Cake, Biryani, Butter Chicken",Dinner,Brookefield
R0343,Sidhu Inc Bistro,https://www.zomato.com/bengaluru/restaurant-343,"136, Brookefield, Bengaluru",Brookefield,12.964182,77.706851,+917189813129,3.6,11440,250,Quick Bites,Italian,No,No,"Dosa, Burger, Ice Cream, Chicken Curry",Delivery,Brookefield
R0344,Kara Ltd Cafe,https://www.zomato.com/bengaluru/restaurant-344,"94, Indiranagar, Bengaluru",Indiranagar,12.967264,77.631987,+918260340848,3.2,7339,250,Takeaway,Chinese,No,No,"Butter Chicken, Dosa, Idli, Paneer Tikka",Drinks,Indiranagar
R0345,Ranganathan Pau and Chana Restaurant,https://www.zomato.com/bengaluru/restaurant-345,"35, Sarjapur, Bengaluru",Sarjapur,12.873723,77.701504,+919839542961,4.1,9058,400,Cafe,"Rolls, Sandwich, Biryani",No,No,"Butter Chicken, Fried Rice",Dine-out,Sarjapur
R0346,Atwal-Lalla ,https://www.zomato.com/bengaluru/restaurant-346,"96, Basavanagudi, Bengaluru",Basavanagudi,12.941282,77.588142,+919892625660,3.9,9939,300,Quick Bites,"Bakery, Continental, Biryani",Yes,Yes,"Paneer Tikka, Noodles",Delivery,Basavanagudi
R0347,Dasgupta Sha and Pillay Restaurant,https://www.zomato.com/bengaluru/restaurant-347,"97, KR Puram, Bengaluru",KR Puram,13.006451,77.681479,+911128497185,5.0,11526,1200,Dhaba,"Chinese, Thai, Seafood",Yes,No,"Pizza, Fried Rice, Paneer Tikka, Biryani",Cafes,KR Puram
R0348,Lala Raj and Prabhu Restaurant,https://www.zomato.com/bengaluru/restaurant-348,"67, MG Road, Bengaluru",MG Road,12.963572,77.606139,+910822269405,4.8,11641,300,Fine Dining,"Mughlai, Fast Food",No,No,"Pasta, Ice Cream, Masala Dosa, Momos",Dinner,MG Road
R0349,Kaur Group Cafe,https://www.zomato.com/bengaluru/restaurant-349,"105, JP Nagar, Bengaluru",JP Nagar,12.905969,77.57882,+915111312901,3.6,4733,1000,Delivery,"Sandwich, Desserts",Yes,No,"Chicken Curry, Tandoori, Fried Rice, Pizza",Dine-out,JP Nagar
R0350,Narang PLC ,https://www.zomato.com/bengaluru/restaurant-350,"109, Banashankari, Bengaluru",Banashankari,12.925534,77.552354,+918538909728,3.6,3737,250,Quick Bites,"Rolls, Italian, Mughlai",Yes,Yes,"Noodles, Biryani",Drinks,Banashankari
R0351,Bhatnagar Ltd Restaurant,https://www.zomato.com/bengaluru/restaurant-351,"1, Indiranagar, Bengaluru",Indiranagar,12.976082,77.637173,+919634807970,3.6,5878,150,Takeaway,"Italian, Seafood",No,No,"Pasta, Idli, Momos",Cafes,Indiranagar
R0352,Mittal-Rege Eatery,https://www.zomato.com/bengaluru/restaurant-352,"51, Malleshwaram, Bengaluru",Malleshwaram,12.991315,77.563192,+911882617024,4.3,3754,800,Delivery,"Fast Food, Mughlai, Thai",Yes,No,"Idli, Chicken Curry",Drinks,Malleshwaram
R0353,Dey Inc ,https://www.zomato.com/bengaluru/restaurant-353,"51, Yelahanka, Bengaluru",Yelahanka,13.112266,77.597393,+911340266502,5.0,10965,300,Delivery,"Italian, Street Food",Yes,Yes,"Burger, Pizza, Cake, Masala Dosa, Noodles",Lunch,Yelahanka
R0354,Modi Group Restaurant,https://www.zomato.com/bengaluru/restaurant-354,"40, Banashankari, Bengaluru",Banashankari,12.927104,77.555795,+915803056906,3.8,7917,400,Cafe,"Continental, Seafood, Mughlai",No,Yes,"Pizza, Idli, Tandoori, Ice Cream, Biryani",Lunch,Banashankari
R0355,Chatterjee and Sons ,https://www.zomato.com/bengaluru/restaurant-355,"27, Marathahalli, Bengaluru",Marathahalli,12.962628,77.704277,+918923923126,4.0,678,400,Casual Dining,Pizza,Yes,No,"Idli, Paneer Tikka, Fried Rice, Shake",Buffet,Marathahalli
R0356,Deshmukh Rama and Setty Eatery,https://www.zomato.com/bengaluru/restaurant-356,"16, MG Road, Bengaluru",MG Road,12.966589,77.630631,+918604145456,3.4,4096,500,Quick Bites,"Bakery, Sandwich",Yes,Yes,"Fried Rice, Pasta, Shake, Noodles",Buffet,MG Road
R0357,Zachariah-Saini Cafe,https://www.zomato.com/bengaluru/restaurant-357,"78, Indiranagar, Bengaluru",Indiranagar,12.983213,77.635449,+911108255598,3.8,9957,500,Casual Dining,"Burger, Cafe",Yes,Yes,"Chicken Curry, Burger",Lunch,Indiranagar
R0358,Dubey Sachdeva and Chaudhary Bistro,https://www.zomato.com/bengaluru/restaurant-358,"159, HSR Layout, Bengaluru",HSR Layout,12.923216,77.627815,+915473820236,4.5,9069,400,Dhaba,"Italian, South Indian, Biryani",Yes,No,"Veg Thali, Idli, Dosa",Dinner,HSR Layout
R0359,Reddy-Mammen Cafe,https://www.zomato.com/bengaluru/restaurant-359,"12, Brookefield, Bengaluru",Brookefield,12.96462,77.725225,+919036788127,3.6,8394,600,Takeaway,Burger,No,No,"Tandoori, Pasta, Biryani, Dosa, Momos",Cafes,Brookefield
R0360,Prabhakar and Sons Restaurant,https://www.zomato.com/bengaluru/restaurant-360,"76, BTM Layout, Bengaluru",BTM Layout,12.907122,77.5999,+914812308340,5.0,10529,250,Cafe,North Indian,Yes,No,"Tandoori, Pasta, Paneer Tikka, Pizza, Chicken Curry",Buffet,BTM Layout
R0361,Saxena-Keer Cafe,https://www.zomato.com/bengaluru/restaurant-361,"22, Brookefield, Bengaluru",Brookefield,12.972501,77.727586,+918426945005,2.7,3642,400,Casual Dining,Rolls,Yes,Yes,"Biryani, Cake",Delivery,Brookefield
R0362,Chaudhary-Pillai Bistro,https://www.zomato.com/bengaluru/restaurant-362,"162, Bannerghatta Road, Bengaluru",Bannerghatta Road,12.878773,77.592059,+916273652717,2.6,3023,800,Casual Dining,"Cafe, Biryani, Street Food",Yes,Yes,"Shake, Paneer Tikka, Noodles",Dinner,Bannerghatta Road
R0363,Parmer Bhat and Rao Eatery,https://www.zomato.com/bengaluru/restaurant-363,"26, Bannerghatta Road, Bengaluru",Bannerghatta Road,12.861812,77.589061,+918209166010,3.8,10609,150,Casual Dining,"Fast Food, Rolls",Yes,Yes,"Noodles, Dosa, Pizza, Butter Chicken, Pasta",Cafes,Bannerghatta Road
R0364,Gupta-Das Bistro,https://www.zomato.com/bengaluru/restaurant-364,"114, Jayanagar, Bengaluru",Jayanagar,12.943958,77.586789,+912457230848,5.0,2066,150,Dhaba,Italian,Yes,Yes,"Dosa, Noodles, Pizza, Fried Rice",Cafes,Jayanagar
R0365,Chand-Kala Cafe,https://www.zomato.com/bengaluru/restaurant-365,"58, Whitefield, Bengaluru",Whitefield,12.970146,77.759995,+916172131451,3.4,10137,500,Quick Bites,North Indian,Yes,Yes,"Biryani, Fried Rice, Chicken Curry",Buffet,Whitefield
R0366,Bail Bedi and Nath Kitchen,https://www.zomato.com/bengaluru/restaurant-366,"70, MG Road, Bengaluru",MG Road,12.965133,77.617559,+917541022526,4.2,7368,800,Dhaba,"Fast Food, Bakery",Yes,Yes,"Momos, Pasta, Cake",Lunch,MG Road
R0367,Dass PLC ,https://www.zomato.com/bengaluru/restaurant-367,"86, Bannerghatta Road, Bengaluru",Bannerghatta Road,12.864754,77.583313,+912366878878,3.6,8835,300,Delivery,Fast Food,Yes,No,"Cake, Shake, Masala Dosa, Noodles, Fried Rice",Lunch,Bannerghatta Road
R0368,Biswas PLC Bistro,https://www.zomato.com/bengaluru/restaurant-368,"122, Sarjapur, Bengaluru",Sarjapur,12.863736,77.692405,+912105524728,3.2,6948,300,Casual Dining,"Pizza, Chinese, Rolls",Yes,Yes,"Biryani, Noodles, Pasta, Burger",Dine-out,Sarjapur
R0369,Kalita and Sons Kitchen,https://www.zomato.com/bengaluru/restaurant-369,"38, Whitefield, Bengaluru",Whitefield,12.983662,77.756019,+915213109622,4.4,7746,250,Fine Dining,"North Indian, Bakery",Yes,No,"Butter Chicken, Idli, Dosa, Fried Rice",Lunch,Whitefield
R0370,Divan-Agate Bistro,https://www.zomato.com/bengaluru/restaurant-370,"42, Bannerghatta Road, Bengaluru",Bannerghatta Road,12.86652,77.604042,+910667849843,2.8,6991,250,Cafe,"North Indian, Desserts, Italian",Yes,No,"Butter Chicken, Pasta, Burger",Lunch,Bannerghatta Road
R0371,Dhillon-De Eatery,https://www.zomato.com/bengaluru/restaurant-371,"43, Jayanagar, Bengaluru",Jayanagar,12.938094,77.580812,+910563411159,3.4,5546,150,Casual Dining,Pizza,Yes,Yes,"Burger, Dosa, Veg Thali, Fried Rice, Pasta",Delivery,Jayanagar
R0372,Krishna Ghosh and Choudhary Kitchen,https://www.zomato.com/bengaluru/restaurant-372,"146, HSR Layout, Bengaluru",HSR Layout,12.902957,77.624229,+919097005140,3.3,5893,400,Delivery,"Biryani, Rolls",Yes,No,"Fried Rice, Paneer Tikka",Lunch,HSR Layout
R0373,Bal Deep and Aurora Eatery,https://www.zomato.com/bengaluru/restaurant-373,"151, Bannerghatta Road, Bengaluru",Bannerghatta Road,12.867075,77.584486,+910422711332,4.9,11822,250,Takeaway,"Italian, Seafood, Bakery",Yes,No,"Tandoori, Pizza",Dine-out,Bannerghatta Road
R0374,Khanna-Naik Bistro,https://www.zomato.com/bengaluru/restaurant-374,"161, Rajajinagar, Bengaluru",Rajajinagar,12.983925,77.559704,+917102481717,4.0,5189,250,Cafe,"South Indian, Mughlai",Yes,Yes,"Noodles, Dosa, Pizza",Cafes,Rajajinagar
R0375,Ghosh LLC Bistro,https://www.zomato.com/bengaluru/restaurant-375,"125, Shivajinagar, Bengaluru",Shivajinagar,12.9827,77.588677,+910546692758,5.0,10283,500,Cafe,Street Food,Yes,No,"Masala Dosa, Paneer Tikka, Veg Thali, Shake",Lunch,Shivajinagar
R0376,Date Ltd Cafe,https://www.zomato.com/bengaluru/restaurant-376,"97, Sarjapur, Bengaluru",Sarjapur,12.859903,77.697922,+912961367157,3.1,7725,1000,Dhaba,"South Indian, Rolls, Pizza",No,Yes,"Pizza, Idli",Delivery,Sarjapur
R0377,Vora-Comar Eatery,https://www.zomato.com/bengaluru/restaurant-377,"30, JP Nagar, Bengaluru",JP Nagar,12.914753,77.595724,+914708272359,2.9,563,1200,Dhaba,"Bakery, Biryani",No,Yes,"Shake, Dosa, Pasta, Burger, Momos",Drinks,JP Nagar
R0378,Bhatt Soni and Sen Kitchen,https://www.zomato.com/bengaluru/restaurant-378,"71, Yelahanka, Bengaluru",Yelahanka,13.114857,77.587703,+916147683420,3.9,1564,600,Cafe,North Indian,Yes,Yes,"Paneer Tikka, Pasta, Burger, Butter Chicken, Dosa",Desserts,Yelahanka
R0379,Varghese-Chopra ,https://www.zomato.com/bengaluru/restaurant-379,"188, Malleshwaram, Bengaluru",Malleshwaram,13.016358,77.567149,+915027275164,3.5,8581,150,Delivery,"Fast Food, Bakery, Thai",Yes,No,"Biryani, Noodles, Dosa, Cake, Shake",Dinner,Malleshwaram
R0380,Thakur-Kant Restaurant,https://www.zomato.com/bengaluru/restaurant-380,"49, Brookefield, Bengaluru",Brookefield,12.972184,77.700823,+919055044817,3.6,10681,800,Delivery,Biryani,No,No,"Pasta, Burger, Ice Cream, Idli, Tandoori",Drinks,Brookefield
R0381,Bassi Verma and Mitra Cafe,https://www.zomato.com/bengaluru/restaurant-381,"169, Domlur, Bengaluru",Domlur,12.958675,77.652922,+916491111096,4.1,1748,800,Fine Dining,"Italian, Fast Food",Yes,No,"Chicken Curry, Cake, Burger, Paneer Tikka, Momos",Dinner,Domlur
R0382,Balasubramanian-Bhat Restaurant,https://www.zomato.com/bengaluru/restaurant-382,"121, Sarjapur, Bengaluru",Sarjapur,12.863837,77.672579,+911576605384,4.3,4434,400,Cafe,"Bakery, Biryani",No,No,"Veg Thali, Ice Cream, Idli",Desserts,Sarjapur
R0383,Ratti-Sandhu Eatery,https://www.zomato.com/bengaluru/restaurant-383,"62, Koramangala, Bengaluru",Koramangala,12.947206,77.621937,+918639609626,3.0,11979,250,Delivery,North Indian,Yes,No,"Cake, Tandoori, Shake",Dine-out,Koramangala
R0384,Chokshi Swaminathan and Sawhney Bistro,https://www.zomato.com/bengaluru/restaurant-384,"41, Yelahanka, Bengaluru",Yelahanka,13.092429,77.602601,+915311060920,5.0,10176,1000,Quick Bites,Sandwich,No,Yes,"Ice Cream, Paneer Tikka",Dine-out,Yelahanka
R0385,Buch LLC Eatery,https://www.zomato.com/bengaluru/restaurant-385,"198, Hebbal, Bengaluru",Hebbal,13.039834,77.605328,+914041209117,3.6,9813,200,Quick Bites,Pizza,Yes,No,"Momos, Noodles, Fried Rice",Cafes,Hebbal
R0386,Divan Bhatti and Date Eatery,https://www.zomato.com/bengaluru/restaurant-386,"19, JP Nagar, Bengaluru",JP Nagar,12.895583,77.583027,+917136657224,2.7,216,250,Fine Dining,"Biryani, Mughlai",Yes,Yes,"Masala Dosa, Biryani",Drinks,JP Nagar
R0387,Nair-Raj Restaurant,https://www.zomato.com/bengaluru/restaurant-387,"56, Malleshwaram, Bengaluru",Malleshwaram,13.002617,77.57112,+915130523124,3.1,4533,800,Casual Dining,"North Indian, Fast Food, Cafe",Yes,No,"Noodles, Biryani",Cafes,Malleshwaram
R0388,Wali Menon and Setty Kitchen,https://www.zomato.com/bengaluru/restaurant-388,"150, Hebbal, Bengaluru",Hebbal,13.043156,77.596874,+919423767694,3.6,5272,1200,Quick Bites,"Mughlai, Biryani, Cafe",No,No,"Noodles, Paneer Tikka, Ice Cream",Desserts,Hebbal
R0389,Sani Chaudhary and Contractor ,https://www.zomato.com/bengaluru/restaurant-389,"136, Shivajinagar, Bengaluru",Shivajinagar,12.982387,77.612937,+915601256253,3.4,1240,300,Fine Dining,Street Food,Yes,No,"Butter Chicken, Tandoori, Paneer Tikka",Dine-out,Shivajinagar
R0390,Kale Sani and Seth Bistro,https://www.zomato.com/bengaluru/restaurant-390,"55, Nagarbhavi, Bengaluru",Nagarbhavi,12.965734,77.490289,+918318491966,3.5,5256,500,Casual Dining,"North Indian, Seafood, Biryani",Yes,Yes,"Shake, Fried Rice, Dosa, Noodles, Pizza",Dinner,Nagarbhavi
R0391,Sachdev LLC Bistro,https://www.zomato.com/bengaluru/restaurant-391,"2, Banashankari, Bengaluru",Banashankari,12.912004,77.540032,+917426088050,3.9,1187,800,Quick Bites,Italian,No,No,"Burger, Shake, Ice Cream, Idli, Momos",Cafes,Banashankari
R0392,Rastogi-Sagar ,https://www.zomato.com/bengaluru/restaurant-392,"117, Bellandur, Bengaluru",Bellandur,12.920216,77.670775,+917159103002,3.8,1772,500,Dhaba,Rolls,No,Yes,"Masala Dosa, Butter Chicken, Ice Cream, Pizza",Dine-out,Bellandur
R0393,Chandran Munshi and Sane Kitchen,https://www.zomato.com/bengaluru/restaurant-393,"68, HSR Layout, Bengaluru",HSR Layout,12.902335,77.650968,+915964229712,4.9,5281,250,Dhaba,"Rolls, North Indian",No,No,"Paneer Tikka, Butter Chicken",Dinner,HSR Layout
R0394,Kumer-Prasad Cafe,https://www.zomato.com/bengaluru/restaurant-394,"183, KR Puram, Bengaluru",KR Puram,12.993671,77.695328,+911583311703,4.7,265,300,Delivery,"Burger, Rolls, Cafe",No,Yes,"Masala Dosa, Fried Rice, Dosa, Pizza",Dinner,KR Puram
R0395,Som Inc Eatery,https://www.zomato.com/bengaluru/restaurant-395,"159, Whitefield, Bengaluru",Whitefield,12.965014,77.75932,+918363146249,3.9,10673,200,Casual Dining,"Sandwich, Seafood, Desserts",No,Yes,"Pizza, Tandoori, Idli, Veg Thali, Dosa",Delivery,Whitefield
R0396,Chada Inc Kitchen,https://www.zomato.com/bengaluru/restaurant-396,"91, Marathahalli, Bengaluru",Marathahalli,12.944598,77.696225,+916326868507,4.4,4516,500,Quick Bites,"North Indian, Burger",Yes,No,"Cake, Paneer Tikka, Idli, Veg Thali, Tandoori",Lunch,Marathahalli
R0397,Char-Pradhan Kitchen,https://www.zomato.com/bengaluru/restaurant-397,"166, Bannerghatta Road, Bengaluru",Bannerghatta Road,12.884241,77.586418,+913131009431,3.5,8768,200,Cafe,Mughlai,Yes,No,"Paneer Tikka, Tandoori, Masala Dosa",Lunch,Bannerghatta Road
R0398,Bhasin PLC ,https://www.zomato.com/bengaluru/restaurant-398,"153, Basavanagudi, Bengaluru",Basavanagudi,12.939387,77.566397,+914012897432,3.8,5212,200,Casual Dining,"Cafe, Burger, Biryani",Yes,No,"Noodles, Cake, Momos",Dinner,Basavanagudi
R0399,Narayan Das and Roy Bistro,https://www.zomato.com/bengaluru/restaurant-399,"91, Jayanagar, Bengaluru",Jayanagar,12.944667,77.588781,+917907371009,3.3,11191,400,Dhaba,"Seafood, North Indian",Yes,No,"Paneer Tikka, Dosa, Burger",Dine-out,Jayanagar
R0400,Sampath-Behl Eatery,https://www.zomato.com/bengaluru/restaurant-400,"4, Nagarbhavi, Bengaluru",Nagarbhavi,12.960697,77.492817,+915458971480,2.7,2473,600,Dhaba,"Seafood, Street Food",Yes,No,"Cake, Paneer Tikka, Masala Dosa, Pizza, Burger",Dine-out,Nagarbhavi
R0401,Muni-Pandey ,https://www.zomato.com/bengaluru/restaurant-401,"174, Malleshwaram, Bengaluru",Malleshwaram,13.003035,77.560031,+918782455696,2.8,4576,400,Casual Dining,"Bakery, Thai, Biryani",Yes,No,"Noodles, Ice Cream",Drinks,Malleshwaram
R0402,Tripathi and Sons Eatery,https://www.zomato.com/bengaluru/restaurant-402,"175, MG Road, Bengaluru",MG Road,12.964289,77.62856,+912849824741,2.6,4878,150,Delivery,"Thai, Desserts, Italian",Yes,Yes,"Masala Dosa, Pizza",Cafes,MG Road
R0403,Subramaniam and Sons Bistro,https://www.zomato.com/bengaluru/restaurant-403,"171, Shivajinagar, Bengaluru",Shivajinagar,12.975503,77.600651,+918214236914,3.5,3635,150,Delivery,Bakery,Yes,Yes,"Biryani, Butter Chicken, Paneer Tikka, Dosa",Lunch,Shivajinagar
R0404,Palla PLC ,https://www.zomato.com/bengaluru/restaurant-404,"197, Yelahanka, Bengaluru",Yelahanka,13.097473,77.608425,+913426834414,4.2,9334,800,Takeaway,"Desserts, Rolls",Yes,No,"Chicken Curry, Shake, Pizza",Lunch,Yelahanka
R0405,Contractor-Mallick Kitchen,https://www.zomato.com/bengaluru/restaurant-405,"197, Whitefield, Bengaluru",Whitefield,12.958958,77.748157,+916129439852,2.5,10222,1000,Takeaway,"Sandwich, Thai",Yes,Yes,"Cake, Chicken Curry, Veg Thali, Noodles, Masala Dosa",Lunch,Whitefield
R0406,Kara Sanghvi and Bal Cafe,https://www.zomato.com/bengaluru/restaurant-406,"153, Jayanagar, Bengaluru",Jayanagar,12.927888,77.568979,+911497501980,4.1,11544,300,Takeaway,"Street Food, South Indian, Chinese",Yes,No,"Paneer Tikka, Idli",Dinner,Jayanagar
R0407,Loke Balakrishnan and Gole Kitchen,https://www.zomato.com/bengaluru/restaurant-407,"134, Jayanagar, Bengaluru",Jayanagar,12.922506,77.58907,+911331708760,4.1,2045,400,Delivery,Desserts,No,Yes,"Biryani, Masala Dosa, Noodles, Butter Chicken",Desserts,Jayanagar
R0408,More-Nori ,https://www.zomato.com/bengaluru/restaurant-408,"169, Domlur, Bengaluru",Domlur,12.953708,77.642083,+913288377441,3.9,9696,800,Cafe,"Italian, Bakery",Yes,No,"Biryani, Burger, Pizza",Lunch,Domlur
R0409,Ahuja-Golla ,https://www.zomato.com/bengaluru/restaurant-409,"169, Bommanahalli, Bengaluru",Bommanahalli,12.905496,77.617819,+919705277402,3.7,5911,1000,Dhaba,"Continental, North Indian",Yes,No,"Veg Thali, Idli, Ice Cream, Biryani",Lunch,Bommanahalli
R0410,Rattan Inc Kitchen,https://www.zomato.com/bengaluru/restaurant-410,"166, Sarjapur, Bengaluru",Sarjapur,12.848283,77.691278,+917679298842,3.7,11482,500,Takeaway,"Seafood, Street Food",Yes,No,"Paneer Tikka, Momos, Ice Cream",Lunch,Sarjapur
R0411,Balasubramanian Inc Restaurant,https://www.zomato.com/bengaluru/restaurant-411,"198, HSR Layout, Bengaluru",HSR Layout,12.897948,77.649461,+913126610941,4.4,663,200,Delivery,Pizza,Yes,No,"Idli, Masala Dosa",Buffet,HSR Layout
R0412,Wali Kale and Puri ,https://www.zomato.com/bengaluru/restaurant-412,"74, JP Nagar, Bengaluru",JP Nagar,12.902435,77.589162,+913326831901,3.5,3384,150,Dhaba,"Continental, Biryani",Yes,Yes,"Paneer Tikka, Masala Dosa, Veg Thali",Drinks,JP Nagar
R0413,Setty-Om Eatery,https://www.zomato.com/bengaluru/restaurant-413,"129, Nagarbhavi, Bengaluru",Nagarbhavi,12.968541,77.506397,+915598217661,4.2,9374,200,Casual Dining,Seafood,Yes,Yes,"Tandoori, Masala Dosa, Noodles",Delivery,Nagarbhavi
R0414,Pingle LLC Restaurant,https://www.zomato.com/bengaluru/restaurant-414,"74, Banashankari, Bengaluru",Banashankari,12.917517,77.549845,+911893898469,3.1,978,1000,Fine Dining,"North Indian, Pizza",Yes,No,"Paneer Tikka, Ice Cream, Cake, Butter Chicken",Dinner,Banashankari
R0415,Nair Chad and Ben ,https://www.zomato.com/bengaluru/restaurant-415,"16, Bellandur, Bengaluru",Bellandur,12.930297,77.661368,+913719905169,4.0,10084,200,Takeaway,"Cafe, Biryani",No,Yes,"Butter Chicken, Pizza, Noodles, Paneer Tikka",Cafes,Bellandur
R0416,Dugar PLC Kitchen,https://www.zomato.com/bengaluru/restaurant-416,"199, Bannerghatta Road, Bengaluru",Bannerghatta Road,12.857652,77.581668,+913896087066,3.3,11444,250,Delivery,"Pizza, Thai, Bakery",No,No,"Momos, Fried Rice, Biryani, Veg Thali, Masala Dosa",Dine-out,Bannerghatta Road
R0417,Bumb LLC Eatery,https://www.zomato.com/bengaluru/restaurant-417,"192, Whitefield, Bengaluru",Whitefield,12.967939,77.761814,+918900301027,3.9,3008,400,Quick Bites,"Thai, Biryani",Yes,No,"Chicken Curry, Butter Chicken, Fried Rice, Idli",Desserts,Whitefield
R0418,Samra-Sunder ,https://www.zomato.com/bengaluru/restaurant-418,"92, Electronic City, Bengaluru",Electronic City,12.828791,77.673935,+913745843845,3.8,11482,1000,Takeaway,"Italian, Chinese, Sandwich",Yes,Yes,"Pasta, Noodles, Masala Dosa, Cake",Drinks,Electronic City
R0419,Sathe Sachdeva and Mahajan Cafe,https://www.zomato.com/bengaluru/restaurant-419,"186, Yelahanka, Bengaluru",Yelahanka,13.106665,77.599956,+912037710704,3.8,4604,1200,Delivery,"Chinese, Biryani",Yes,Yes,"Tandoori, Fried Rice, Momos",Buffet,Yelahanka
R0420,Vala Inc Restaurant,https://www.zomato.com/bengaluru/restaurant-420,"169, Bellandur, Bengaluru",Bellandur,12.936337,77.671918,+916804085095,3.4,4351,1200,Casual Dining,Mughlai,Yes,No,"Veg Thali, Butter Chicken, Fried Rice, Idli, Noodles",Lunch,Bellandur
R0421,Sani-Choudhry Restaurant,https://www.zomato.com/bengaluru/restaurant-421,"98, Yelahanka, Bengaluru",Yelahanka,13.108978,77.609157,+917320441384,3.1,5580,1200,Delivery,Italian,Yes,No,"Momos, Veg Thali, Chicken Curry, Pasta, Cake",Cafes,Yelahanka
R0422,Sur-Vyas Kitchen,https://www.zomato.com/bengaluru/restaurant-422,"113, Malleshwaram, Bengaluru",Malleshwaram,12.996162,77.560215,+910705783609,3.5,1353,400,Takeaway,"North Indian, Italian, Desserts",Yes,Yes,"Paneer Tikka, Burger, Veg Thali, Fried Rice",Dinner,Malleshwaram
R0423,Morar Bath and Kannan Restaurant,https://www.zomato.com/bengaluru/restaurant-423,"176, JP Nagar, Bengaluru",JP Nagar,12.90054,77.591802,+918795083044,3.9,314,500,Takeaway,"Burger, Continental",Yes,No,"Burger, Pizza, Butter Chicken",Desserts,JP Nagar
R0424,Bhakta-Amble Cafe,https://www.zomato.com/bengaluru/restaurant-424,"147, Malleshwaram, Bengaluru",Malleshwaram,12.991375,77.567908,+915616420595,4.7,5538,600,Fine Dining,Sandwich,Yes,No,"Fried Rice, Noodles",Cafes,Malleshwaram
R0425,Mitra and Sons Bistro,https://www.zomato.com/bengaluru/restaurant-425,"149, MG Road, Bengaluru",MG Road,12.961535,77.615749,+915369026113,2.8,9313,1000,Takeaway,"Continental, North Indian",No,No,"Noodles, Shake",Delivery,MG Road
R0426,Kumer LLC Restaurant,https://www.zomato.com/bengaluru/restaurant-426,"85, Sarjapur, Bengaluru",Sarjapur,12.870346,77.689813,+913537513765,3.7,1355,500,Takeaway,"Sandwich, Rolls, Street Food",Yes,No,"Paneer Tikka, Noodles, Momos, Veg Thali",Dinner,Sarjapur
R0427,Dar-Amble Kitchen,https://www.zomato.com/bengaluru/restaurant-427,"21, MG Road, Bengaluru",MG Road,12.96751,77.628289,+916682973270,4.0,2782,200,Delivery,Continental,Yes,No,"Chicken Curry, Pizza, Paneer Tikka",Dinner,MG Road
R0428,Sani-Gill Bistro,https://www.zomato.com/bengaluru/restaurant-428,"100, Bannerghatta Road, Bengaluru",Bannerghatta Road,12.85943,77.606684,+916526834155,3.3,9740,1200,Takeaway,"North Indian, Fast Food",Yes,No,"Pizza, Tandoori",Buffet,Bannerghatta Road
R0429,Rai PLC Bistro,https://www.zomato.com/bengaluru/restaurant-429,"22, HSR Layout, Bengaluru",HSR Layout,12.918762,77.634549,+912099576572,3.7,8384,1200,Cafe,"Bakery, Street Food",Yes,Yes,"Momos, Masala Dosa, Pizza, Cake, Dosa",Cafes,HSR Layout
R0430,Karpe Tella and Pandya Kitchen,https://www.zomato.com/bengaluru/restaurant-430,"189, Banashankari, Bengaluru",Banashankari,12.920834,77.548724,+913684995154,3.0,2763,200,Cafe,"Sandwich, Bakery, Desserts",Yes,No,"Ice Cream, Shake, Burger, Dosa",Dinner,Banashankari
R0431,Ranganathan Ltd Kitchen,https://www.zomato.com/bengaluru/restaurant-431,"154, Marathahalli, Bengaluru",Marathahalli,12.97066,77.691054,+910883070534,4.3,9407,600,Fine Dining,"Italian, Pizza",No,No,"Pizza, Idli, Noodles, Paneer Tikka",Dine-out,Marathahalli
R0432,Sarin Inc ,https://www.zomato.com/bengaluru/restaurant-432,"30, Hebbal, Bengaluru",Hebbal,13.029648,77.585288,+915131528547,2.9,10382,1000,Fine Dining,"Italian, Street Food, Bakery",Yes,No,"Paneer Tikka, Dosa, Pizza, Masala Dosa, Cake",Drinks,Hebbal
R0433,Brahmbhatt-Munshi Restaurant,https://www.zomato.com/bengaluru/restaurant-433,"173, Indiranagar, Bengaluru",Indiranagar,12.976401,77.653771,+913472727423,2.8,10450,200,Takeaway,"Seafood, Biryani, South Indian",Yes,Yes,"Fried Rice, Pizza",Lunch,Indiranagar
R0434,Sanghvi Ravel and Sahni Bistro,https://www.zomato.com/bengaluru/restaurant-434,"169, HSR Layout, Bengaluru",HSR Layout,12.911321,77.642237,+912434776958,3.2,7930,400,Quick Bites,"Fast Food, South Indian, Bakery",Yes,Yes,"Ice Cream, Fried Rice, Cake, Tandoori",Cafes,HSR Layout
R0435,Contractor-Ravel Eatery,https://www.zomato.com/bengaluru/restaurant-435,"126, Yelahanka, Bengaluru",Yelahanka,13.114581,77.591062,+919630448360,3.5,9262,500,Cafe,"Bakery, Italian, Fast Food",Yes,No,"Shake, Idli, Cake, Masala Dosa, Noodles",Lunch,Yelahanka
R0436,Nair and Sons Eatery,https://www.zomato.com/bengaluru/restaurant-436,"57, Hebbal, Bengaluru",Hebbal,13.033556,77.589821,+919283199529,2.8,8893,150,Fine Dining,Cafe,Yes,No,"Fried Rice, Shake, Butter Chicken, Pizza, Pasta",Delivery,Hebbal
R0437,Sharma Pathak and Chakrabarti Restaurant,https://www.zomato.com/bengaluru/restaurant-437,"75, Nagarbhavi, Bengaluru",Nagarbhavi,12.977442,77.517367,+912556383000,2.6,8677,200,Takeaway,"Chinese, South Indian, Biryani",No,No,"Pasta, Noodles, Burger, Chicken Curry",Buffet,Nagarbhavi
R0438,Cherian-Kohli Restaurant,https://www.zomato.com/bengaluru/restaurant-438,"190, JP Nagar, Bengaluru",JP Nagar,12.901293,77.568927,+914111860089,3.5,2537,200,Fine Dining,"Pizza, South Indian, Cafe",No,Yes,"Ice Cream, Pasta",Cafes,JP Nagar
R0439,Rattan-Viswanathan Restaurant,https://www.zomato.com/bengaluru/restaurant-439,"105, Rajajinagar, Bengaluru",Rajajinagar,12.987955,77.563305,+918474883607,3.3,11970,600,Cafe,"Cafe, Street Food",Yes,No,"Idli, Paneer Tikka, Masala Dosa",Desserts,Rajajinagar
R0440,Randhawa LLC Restaurant,https://www.zomato.com/bengaluru/restaurant-440,"162, Shivajinagar, Bengaluru",Shivajinagar,13.001056,77.59792,+911182379312,4.2,6655,1200,Dhaba,Street Food,No,No,"Masala Dosa, Idli, Momos, Burger",Desserts,Shivajinagar
R0441,Nori Kant and Nath Restaurant,https://www.zomato.com/bengaluru/restaurant-441,"194, Indiranagar, Bengaluru",Indiranagar,12.986422,77.633361,+918787535778,4.1,9139,200,Quick Bites,"Seafood, Continental",No,No,"Shake, Chicken Curry",Delivery,Indiranagar
R0442,Bose PLC ,https://www.zomato.com/bengaluru/restaurant-442,"135, Basavanagudi, Bengaluru",Basavanagudi,12.931418,77.560209,+917286604164,3.5,11845,400,Takeaway,"Italian, Fast Food, Biryani",Yes,No,"Idli, Butter Chicken, Chicken Curry, Fried Rice, Dosa",Drinks,Basavanagudi
R0443,Comar Wali and Uppal Restaurant,https://www.zomato.com/bengaluru/restaurant-443,"43, Shivajinagar, Bengaluru",Shivajinagar,12.991307,77.590246,+918705622710,3.6,5159,300,Casual Dining,"Biryani, Thai, Cafe",Yes,No,"Veg Thali, Noodles, Shake, Pasta, Cake",Dinner,Shivajinagar
R0444,Palla LLC Cafe,https://www.zomato.com/bengaluru/restaurant-444,"73, Rajajinagar, Bengaluru",Rajajinagar,12.978041,77.559749,+916945964883,2.6,1319,1200,Casual Dining,"Fast Food, Chinese, Thai",Yes,No,"Cake, Biryani, Noodles",Desserts,Rajajinagar
R0445,Divan Keer and Chauhan Restaurant,https://www.zomato.com/bengaluru/restaurant-445,"24, Bellandur, Bengaluru",Bellandur,12.91605,77.67731,+919222705102,4.2,8433,800,Delivery,Sandwich,No,No,"Shake, Paneer Tikka, Masala Dosa, Idli, Dosa",Cafes,Bellandur
R0446,Kunda and Sons Bistro,https://www.zomato.com/bengaluru/restaurant-446,"55, Sarjapur, Bengaluru",Sarjapur,12.8692,77.678823,+912426877418,3.8,7183,500,Casual Dining,"Mughlai, Rolls",Yes,No,"Cake, Momos, Shake, Paneer Tikka, Butter Chicken",Dinner,Sarjapur
R0447,Dua Ltd Restaurant,https://www.zomato.com/bengaluru/restaurant-447,"114, Nagarbhavi, Bengaluru",Nagarbhavi,12.976401,77.511855,+915830945154,5.0,8287,150,Takeaway,Rolls,Yes,Yes,"Ice Cream, Cake, Burger",Cafes,Nagarbhavi
R0448,Goel Ltd Eatery,https://www.zomato.com/bengaluru/restaurant-448,"45, Brookefield, Bengaluru",Brookefield,12.957462,77.699218,+917810509222,3.0,1406,600,Dhaba,"Cafe, Rolls, South Indian",Yes,Yes,"Masala Dosa, Veg Thali",Dinner,Brookefield
R0449,Shetty-Sen Eatery,https://www.zomato.com/bengaluru/restaurant-449,"171, Brookefield, Bengaluru",Brookefield,12.964418,77.707327,+910138241270,4.7,4564,1200,Casual Dining,"Cafe, Biryani, North Indian",No,Yes,"Shake, Burger, Cake, Paneer Tikka",Buffet,Brookefield
R0450,Naidu Mutti and Dora Kitchen,https://www.zomato.com/bengaluru/restaurant-450,"48, Electronic City, Bengaluru",Electronic City,12.833113,77.672521,+915902035713,3.9,5092,300,Fine Dining,"Street Food, Chinese",Yes,No,"Dosa, Idli, Pasta, Masala Dosa, Cake",Buffet,Electronic City
R0451,Bir-Singh ,https://www.zomato.com/bengaluru/restaurant-451,"113, Basavanagudi, Bengaluru",Basavanagudi,12.948777,77.56514,+914175955872,4.0,651,1200,Delivery,Seafood,Yes,No,"Fried Rice, Noodles, Paneer Tikka, Veg Thali, Idli",Desserts,Basavanagudi
R0452,Mitter-Maharaj Restaurant,https://www.zomato.com/bengaluru/restaurant-452,"120, Bommanahalli, Bengaluru",Bommanahalli,12.894516,77.62328,+914018272795,4.2,6149,1200,Delivery,"Desserts, Biryani, Seafood",Yes,No,"Dosa, Tandoori, Noodles, Pizza",Delivery,Bommanahalli
R0453,Bhalla Pandey and Tripathi Restaurant,https://www.zomato.com/bengaluru/restaurant-453,"193, Brookefield, Bengaluru",Brookefield,12.953867,77.724931,+910797996673,3.6,4188,500,Takeaway,Bakery,Yes,No,"Shake, Pasta, Idli, Dosa, Burger",Lunch,Brookefield
R0454,Mukherjee Group Cafe,https://www.zomato.com/bengaluru/restaurant-454,"148, Electronic City, Bengaluru",Electronic City,12.826104,77.68987,+916902824983,4.4,9355,250,Casual Dining,Sandwich,Yes,Yes,"Chicken Curry, Pasta",Delivery,Electronic City
R0455,Barad-Bhandari Cafe,https://www.zomato.com/bengaluru/restaurant-455,"21, Electronic City, Bengaluru",Electronic City,12.848686,77.666244,+912336132850,3.9,7870,250,Cafe,"Street Food, Mughlai",Yes,No,"Veg Thali, Biryani, Pizza",Lunch,Electronic City
R0456,Mangat-Bose Cafe,https://www.zomato.com/bengaluru/restaurant-456,"196, Bommanahalli, Bengaluru",Bommanahalli,12.887875,77.618069,+912654696815,4.2,8050,1200,Quick Bites,"Street Food, Pizza",Yes,No,"Ice Cream, Pizza",Dine-out,Bommanahalli
R0457,Chana Tripathi and Rajagopalan Kitchen,https://www.zomato.com/bengaluru/restaurant-457,"87, Nagarbhavi, Bengaluru",Nagarbhavi,12.963355,77.500868,+916262446704,4.3,6959,250,Casual Dining,"North Indian, Mughlai, Chinese",No,No,"Pizza, Masala Dosa, Noodles",Delivery,Nagarbhavi
R0458,Barman-Sengupta ,https://www.zomato.com/bengaluru/restaurant-458,"117, Hebbal, Bengaluru",Hebbal,13.044987,77.592389,+910766046419,3.9,7427,1000,Cafe,"Italian, Mughlai, North Indian",No,No,"Shake, Pizza, Ice Cream",Drinks,Hebbal
R0459,Guha Nagy and Soni Bistro,https://www.zomato.com/bengaluru/restaurant-459,"187, Domlur, Bengaluru",Domlur,12.975053,77.62705,+917607401775,3.5,870,1200,Fine Dining,Bakery,Yes,No,"Dosa, Pizza, Biryani, Burger, Cake",Lunch,Domlur
R0460,Dora Bhatia and Seshadri Kitchen,https://www.zomato.com/bengaluru/restaurant-460,"115, Rajajinagar, Bengaluru",Rajajinagar,12.99545,77.564005,+915409150863,3.6,2921,200,Takeaway,Rolls,Yes,Yes,"Burger, Momos, Cake, Noodles",Dine-out,Rajajinagar
R0461,Oza Ltd ,https://www.zomato.com/bengaluru/restaurant-461,"26, Brookefield, Bengaluru",Brookefield,12.957904,77.724682,+916815466024,4.8,11872,200,Dhaba,"Street Food, Pizza",No,Yes,"Butter Chicken, Dosa, Shake, Burger, Biryani",Desserts,Brookefield
R0462,Thaman Ltd ,https://www.zomato.com/bengaluru/restaurant-462,"177, Shivajinagar, Bengaluru",Shivajinagar,12.979629,77.595096,+912480962440,5.0,6721,300,Quick Bites,"Rolls, Pizza, South Indian",No,No,"Masala Dosa, Noodles, Chicken Curry, Pizza",Dine-out,Shivajinagar
R0463,Baral and Sons ,https://www.zomato.com/bengaluru/restaurant-463,"156, Bellandur, Bengaluru",Bellandur,12.918712,77.678372,+917969586780,4.3,5668,500,Cafe,"Seafood, Italian, Pizza",Yes,No,"Biryani, Shake, Fried Rice",Dine-out,Bellandur
R0464,Sarma Sarna and Viswanathan Kitchen,https://www.zomato.com/bengaluru/restaurant-464,"54, Hebbal, Bengaluru",Hebbal,13.046431,77.596969,+918544577029,4.0,9633,250,Takeaway,"Fast Food, Mughlai, Cafe",Yes,No,"Butter Chicken, Dosa, Masala Dosa, Paneer Tikka, Burger",Lunch,Hebbal
R0465,Dutt Patla and Pradhan Kitchen,https://www.zomato.com/bengaluru/restaurant-465,"102, Yelahanka, Bengaluru",Yelahanka,13.115375,77.582002,+913319422686,2.9,5817,300,Delivery,"Rolls, Burger",Yes,No,"Ice Cream, Pizza, Pasta",Drinks,Yelahanka
R0466,Ram-Rege Cafe,https://www.zomato.com/bengaluru/restaurant-466,"116, Brookefield, Bengaluru",Brookefield,12.946269,77.724443,+912264085721,3.1,6330,1200,Fine Dining,"Seafood, Sandwich, Mughlai",No,No,"Ice Cream, Masala Dosa, Veg Thali",Lunch,Brookefield
R0467,Ben-Natt Bistro,https://www.zomato.com/bengaluru/restaurant-467,"161, BTM Layout, Bengaluru",BTM Layout,12.920693,77.613666,+917150968832,3.6,7550,500,Fine Dining,Sandwich,Yes,Yes,"Chicken Curry, Biryani",Dinner,BTM Layout
R0468,Narayan Inc ,https://www.zomato.com/bengaluru/restaurant-468,"155, Bommanahalli, Bengaluru",Bommanahalli,12.909142,77.613582,+917327819523,4.2,7622,200,Quick Bites,"Chinese, North Indian",Yes,No,"Veg Thali, Pasta, Fried Rice",Lunch,Bommanahalli
R0469,Raju Mander and Krishnan Cafe,https://www.zomato.com/bengaluru/restaurant-469,"102, Sarjapur, Bengaluru",Sarjapur,12.876266,77.697465,+910568761124,2.8,9549,200,Fine Dining,Bakery,Yes,No,"Pasta, Idli, Biryani, Fried Rice",Lunch,Sarjapur
R0470,Doctor Nath and Bumb Eatery,https://www.zomato.com/bengaluru/restaurant-470,"182, KR Puram, Bengaluru",KR Puram,13.000195,77.706889,+917345475749,3.9,4560,1200,Quick Bites,"Biryani, Cafe",Yes,Yes,"Shake, Dosa",Cafes,KR Puram
R0471,Dhaliwal Palla and Mukherjee ,https://www.zomato.com/bengaluru/restaurant-471,"33, Koramangala, Bengaluru",Koramangala,12.926831,77.620626,+912946430394,3.6,2480,1200,Quick Bites,"Desserts, Rolls",Yes,No,"Momos, Masala Dosa, Veg Thali",Lunch,Koramangala
R0472,Ramanathan Dayal and Chad Eatery,https://www.zomato.com/bengaluru/restaurant-472,"166, Banashankari, Bengaluru",Banashankari,12.929154,77.536912,+912872760153,3.5,5117,300,Casual Dining,"Continental, Sandwich",Yes,No,"Tandoori, Cake, Ice Cream, Chicken Curry",Delivery,Banashankari
R0473,Puri-Narasimhan Bistro,https://www.zomato.com/bengaluru/restaurant-473,"18, Brookefield, Bengaluru",Brookefield,12.949008,77.712864,+914888107983,2.8,4059,400,Dhaba,"North Indian, Sandwich, Pizza",Yes,No,"Cake, Butter Chicken, Ice Cream",Desserts,Brookefield
R0474,Vyas Inc Restaurant,https://www.zomato.com/bengaluru/restaurant-474,"134, Marathahalli, Bengaluru",Marathahalli,12.964789,77.696082,+914033399771,2.7,8847,150,Cafe,Cafe,Yes,Yes,"Dosa, Noodles, Pasta, Veg Thali",Dinner,Marathahalli
R0475,Sampath Trivedi and Pathak Kitchen,https://www.zomato.com/bengaluru/restaurant-475,"185, Whitefield, Bengaluru",Whitefield,12.968057,77.749181,+917399704694,2.8,8120,250,Cafe,Rolls,No,No,"Masala Dosa, Momos, Biryani",Cafes,Whitefield
R0476,Patil LLC Eatery,https://www.zomato.com/bengaluru/restaurant-476,"29, Brookefield, Bengaluru",Brookefield,12.952089,77.723918,+912705877221,3.2,7128,400,Quick Bites,Seafood,No,No,"Pasta, Tandoori, Momos, Shake",Dine-out,Brookefield
R0477,Kala LLC Restaurant,https://www.zomato.com/bengaluru/restaurant-477,"147, BTM Layout, Bengaluru",BTM Layout,12.924964,77.617986,+912523622925,3.3,8511,800,Fine Dining,Desserts,No,No,"Shake, Tandoori, Masala Dosa, Butter Chicken",Cafes,BTM Layout
R0478,Handa-Kara Cafe,https://www.zomato.com/bengaluru/restaurant-478,"109, Marathahalli, Bengaluru",Marathahalli,12.972085,77.696559,+919660606527,2.5,4542,150,Dhaba,"Thai, Continental",Yes,Yes,"Shake, Cake, Pasta, Fried Rice",Cafes,Marathahalli
R0479,Dubey Inc Restaurant,https://www.zomato.com/bengaluru/restaurant-479,"42, Electronic City, Bengaluru",Electronic City,12.849877,77.66271,+915797067349,4.0,9652,600,Quick Bites,"Mughlai, Seafood",Yes,Yes,"Noodles, Tandoori, Veg Thali",Drinks,Electronic City
R0480,Chaudhuri-Tripathi Restaurant,https://www.zomato.com/bengaluru/restaurant-480,"39, Bellandur, Bengaluru",Bellandur,12.926837,77.673544,+919493817359,3.6,9005,400,Takeaway,"Italian, Burger",Yes,No,"Dosa, Shake, Chicken Curry",Buffet,Bellandur
R0481,Vyas Barad and Nayar Restaurant,https://www.zomato.com/bengaluru/restaurant-481,"174, Jayanagar, Bengaluru",Jayanagar,12.938963,77.57084,+914490216667,3.9,836,1000,Quick Bites,"Seafood, Thai, Street Food",Yes,Yes,"Burger, Shake, Veg Thali",Lunch,Jayanagar
R0482,Deep Puri and Dube Kitchen,https://www.zomato.com/bengaluru/restaurant-482,"143, Indiranagar, Bengaluru",Indiranagar,12.992194,77.651992,+911828197931,4.4,11255,600,Dhaba,"Rolls, Burger",Yes,No,"Shake, Dosa, Tandoori, Momos",Dinner,Indiranagar
R0483,Golla Ltd Eatery,https://www.zomato.com/bengaluru/restaurant-483,"5, Bannerghatta Road, Bengaluru",Bannerghatta Road,12.860966,77.590513,+910356243958,3.6,7549,300,Dhaba,Seafood,Yes,No,"Tandoori, Chicken Curry, Biryani, Noodles, Momos",Dine-out,Bannerghatta Road
R0484,Gandhi Sarma and Bassi Restaurant,https://www.zomato.com/bengaluru/restaurant-484,"139, BTM Layout, Bengaluru",BTM Layout,12.92479,77.601284,+915155333426,4.6,4491,300,Casual Dining,Italian,Yes,Yes,"Pasta, Butter Chicken",Dine-out,BTM Layout
R0485,Patla-Khanna Eatery,https://www.zomato.com/bengaluru/restaurant-485,"152, Hebbal, Bengaluru",Hebbal,13.024493,77.61044,+911128981231,3.4,8063,1200,Cafe,Street Food,Yes,No,"Ice Cream, Butter Chicken, Veg Thali",Desserts,Hebbal
R0486,Mane-Sen Kitchen,https://www.zomato.com/bengaluru/restaurant-486,"98, BTM Layout, Bengaluru",BTM Layout,12.931155,77.619094,+916615541643,4.0,11538,200,Fine Dining,"Burger, Cafe",No,No,"Veg Thali, Biryani",Buffet,BTM Layout
R0487,Walla and Sons Eatery,https://www.zomato.com/bengaluru/restaurant-487,"196, Bellandur, Bengaluru",Bellandur,12.932589,77.68732,+910093459626,3.5,2874,250,Takeaway,Continental,Yes,No,"Burger, Biryani, Pizza",Dine-out,Bellandur
R0488,Singh-Hari Cafe,https://www.zomato.com/bengaluru/restaurant-488,"160, Malleshwaram, Bengaluru",Malleshwaram,13.014472,77.555982,+915005070260,3.8,8888,600,Dhaba,North Indian,Yes,Yes,"Noodles, Momos, Ice Cream, Shake, Burger",Delivery,Malleshwaram
R0489,Sastry-Shenoy Cafe,https://www.zomato.com/bengaluru/restaurant-489,"122, Koramangala, Bengaluru",Koramangala,12.93066,77.616181,+917425859177,3.1,9409,300,Casual Dining,"Chinese, Italian",Yes,No,"Veg Thali, Chicken Curry, Pasta, Dosa, Tandoori",Dine-out,Koramangala
R0490,Raja-Thakkar Restaurant,https://www.zomato.com/bengaluru/restaurant-490,"187, Jayanagar, Bengaluru",Jayanagar,12.922567,77.571266,+914579889425,3.3,6964,500,Fine Dining,Mughlai,Yes,No,"Idli, Fried Rice, Tandoori, Pizza",Buffet,Jayanagar
R0491,Sahota Edwin and Iyengar Eatery,https://www.zomato.com/bengaluru/restaurant-491,"83, Bannerghatta Road, Bengaluru",Bannerghatta Road,12.88358,77.592151,+910977539673,4.0,7475,1200,Cafe,Biryani,No,Yes,"Biryani, Pizza, Butter Chicken",Cafes,Bannerghatta Road
R0492,Devi Krishna and Ben Cafe,https://www.zomato.com/bengaluru/restaurant-492,"196, Brookefield, Bengaluru",Brookefield,12.966155,77.725617,+918415608213,3.4,7544,200,Quick Bites,"Fast Food, Cafe",Yes,Yes,"Masala Dosa, Veg Thali, Idli, Shake",Drinks,Brookefield
R0493,Srivastava Prabhu and Chauhan Kitchen,https://www.zomato.com/bengaluru/restaurant-493,"51, Electronic City, Bengaluru",Electronic City,12.838477,77.678599,+915892988085,4.4,8888,300,Fine Dining,Sandwich,Yes,No,"Ice Cream, Tandoori, Noodles",Dine-out,Electronic City
R0494,Varty Dash and Mane Cafe,https://www.zomato.com/bengaluru/restaurant-494,"100, Whitefield, Bengaluru",Whitefield,12.975212,77.753947,+918677524014,4.5,11655,1000,Fine Dining,"Pizza, Continental, Bakery",Yes,Yes,"Paneer Tikka, Butter Chicken, Ice Cream",Delivery,Whitefield
R0495,Dyal LLC Restaurant,https://www.zomato.com/bengaluru/restaurant-495,"71, Indiranagar, Bengaluru",Indiranagar,12.986055,77.630009,+912619237245,3.8,226,200,Takeaway,"Fast Food, Pizza",Yes,No,"Burger, Chicken Curry, Ice Cream, Momos, Idli",Delivery,Indiranagar
R0496,Varghese-Din Kitchen,https://www.zomato.com/bengaluru/restaurant-496,"98, Nagarbhavi, Bengaluru",Nagarbhavi,12.975156,77.504133,+914176927438,4.4,1738,200,Fine Dining,"Street Food, Desserts, Italian",Yes,Yes,"Pizza, Dosa, Shake, Veg Thali, Pasta",Dinner,Nagarbhavi
R0497,Chand-Kapadia Kitchen,https://www.zomato.com/bengaluru/restaurant-497,"4, Bommanahalli, Bengaluru",Bommanahalli,12.910397,77.61655,+911739739641,4.7,11658,800,Takeaway,"Italian, Cafe, Sandwich",No,No,"Tandoori, Shake, Chicken Curry, Pasta",Lunch,Bommanahalli
R0498,Palla-Bala ,https://www.zomato.com/bengaluru/restaurant-498,"191, Indiranagar, Bengaluru",Indiranagar,12.98145,77.64351,+910577980660,2.3,3589,1200,Casual Dining,"Italian, Rolls, Sandwich",Yes,No,"Cake, Chicken Curry, Ice Cream",Drinks,Indiranagar
R0499,Bera-Randhawa Cafe,https://www.zomato.com/bengaluru/restaurant-499,"118, Whitefield, Bengaluru",Whitefield,12.963568,77.747264,+914238856527,3.6,1506,500,Cafe,Street Food,Yes,No,"Cake, Pasta, Tandoori, Idli",Cafes,Whitefield
R0500,Prakash Keer and Raju ,https://www.zomato.com/bengaluru/restaurant-500,"125, Whitefield, Bengaluru",Whitefield,12.982225,77.737613,+915575225013,4.8,9582,400,Takeaway,"Seafood, Burger",Yes,No,"Ice Cream, Noodles, Paneer Tikka",Dine-out,Whitefield
