user_id,first_name,last_name,email,phone,default_latitude,default_longitude,city,location_area,created_at
U00001,Sanya,Hayre,sanya.hayre1@yahoo.com,+916122328614,12.942801,77.600933,Bengaluru,Jayanagar,2024-01-27
U00002,Samesh,Nadig,samesh.nadig2@outlook.com,+914224922430,12.942968,77.611238,Bengaluru,Koramangala,2022-11-07
U00003,Chandani,Modi,chandani.modi3@gmail.com,+910132789282,12.921132,77.570534,Bengaluru,Jayanagar,2021-01-31
U00004,Radhika,Padmanabhan,radhika.padmanabhan4@hotmail.com,+911353295617,12.931543,77.669385,Bengaluru,Bellandur,2024-03-07
U00005,Gaurav,Anand,gaurav.anand5@outlook.com,+917640897795,13.089117,77.588404,Bengaluru,Yelahanka,2023-04-16
U00006,Yashvi,Raval,yashvi.raval6@gmail.com,+913070906336,12.912135,77.624684,Bengaluru,BTM Layout,2024-02-05
U00007,Joshua,Menon,joshua.menon7@gmail.com,+916726173629,12.965039,77.656943,Bengaluru,Indiranagar,2022-11-16
U00008,David,Pingle,david.pingle8@hotmail.com,+917382438214,12.923293,77.595019,Bengaluru,Jayanagar,2023-07-12
U00009,Chatresh,Acharya,chatresh.acharya9@yahoo.com,+918338138522,13.088482,77.584059,Bengaluru,Yelahanka,2021-11-25
U00010,Jagrati,Choudhary,jagrati.choudhary10@hotmail.com,+917094014412,12.910763,77.627898,Bengaluru,BTM Layout,2021-10-24
U00011,Baghyawati,Balasubramanian,baghyawati.balasubramanian11@yahoo.com,+915670893935,12.834082,77.664774,Bengaluru,Electronic City,2022-05-31
U00012,Wahab,Sankaran,wahab.sankaran12@yahoo.com,+917415358338,12.970464,77.65552,Bengaluru,Indiranagar,2022-02-07
U00013,Meera,Nadkarni,meera.nadkarni13@outlook.com,+919053094587,13.036105,77.612958,Bengaluru,Hebbal,2021-06-13
U00014,Lavanya,Ravi,lavanya.ravi14@yahoo.com,+917232300708,13.005634,77.551831,Bengaluru,Malleshwaram,2022-12-09
U00015,Lakshmi,Saran,lakshmi.saran15@hotmail.com,+918467475291,13.113963,77.580821,Bengaluru,Yelahanka,2022-09-14
U00016,Siddharth,Ghose,siddharth.ghose16@hotmail.com,+910869227025,12.927418,77.684038,Bengaluru,Bellandur,2023-01-14
U00017,Vaishnavi,Dewan,vaishnavi.dewan17@outlook.com,+911055624126,12.93719,77.579083,Bengaluru,Jayanagar,2021-07-31
U00018,Raghav,Rajagopalan,raghav.rajagopalan18@gmail.com,+914059647033,13.001694,77.691652,Bengaluru,KR Puram,2024-03-12
U00019,Jagvi,Sahni,jagvi.sahni19@outlook.com,+913206543261,13.112074,77.584439,Bengaluru,Yelahanka,2022-10-28
U00020,Mitesh,Mani,mitesh.mani20@gmail.com,+917152431091,12.857488,77.669741,Bengaluru,Electronic City,2022-03-02
U00021,Jeremiah,Desai,jeremiah.desai21@yahoo.com,+919531225264,12.99653,77.571692,Bengaluru,Rajajinagar,2021-03-03
U00022,Advay,Bora,advay.bora22@hotmail.com,+916764428630,12.984792,77.598769,Bengaluru,Shivajinagar,2021-05-07
U00023,Amol,Dhawan,amol.dhawan23@hotmail.com,+911010124480,13.053176,77.605534,Bengaluru,Hebbal,2023-12-10
U00024,Vidhi,Sarkar,vidhi.sarkar24@yahoo.com,+911874900449,12.999202,77.572746,Bengaluru,Malleshwaram,2021-08-03
U00025,Laban,Chad,laban.chad25@gmail.com,+912314920499,12.923359,77.644584,Bengaluru,HSR Layout,2023-06-19
U00026,Laksh,Sagar,laksh.sagar26@outlook.com,+914121070431,12.899186,77.626574,Bengaluru,BTM Layout,2021-04-26
U00027,Tamanna,Sandal,tamanna.sandal27@gmail.com,+911588785066,12.946026,77.619837,Bengaluru,Koramangala,2022-03-21
U00028,Pranit,Sha,pranit.sha28@outlook.com,+914148351560,12.944948,77.622515,Bengaluru,Koramangala,2021-08-26
U00029,Yashodhara,Samra,yashodhara.samra29@yahoo.com,+917021538611,12.981442,77.59257,Bengaluru,Shivajinagar,2023-07-27
U00030,Shivani,Rajagopalan,shivani.rajagopalan30@hotmail.com,+917143593410,12.976598,77.540854,Bengaluru,Rajajinagar,2021-12-23
U00031,Isha,Kara,isha.kara31@outlook.com,+914725531073,12.928381,77.587652,Bengaluru,Basavanagudi,2021-01-22
U00032,Quincy,Samra,quincy.samra32@gmail.com,+912508452408,12.939881,77.535528,Bengaluru,Banashankari,2023-06-18
U00033,Abhimanyu,Tara,abhimanyu.tara33@hotmail.com,+915336010999,12.85913,77.697082,Bengaluru,Sarjapur,2021-09-20
U00034,Warjas,Thaker,warjas.thaker34@gmail.com,+910099812971,12.969257,77.709393,Bengaluru,Marathahalli,2022-07-05
U00035,Amruta,Roy,amruta.roy35@yahoo.com,+918741594925,12.973686,77.608229,Bengaluru,Shivajinagar,2023-11-24
U00036,Jeevika,Bandi,jeevika.bandi36@outlook.com,+912664273869,12.930593,77.668123,Bengaluru,Bellandur,2021-04-01
U00037,Baljiwan,Subramanian,baljiwan.subramanian37@gmail.com,+910512927243,12.954834,77.588992,Bengaluru,Basavanagudi,2021-06-20
U00038,Jyoti,Chowdhury,jyoti.chowdhury38@hotmail.com,+913677810708,12.943693,77.624238,Bengaluru,Koramangala,2023-11-25
U00039,Vasatika,Buch,vasatika.buch39@gmail.com,+919351331579,12.910568,77.609952,Bengaluru,Bommanahalli,2023-10-28
U00040,Lucky,Vyas,lucky.vyas40@yahoo.com,+916162017295,12.891771,77.57169,Bengaluru,JP Nagar,2023-06-05
U00041,Ati,Shroff,ati.shroff41@hotmail.com,+918696110840,12.857617,77.582655,Bengaluru,Bannerghatta Road,2021-04-29
U00042,Zansi,Brar,zansi.brar42@yahoo.com,+916736086333,12.995617,77.677471,Bengaluru,KR Puram,2023-09-05
U00043,Gaurang,Korpal,gaurang.korpal43@gmail.com,+916676055080,12.990239,77.617926,Bengaluru,Shivajinagar,2023-03-13
U00044,Urmi,Brahmbhatt,urmi.brahmbhatt44@gmail.com,+918306925098,12.941429,77.724833,Bengaluru,Brookefield,2021-04-20
U00045,Devika,Bera,devika.bera45@outlook.com,+914419941243,12.973053,77.657939,Bengaluru,Indiranagar,2023-06-02
U00046,Hemal,Warrior,hemal.warrior46@gmail.com,+919990761918,13.08487,77.580034,Bengaluru,Yelahanka,2022-01-04
U00047,Advay,Singh,advay.singh47@yahoo.com,+917849032177,12.978511,77.764304,Bengaluru,Whitefield,2023-04-26
U00048,Sudiksha,Vala,sudiksha.vala48@gmail.com,+917675500437,12.927986,77.691804,Bengaluru,Bellandur,2021-09-01
U00049,Upasna,Narula,upasna.narula49@gmail.com,+917522950838,12.995301,77.545167,Bengaluru,Rajajinagar,2022-11-12
U00050,Oviya,Pandit,oviya.pandit50@gmail.com,+916748675675,12.925888,77.563922,Bengaluru,Basavanagudi,2022-03-13
U00051,Chaitaly,Mann,chaitaly.mann51@gmail.com,+913474392708,12.926393,77.6038,Bengaluru,BTM Layout,2022-10-09
U00052,Oliver,Banik,oliver.banik52@gmail.com,+913781010320,12.957948,77.748395,Bengaluru,Whitefield,2021-02-22
U00053,Daksha,Lad,daksha.lad53@gmail.com,+910990975788,12.84888,77.677216,Bengaluru,Sarjapur,2023-04-10
U00054,Darsh,Solanki,darsh.solanki54@gmail.com,+910764449043,12.989196,77.56412,Bengaluru,Malleshwaram,2024-02-27
U00055,Omkaar,Behl,omkaar.behl55@hotmail.com,+916222772610,12.979201,77.60717,Bengaluru,Shivajinagar,2021-06-03
U00056,Bishakha,Bala,bishakha.bala56@gmail.com,+916028465592,12.981868,77.561335,Bengaluru,Rajajinagar,2021-12-13
U00057,Bhavini,Sundaram,bhavini.sundaram57@hotmail.com,+918649933974,12.919062,77.642059,Bengaluru,HSR Layout,2024-01-13
U00058,Fitan,Date,fitan.date58@gmail.com,+910238487614,12.991947,77.571534,Bengaluru,Malleshwaram,2023-12-27
U00059,Yashasvi,Bose,yashasvi.bose59@yahoo.com,+913609085753,12.831081,77.685349,Bengaluru,Electronic City,2023-06-23
U00060,Arunima,Krishnan,arunima.krishnan60@hotmail.com,+913183429002,12.979874,77.508703,Bengaluru,Nagarbhavi,2023-03-15
U00061,Kevin,Mand,kevin.mand61@hotmail.com,+915234615121,12.855469,77.664974,Bengaluru,Electronic City,2024-01-06
U00062,Anvi,Kurian,anvi.kurian62@gmail.com,+919601066589,12.982613,77.50471,Bengaluru,Nagarbhavi,2023-12-08
U00063,Akshay,Choudhury,akshay.choudhury63@outlook.com,+915658293854,13.035873,77.584762,Bengaluru,Hebbal,2021-09-23
U00064,Owen,Dora,owen.dora64@outlook.com,+915039863834,12.90149,77.602394,Bengaluru,Bommanahalli,2022-08-27
U00065,Sanya,Pingle,sanya.pingle65@gmail.com,+911449860296,12.959883,77.592444,Bengaluru,Basavanagudi,2023-12-08
U00066,Parth,Lal,parth.lal66@yahoo.com,+915307079190,13.007776,77.544599,Bengaluru,Rajajinagar,2021-06-07
U00067,Warinder,Sundaram,warinder.sundaram67@hotmail.com,+911508334512,12.847297,77.684057,Bengaluru,Electronic City,2021-02-16
U00068,Pratyush,Wable,pratyush.wable68@outlook.com,+914183378814,12.976601,77.623404,Bengaluru,MG Road,2022-12-12
U00069,Bachittar,Oza,bachittar.oza69@outlook.com,+915074382039,12.957792,77.727522,Bengaluru,Brookefield,2021-10-24
U00070,Frado,Dhillon,frado.dhillon70@gmail.com,+918677550053,13.014839,77.551845,Bengaluru,Malleshwaram,2023-06-27
U00071,Mitesh,Tandon,mitesh.tandon71@hotmail.com,+913673361424,12.864873,77.606235,Bengaluru,Bannerghatta Road,2021-05-03
U00072,Nitara,Rajagopal,nitara.rajagopal72@gmail.com,+913295661482,12.91771,77.564623,Bengaluru,Banashankari,2023-06-09
U00073,Wazir,Sarraf,wazir.sarraf73@outlook.com,+915178275773,12.888019,77.609615,Bengaluru,Bommanahalli,2024-01-23
U00074,Oliver,Kade,oliver.kade74@hotmail.com,+911741964000,12.987849,77.625259,Bengaluru,Indiranagar,2021-03-02
U00075,Hemani,Bhagat,hemani.bhagat75@yahoo.com,+919627838777,12.874574,77.589387,Bengaluru,Bannerghatta Road,2022-11-07
U00076,Aishani,D’Alia,aishani.d’alia76@yahoo.com,+917145137402,12.936425,77.556805,Bengaluru,Basavanagudi,2022-09-02
U00077,Charles,Ganesh,charles.ganesh77@outlook.com,+915293675627,12.96621,77.626582,Bengaluru,Domlur,2023-06-03
U00078,Ucchal,Rastogi,ucchal.rastogi78@outlook.com,+913498939759,13.012519,77.561978,Bengaluru,Malleshwaram,2021-01-29
U00079,Vamakshi,Mitra,vamakshi.mitra79@outlook.com,+912094705447,12.996952,77.564075,Bengaluru,Malleshwaram,2021-12-14
U00080,Vamakshi,Walia,vamakshi.walia80@yahoo.com,+911876927043,12.93749,77.588347,Bengaluru,Basavanagudi,2021-01-23
U00081,Vivaan,Raghavan,vivaan.raghavan81@yahoo.com,+917158344302,12.862846,77.701169,Bengaluru,Sarjapur,2023-11-30
U00082,Madhavi,Som,madhavi.som82@yahoo.com,+915442402948,12.991116,77.606841,Bengaluru,Shivajinagar,2024-01-30
U00083,Adweta,Dhillon,adweta.dhillon83@hotmail.com,+919087634272,12.953567,77.51216,Bengaluru,Nagarbhavi,2024-02-17
U00084,Radhika,Arora,radhika.arora84@gmail.com,+917873781561,12.837711,77.675753,Bengaluru,Electronic City,2022-12-20
U00085,Bhavya,Sen,bhavya.sen85@yahoo.com,+917138731403,12.930247,77.58346,Bengaluru,Basavanagudi,2023-02-14
U00086,Lavanya,Mutti,lavanya.mutti86@hotmail.com,+916162469889,12.91409,77.651265,Bengaluru,HSR Layout,2023-05-21
U00087,Benjamin,Chatterjee,benjamin.chatterjee87@hotmail.com,+911822479224,12.966462,77.712163,Bengaluru,Brookefield,2021-12-19
U00088,Irya,Sankaran,irya.sankaran88@hotmail.com,+910716714895,12.922173,77.563905,Bengaluru,Banashankari,2023-06-21
U00089,Anjali,Nayak,anjali.nayak89@outlook.com,+913529800934,13.039749,77.591023,Bengaluru,Hebbal,2021-12-20
U00090,Anamika,Loke,anamika.loke90@yahoo.com,+915424711558,12.955827,77.514983,Bengaluru,Nagarbhavi,2022-05-30
U00091,Guneet,Kumer,guneet.kumer91@gmail.com,+915171907067,12.92067,77.599351,Bengaluru,JP Nagar,2024-03-04
U00092,Mahika,Shenoy,mahika.shenoy92@yahoo.com,+913164538336,12.931114,77.563905,Bengaluru,Banashankari,2021-08-28
U00093,Wyatt,Hayer,wyatt.hayer93@gmail.com,+915332101254,12.827709,77.670606,Bengaluru,Electronic City,2022-04-02
U00094,Zinal,Nazareth,zinal.nazareth94@gmail.com,+919995977031,12.893026,77.61269,Bengaluru,Bommanahalli,2022-08-22
U00095,Pranit,Munshi,pranit.munshi95@hotmail.com,+912583201435,12.907469,77.600967,Bengaluru,Bommanahalli,2023-12-28
U00096,Advaith,Anand,advaith.anand96@yahoo.com,+917988368636,12.835252,77.687966,Bengaluru,Electronic City,2023-03-23
U00097,Ekansh,Arora,ekansh.arora97@outlook.com,+919810632673,12.970762,77.705711,Bengaluru,Brookefield,2022-09-26
U00098,Nisha,Chaudhari,nisha.chaudhari98@gmail.com,+912942992119,12.973826,77.583976,Bengaluru,Shivajinagar,2022-07-17
U00099,Hemang,Sehgal,hemang.sehgal99@yahoo.com,+910697820993,12.899389,77.574655,Bengaluru,JP Nagar,2022-11-30
U00100,Indali,Kanda,indali.kanda100@gmail.com,+910382998399,12.860685,77.700095,Bengaluru,Sarjapur,2021-10-11
U00101,Bhanumati,Krishnamurthy,bhanumati.krishnamurthy101@outlook.com,+914761680680,12.964175,77.654796,Bengaluru,Indiranagar,2022-12-17
U00102,Reyansh,Bandi,reyansh.bandi102@gmail.com,+915468013143,12.942472,77.705586,Bengaluru,Marathahalli,2021-01-13
U00103,Arjun,Chanda,arjun.chanda103@hotmail.com,+913211154959,12.956086,77.712366,Bengaluru,Marathahalli,2022-06-21
U00104,Dakshesh,Kalla,dakshesh.kalla104@yahoo.com,+911791969091,12.966709,77.718178,Bengaluru,Brookefield,2024-03-29
U00105,Jairaj,Dar,jairaj.dar105@hotmail.com,+919205948360,12.954754,77.681767,Bengaluru,Marathahalli,2022-10-12
U00106,Gabriel,De,gabriel.de106@gmail.com,+918011536096,13.004443,77.615035,Bengaluru,Shivajinagar,2023-05-12
U00107,Keya,Goyal,keya.goyal107@yahoo.com,+919732009601,12.829468,77.669778,Bengaluru,Electronic City,2022-07-01
U00108,Indrajit,Gour,indrajit.gour108@gmail.com,+913256248888,12.992172,77.556953,Bengaluru,Malleshwaram,2023-01-05
U00109,Zehaan,Menon,zehaan.menon109@hotmail.com,+914648555169,12.94831,77.617316,Bengaluru,Koramangala,2021-03-30
U00110,Unni,Borra,unni.borra110@gmail.com,+917411935391,12.860971,77.60343,Bengaluru,Bannerghatta Road,2022-11-13
U00111,Sudiksha,Malhotra,sudiksha.malhotra111@gmail.com,+916770952185,12.940153,77.713371,Bengaluru,Brookefield,2023-03-23
U00112,Prisha,Naik,prisha.naik112@gmail.com,+913942900889,13.005154,77.711642,Bengaluru,KR Puram,2022-06-19
U00113,Aarini,Edwin,aarini.edwin113@outlook.com,+918398037037,12.924556,77.598619,Bengaluru,Jayanagar,2023-09-19
U00114,Ethan,Malhotra,ethan.malhotra114@gmail.com,+918869485307,12.915021,77.531772,Bengaluru,Banashankari,2023-01-25
U00115,David,Raja,david.raja115@gmail.com,+914095140501,12.926438,77.691505,Bengaluru,Bellandur,2022-01-22
U00116,Lipika,Natarajan,lipika.natarajan116@hotmail.com,+917000485412,12.946535,77.646275,Bengaluru,Domlur,2021-06-03
U00117,Darpan,Kuruvilla,darpan.kuruvilla117@gmail.com,+919452553962,12.993923,77.68553,Bengaluru,KR Puram,2021-01-18
U00118,Alka,Gokhale,alka.gokhale118@outlook.com,+911298701093,13.002507,77.553529,Bengaluru,Rajajinagar,2022-07-05
U00119,Ridhi,Boase,ridhi.boase119@outlook.com,+917611148324,12.991651,77.6885,Bengaluru,KR Puram,2021-08-09
U00120,Vyanjana,Iyer,vyanjana.iyer120@outlook.com,+916121669481,12.978623,77.508561,Bengaluru,Nagarbhavi,2021-10-05
U00121,Maya,Gokhale,maya.gokhale121@gmail.com,+912330167965,12.908931,77.603073,Bengaluru,Bommanahalli,2021-05-12
U00122,Vyanjana,Chopra,vyanjana.chopra122@hotmail.com,+912383684143,13.007623,77.563747,Bengaluru,Malleshwaram,2022-05-19
U00123,Maanas,Zachariah,maanas.zachariah123@yahoo.com,+910749053890,12.832036,77.691073,Bengaluru,Electronic City,2023-11-01
U00124,Raagini,Kamdar,raagini.kamdar124@outlook.com,+918168362577,12.998484,77.55122,Bengaluru,Rajajinagar,2021-11-28
U00125,Hitesh,Sathe,hitesh.sathe125@hotmail.com,+917410591579,12.892888,77.590405,Bengaluru,JP Nagar,2022-01-14
U00126,Aashi,Chauhan,aashi.chauhan126@gmail.com,+915518495529,12.870318,77.695585,Bengaluru,Sarjapur,2023-02-04
U00127,Bakhshi,Bora,bakhshi.bora127@yahoo.com,+911732842487,13.091715,77.600869,Bengaluru,Yelahanka,2021-10-10
U00128,Ekavir,Krishna,ekavir.krishna128@gmail.com,+910291726513,12.96422,77.715295,Bengaluru,Brookefield,2021-11-28
U00129,Sanaya,Bahl,sanaya.bahl129@outlook.com,+918131456253,12.862857,77.578779,Bengaluru,Bannerghatta Road,2023-10-02
U00130,Widisha,Dixit,widisha.dixit130@outlook.com,+913001131464,12.968272,77.654614,Bengaluru,Indiranagar,2021-05-14
U00131,Aadi,Barad,aadi.barad131@hotmail.com,+918055922770,12.828557,77.669152,Bengaluru,Electronic City,2023-09-07
U00132,Madhavi,Lata,madhavi.lata132@outlook.com,+917697998725,12.991568,77.678411,Bengaluru,KR Puram,2024-02-28
U00133,Max,Narayan,max.narayan133@outlook.com,+911350764996,12.948787,77.572497,Bengaluru,Basavanagudi,2021-06-09
U00134,Mahika,Aggarwal,mahika.aggarwal134@hotmail.com,+913968007119,13.023844,77.5951,Bengaluru,Hebbal,2022-01-25
U00135,Yutika,Swaminathan,yutika.swaminathan135@outlook.com,+912011270422,12.839868,77.660718,Bengaluru,Electronic City,2022-01-12
U00136,Vanya,Sarin,vanya.sarin136@yahoo.com,+912381433161,12.891796,77.621417,Bengaluru,Bommanahalli,2022-04-28
U00137,Netra,Boase,netra.boase137@hotmail.com,+914697071198,13.117954,77.604891,Bengaluru,Yelahanka,2022-09-22
U00138,Upkaar,Aggarwal,upkaar.aggarwal138@gmail.com,+915787239037,12.899381,77.633211,Bengaluru,Bommanahalli,2021-08-30
U00139,Leena,Subramaniam,leena.subramaniam139@hotmail.com,+912642362458,12.963391,77.745182,Bengaluru,Whitefield,2021-01-22
U00140,Jairaj,Wason,jairaj.wason140@hotmail.com,+913714787508,12.968867,77.630982,Bengaluru,Domlur,2024-04-04
U00141,Jagrati,Nath,jagrati.nath141@hotmail.com,+911784440027,12.98783,77.699761,Bengaluru,KR Puram,2021-05-15
U00142,Chavvi,Rattan,chavvi.rattan142@yahoo.com,+914379366604,12.935559,77.679086,Bengaluru,Bellandur,2022-07-20
U00143,Christopher,Chana,christopher.chana143@hotmail.com,+911881618277,12.841294,77.673301,Bengaluru,Electronic City,2021-08-28
U00144,Jasmit,Warrior,jasmit.warrior144@hotmail.com,+919678452733,12.948029,77.724551,Bengaluru,Brookefield,2022-08-14
U00145,Harini,Buch,harini.buch145@gmail.com,+916754135455,12.962924,77.698584,Bengaluru,Brookefield,2022-10-13
U00146,Tripti,Mann,tripti.mann146@gmail.com,+919077045530,13.002775,77.692944,Bengaluru,KR Puram,2023-08-01
U00147,Samaksh,Goda,samaksh.goda147@outlook.com,+912725921298,12.919765,77.61355,Bengaluru,Koramangala,2021-08-02
U00148,Balveer,Rajagopalan,balveer.rajagopalan148@outlook.com,+915552517748,12.998848,77.574563,Bengaluru,Malleshwaram,2021-04-18
U00149,Rayaan,Mistry,rayaan.mistry149@hotmail.com,+912437428220,13.000619,77.555316,Bengaluru,Malleshwaram,2022-09-23
U00150,Madhavi,Chhabra,madhavi.chhabra150@gmail.com,+914960726520,12.894379,77.575107,Bengaluru,JP Nagar,2023-05-07
U00151,Jagrati,Sur,jagrati.sur151@hotmail.com,+910967372500,12.990847,77.686529,Bengaluru,KR Puram,2023-05-09
U00152,Frado,Sarma,frado.sarma152@gmail.com,+915693205065,12.97739,77.588789,Bengaluru,Shivajinagar,2024-03-19
U00153,Ranveer,Dey,ranveer.dey153@gmail.com,+918844523649,12.974691,77.64326,Bengaluru,Indiranagar,2022-11-19
U00154,Balendra,Hans,balendra.hans154@gmail.com,+912089676040,12.910299,77.689997,Bengaluru,Bellandur,2021-03-10
U00155,Aryan,Khare,aryan.khare155@gmail.com,+911751967929,13.087676,77.612341,Bengaluru,Yelahanka,2023-01-13
U00156,Vrinda,Ramachandran,vrinda.ramachandran156@outlook.com,+911434220704,13.083489,77.597128,Bengaluru,Yelahanka,2022-04-25
U00157,Dev,Zachariah,dev.zachariah157@hotmail.com,+912228749958,12.901432,77.616753,Bengaluru,BTM Layout,2023-07-26
U00158,Darika,Tata,darika.tata158@outlook.com,+918601767873,12.975729,77.597408,Bengaluru,Shivajinagar,2021-12-03
U00159,Shivani,Babu,shivani.babu159@gmail.com,+911305292383,12.870867,77.687174,Bengaluru,Sarjapur,2021-08-01
U00160,Balhaar,Nori,balhaar.nori160@yahoo.com,+917504480632,13.018358,77.555618,Bengaluru,Malleshwaram,2023-08-12
U00161,Daksh,Nazareth,daksh.nazareth161@hotmail.com,+914604126165,12.917732,77.681926,Bengaluru,Bellandur,2024-01-30
U00162,Brijesh,Ravi,brijesh.ravi162@yahoo.com,+919970214616,12.994916,77.542673,Bengaluru,Rajajinagar,2022-02-07
U00163,Jagat,Kakar,jagat.kakar163@outlook.com,+916102965441,12.987453,77.628984,Bengaluru,MG Road,2023-08-28
U00164,Tara,Yadav,tara.yadav164@outlook.com,+917702967050,12.995736,77.610273,Bengaluru,Shivajinagar,2022-02-11
U00165,Manthan,Kaul,manthan.kaul165@yahoo.com,+917246456048,12.91017,77.620127,Bengaluru,BTM Layout,2022-05-02
U00166,Ekbal,Bansal,ekbal.bansal166@gmail.com,+919906563226,12.985599,77.499862,Bengaluru,Nagarbhavi,2021-06-24
U00167,Lohit,Suresh,lohit.suresh167@gmail.com,+918512592729,12.929387,77.556178,Bengaluru,Banashankari,2023-10-04
U00168,Anirudh,Sinha,anirudh.sinha168@yahoo.com,+912925384187,12.908195,77.631382,Bengaluru,HSR Layout,2021-10-26
U00169,Chakradev,Kibe,chakradev.kibe169@hotmail.com,+917657224588,13.000663,77.555223,Bengaluru,Rajajinagar,2021-06-27
U00170,Kalpit,Atwal,kalpit.atwal170@yahoo.com,+914083378361,12.956796,77.679906,Bengaluru,Marathahalli,2022-04-27
U00171,Orinder,Bedi,orinder.bedi171@hotmail.com,+918668080795,13.015095,77.570447,Bengaluru,Malleshwaram,2023-04-30
U00172,Damyanti,Chatterjee,damyanti.chatterjee172@gmail.com,+912750936047,13.094592,77.580131,Bengaluru,Yelahanka,2022-01-17
U00173,Tanmayi,Garde,tanmayi.garde173@yahoo.com,+917142137472,12.939477,77.626671,Bengaluru,Koramangala,2022-03-31
U00174,Devansh,Cherian,devansh.cherian174@yahoo.com,+916894954276,12.937402,77.536996,Bengaluru,Banashankari,2021-10-22
U00175,Ishaan,Tank,ishaan.tank175@yahoo.com,+919832407281,12.884936,77.599587,Bengaluru,Bannerghatta Road,2023-03-21
U00176,Thomas,Bhatnagar,thomas.bhatnagar176@gmail.com,+911809809880,12.987444,77.623722,Bengaluru,MG Road,2023-05-03
U00177,Samaksh,Sandhu,samaksh.sandhu177@hotmail.com,+917244522759,12.908399,77.664883,Bengaluru,Bellandur,2021-12-29
U00178,Geetika,Ratti,geetika.ratti178@yahoo.com,+912221553250,12.912599,77.674987,Bengaluru,Bellandur,2023-09-19
U00179,Ekta,Dara,ekta.dara179@yahoo.com,+919745116516,12.956768,77.509266,Bengaluru,Nagarbhavi,2022-01-16
U00180,Laksh,Nagy,laksh.nagy180@outlook.com,+911339660575,12.936879,77.612746,Bengaluru,Koramangala,2022-10-28
U00181,Tanay,Bath,tanay.bath181@outlook.com,+911181320723,12.935891,77.58042,Bengaluru,Jayanagar,2023-09-08
U00182,Oscar,Nayak,oscar.nayak182@gmail.com,+914655063698,12.874041,77.598586,Bengaluru,Bannerghatta Road,2024-01-06
U00183,Dev,Dara,dev.dara183@hotmail.com,+916559991966,13.008088,77.56636,Bengaluru,Rajajinagar,2023-07-28
U00184,Anusha,Dhaliwal,anusha.dhaliwal184@yahoo.com,+913644995143,12.984741,77.585212,Bengaluru,Shivajinagar,2021-10-10
U00185,Ojasvi,Ganguly,ojasvi.ganguly185@yahoo.com,+912491626317,13.041799,77.605566,Bengaluru,Hebbal,2022-05-31
U00186,Kala,Gala,kala.gala186@outlook.com,+912212421973,13.034698,77.588777,Bengaluru,Hebbal,2021-10-30
U00187,Reva,Kohli,reva.kohli187@gmail.com,+914731751029,12.846735,77.694973,Bengaluru,Sarjapur,2022-04-22
U00188,Banjeet,Deol,banjeet.deol188@outlook.com,+918332710453,13.004556,77.575935,Bengaluru,Malleshwaram,2021-01-31
U00189,Harish,Puri,harish.puri189@yahoo.com,+916343171916,12.887815,77.580753,Bengaluru,Bannerghatta Road,2022-10-13
U00190,Nakul,Babu,nakul.babu190@outlook.com,+917154338254,12.974572,77.686441,Bengaluru,Marathahalli,2022-06-19
U00191,Vidhi,Buch,vidhi.buch191@yahoo.com,+910682994580,12.969252,77.746666,Bengaluru,Whitefield,2021-10-29
U00192,Abeer,Amble,abeer.amble192@outlook.com,+911869198162,12.923253,77.598723,Bengaluru,JP Nagar,2023-08-02
U00193,Praneel,Chakraborty,praneel.chakraborty193@yahoo.com,+914536513386,13.018992,77.571189,Bengaluru,Malleshwaram,2021-08-07
U00194,Bhanumati,Saha,bhanumati.saha194@outlook.com,+911616054337,12.980121,77.746814,Bengaluru,Whitefield,2023-03-02
U00195,Vamakshi,Date,vamakshi.date195@yahoo.com,+917127470695,12.987714,77.703584,Bengaluru,KR Puram,2023-02-23
U00196,Samuel,Dhar,samuel.dhar196@hotmail.com,+919406972967,12.970065,77.685667,Bengaluru,Marathahalli,2023-12-19
U00197,Anika,Virk,anika.virk197@hotmail.com,+919319167875,12.943546,77.575623,Bengaluru,Jayanagar,2021-12-14
U00198,Shravya,Sabharwal,shravya.sabharwal198@outlook.com,+914019255317,12.878223,77.597695,Bengaluru,Bannerghatta Road,2023-10-04
U00199,William,Ghosh,william.ghosh199@hotmail.com,+916143840397,12.983943,77.538044,Bengaluru,Rajajinagar,2021-07-30
U00200,Baljiwan,Gole,baljiwan.gole200@outlook.com,+917690941425,12.943234,77.582964,Bengaluru,Jayanagar,2022-12-09
U00201,Xalak,Chakrabarti,xalak.chakrabarti201@hotmail.com,+916038552882,13.014087,77.698694,Bengaluru,KR Puram,2022-02-07
U00202,Charvi,Pall,charvi.pall202@hotmail.com,+918343585991,12.902772,77.599664,Bengaluru,BTM Layout,2023-09-23
U00203,Omya,Agrawal,omya.agrawal203@hotmail.com,+918586922543,12.974277,77.629608,Bengaluru,MG Road,2022-05-22
U00204,Warinder,Handa,warinder.handa204@hotmail.com,+918711716535,12.932523,77.535861,Bengaluru,Banashankari,2021-12-28
U00205,Jacob,Wagle,jacob.wagle205@yahoo.com,+915069895829,12.984866,77.614195,Bengaluru,MG Road,2022-07-06
U00206,Girish,Pathak,girish.pathak206@gmail.com,+917285541793,12.927072,77.665877,Bengaluru,Bellandur,2024-03-21
U00207,Yashica,Kanda,yashica.kanda207@yahoo.com,+914914215440,12.90848,77.623085,Bengaluru,Bommanahalli,2021-06-24
U00208,Ucchal,Joshi,ucchal.joshi208@yahoo.com,+912857404052,12.98325,77.613335,Bengaluru,Shivajinagar,2022-09-30
U00209,Aradhana,Bera,aradhana.bera209@hotmail.com,+913547663077,12.87751,77.595056,Bengaluru,Bannerghatta Road,2021-02-10
U00210,Rishi,Chowdhury,rishi.chowdhury210@gmail.com,+919065194072,12.998029,77.600586,Bengaluru,Shivajinagar,2021-01-01
U00211,Manthan,Som,manthan.som211@gmail.com,+910411708292,12.951198,77.708371,Bengaluru,Marathahalli,2023-01-13
U00212,Widisha,Goda,widisha.goda212@outlook.com,+913900295011,12.914695,77.570967,Bengaluru,Jayanagar,2021-06-30
U00213,Nathaniel,Bassi,nathaniel.bassi213@hotmail.com,+919905552378,12.837783,77.691504,Bengaluru,Electronic City,2021-12-28
U00214,Chatura,Patla,chatura.patla214@hotmail.com,+917456844263,12.923592,77.593105,Bengaluru,BTM Layout,2022-12-08
U00215,Bhavani,Kadakia,bhavani.kadakia215@outlook.com,+915190348308,12.906187,77.626067,Bengaluru,BTM Layout,2023-04-29
U00216,Radhika,Krishnamurthy,radhika.krishnamurthy216@gmail.com,+910644903593,12.923405,77.573304,Bengaluru,Jayanagar,2023-05-15
U00217,Gaurika,Setty,gaurika.setty217@hotmail.com,+913343071821,12.855281,77.663275,Bengaluru,Electronic City,2023-09-19
U00218,Caleb,Chawla,caleb.chawla218@hotmail.com,+916392318678,12.970723,77.700646,Bengaluru,Brookefield,2021-02-04
U00219,Charles,Yogi,charles.yogi219@gmail.com,+910238836970,12.976106,77.755711,Bengaluru,Whitefield,2024-01-20
U00220,Patrick,Dugar,patrick.dugar220@outlook.com,+919535644119,12.977627,77.515719,Bengaluru,Nagarbhavi,2023-07-11
U00221,Ayush,Sundaram,ayush.sundaram221@hotmail.com,+918639962402,12.964638,77.707452,Bengaluru,Brookefield,2022-01-14
U00222,Yutika,D’Alia,yutika.d’alia222@yahoo.com,+913175914509,12.959179,77.688847,Bengaluru,Marathahalli,2021-04-28
U00223,Ekavir,Keer,ekavir.keer223@yahoo.com,+917286939539,12.982054,77.623648,Bengaluru,Indiranagar,2023-01-18
U00224,Sai,Nanda,sai.nanda224@gmail.com,+916733382765,12.968259,77.726493,Bengaluru,Brookefield,2021-02-20
U00225,Oni,Issac,oni.issac225@gmail.com,+914966899238,12.932729,77.602738,Bengaluru,BTM Layout,2021-12-31
U00226,Eshana,Karpe,eshana.karpe226@yahoo.com,+911015444847,13.004822,77.575784,Bengaluru,Malleshwaram,2021-02-25
U00227,Imaran,Nanda,imaran.nanda227@gmail.com,+911870322177,12.962683,77.617777,Bengaluru,MG Road,2023-01-21
U00228,Vedant,Chaudhari,vedant.chaudhari228@outlook.com,+919839103204,12.994352,77.539967,Bengaluru,Rajajinagar,2022-05-30
U00229,Warjas,Sachar,warjas.sachar229@hotmail.com,+918102972957,12.977832,77.740164,Bengaluru,Whitefield,2021-09-26
U00230,Ryan,Prashad,ryan.prashad230@gmail.com,+916370079633,13.007968,77.569846,Bengaluru,Rajajinagar,2021-11-15
U00231,Thomas,Borah,thomas.borah231@outlook.com,+917666899212,12.879331,77.607405,Bengaluru,Bommanahalli,2021-07-31
U00232,Urishilla,Sundaram,urishilla.sundaram232@yahoo.com,+914595829565,12.917884,77.534574,Bengaluru,Banashankari,2022-03-15
U00233,Chatura,Sarin,chatura.sarin233@yahoo.com,+919099441475,12.930346,77.577682,Bengaluru,Basavanagudi,2022-10-30
U00234,Maanav,Kalita,maanav.kalita234@yahoo.com,+918256485864,12.925996,77.607493,Bengaluru,BTM Layout,2023-07-15
U00235,Suhani,Gokhale,suhani.gokhale235@outlook.com,+917051865067,12.923331,77.549808,Bengaluru,Banashankari,2023-10-15
U00236,Lila,Prakash,lila.prakash236@outlook.com,+911159059256,12.983869,77.622619,Bengaluru,MG Road,2022-11-22
U00237,Laban,Shankar,laban.shankar237@yahoo.com,+914697950804,12.859829,77.679775,Bengaluru,Sarjapur,2023-05-20
U00238,Rishi,Parmer,rishi.parmer238@hotmail.com,+918285041627,12.892807,77.631113,Bengaluru,Bommanahalli,2022-03-28
U00239,Anamika,Jain,anamika.jain239@yahoo.com,+919225212380,12.972202,77.566751,Bengaluru,Rajajinagar,2021-02-26
U00240,Gautami,Datta,gautami.datta240@outlook.com,+916276351487,12.910711,77.589391,Bengaluru,JP Nagar,2022-06-28
U00241,Azad,Bhasin,azad.bhasin241@gmail.com,+911295458938,12.928944,77.674366,Bengaluru,Bellandur,2022-10-08
U00242,Avni,Deshpande,avni.deshpande242@yahoo.com,+918499991695,12.98025,77.560754,Bengaluru,Rajajinagar,2022-11-10
U00243,Indrajit,Shroff,indrajit.shroff243@outlook.com,+912875120901,12.975084,77.712601,Bengaluru,Marathahalli,2021-10-21
U00244,Tara,Sahota,tara.sahota244@hotmail.com,+911114963360,12.946133,77.644725,Bengaluru,Domlur,2022-05-26
U00245,Onveer,Oza,onveer.oza245@gmail.com,+910459619740,12.98834,77.608848,Bengaluru,Shivajinagar,2022-10-07
U00246,Thomas,Merchant,thomas.merchant246@hotmail.com,+918344594210,12.947688,77.619537,Bengaluru,Koramangala,2023-01-22
U00247,Naksh,Garde,naksh.garde247@outlook.com,+918286549078,12.889289,77.601501,Bengaluru,Bommanahalli,2021-07-03
U00248,Victor,Chadha,victor.chadha248@outlook.com,+911519093757,13.024066,77.590842,Bengaluru,Hebbal,2022-09-29
U00249,Nisha,Vig,nisha.vig249@hotmail.com,+916061694135,12.970072,77.48708,Bengaluru,Nagarbhavi,2024-04-01
U00250,Vrinda,Kalita,vrinda.kalita250@yahoo.com,+919559582770,12.957986,77.751411,Bengaluru,Whitefield,2023-02-17
U00251,Urvashi,Shere,urvashi.shere251@yahoo.com,+916915694906,12.893232,77.623198,Bengaluru,Bommanahalli,2021-10-07
U00252,Arya,Atwal,arya.atwal252@hotmail.com,+911002351209,12.947833,77.62972,Bengaluru,Koramangala,2023-05-20
U00253,Priya,Koshy,priya.koshy253@hotmail.com,+911573494385,12.984548,77.500156,Bengaluru,Nagarbhavi,2024-04-10
U00254,Yug,Narang,yug.narang254@hotmail.com,+919849138787,12.963876,77.702116,Bengaluru,Brookefield,2023-01-05
U00255,Radha,Kapadia,radha.kapadia255@gmail.com,+913379523314,12.921268,77.625071,Bengaluru,Koramangala,2021-09-03
U00256,Manthan,Ahluwalia,manthan.ahluwalia256@hotmail.com,+917127879633,12.947091,77.682335,Bengaluru,Marathahalli,2021-01-26
U00257,Omisha,Basu,omisha.basu257@gmail.com,+911322082204,12.871756,77.604941,Bengaluru,Bannerghatta Road,2023-11-16
U00258,Banjeet,Singhal,banjeet.singhal258@yahoo.com,+911978816495,12.840586,77.682717,Bengaluru,Electronic City,2022-10-14
U00259,Yamini,Bandi,yamini.bandi259@outlook.com,+915990028422,12.911611,77.55612,Bengaluru,Banashankari,2021-10-17
U00260,Pavani,Wali,pavani.wali260@gmail.com,+913137743403,12.935235,77.675348,Bengaluru,Bellandur,2024-01-10
U00261,Meera,Srinivas,meera.srinivas261@hotmail.com,+912517333581,12.990627,77.649399,Bengaluru,Indiranagar,2024-03-21
U00262,Guneet,Sethi,guneet.sethi262@yahoo.com,+911529796854,12.955806,77.685279,Bengaluru,Marathahalli,2021-04-07
U00263,Warhi,Khosla,warhi.khosla263@hotmail.com,+910620821240,12.930925,77.560127,Bengaluru,Basavanagudi,2021-01-18
U00264,Fiyaz,Arora,fiyaz.arora264@hotmail.com,+915362921350,13.048032,77.602631,Bengaluru,Hebbal,2022-08-06
U00265,Niharika,Kamdar,niharika.kamdar265@outlook.com,+919689509291,12.970833,77.698675,Bengaluru,Brookefield,2022-06-09
U00266,Kevin,Parmer,kevin.parmer266@outlook.com,+914949725472,12.853671,77.702458,Bengaluru,Sarjapur,2022-12-31
U00267,Chakrika,Khare,chakrika.khare267@hotmail.com,+914217563949,13.019374,77.678482,Bengaluru,KR Puram,2022-05-29
U00268,Gautam,Babu,gautam.babu268@outlook.com,+914444657481,12.951088,77.635779,Bengaluru,Koramangala,2021-07-26
U00269,Varsha,Mody,varsha.mody269@yahoo.com,+918864650893,12.848513,77.664762,Bengaluru,Electronic City,2023-11-14
U00270,Neel,Sharaf,neel.sharaf270@hotmail.com,+914213913699,12.9262,77.641823,Bengaluru,Koramangala,2024-02-17
U00271,Arjun,Sha,arjun.sha271@yahoo.com,+917727154224,12.919848,77.54777,Bengaluru,Banashankari,2023-09-26
U00272,Ubika,Devi,ubika.devi272@gmail.com,+918341247223,12.95771,77.743324,Bengaluru,Whitefield,2022-02-21
U00273,Nidra,Goyal,nidra.goyal273@outlook.com,+919753700632,13.050695,77.580568,Bengaluru,Hebbal,2021-05-21
U00274,Kamala,Shetty,kamala.shetty274@hotmail.com,+913352108583,12.962547,77.712688,Bengaluru,Marathahalli,2023-07-23
U00275,Aarav,Bobal,aarav.bobal275@yahoo.com,+913218945108,12.956661,77.70773,Bengaluru,Brookefield,2023-05-01
U00276,Lekha,Natarajan,lekha.natarajan276@gmail.com,+911199428178,12.85588,77.686866,Bengaluru,Sarjapur,2023-12-17
U00277,Bachittar,Minhas,bachittar.minhas277@gmail.com,+914339553433,12.951371,77.707481,Bengaluru,Marathahalli,2023-04-24
U00278,Pooja,Madan,pooja.madan278@gmail.com,+912040932424,12.842198,77.675335,Bengaluru,Electronic City,2023-06-30
U00279,Sarthak,Buch,sarthak.buch279@gmail.com,+919173163324,12.960355,77.509559,Bengaluru,Nagarbhavi,2021-02-20
U00280,Gautami,Bhakta,gautami.bhakta280@hotmail.com,+914478390712,12.948287,77.718576,Bengaluru,Brookefield,2021-12-16
U00281,Yutika,Patla,yutika.patla281@hotmail.com,+919691024198,12.926386,77.626913,Bengaluru,HSR Layout,2024-01-11
U00282,Charan,Choudhry,charan.choudhry282@outlook.com,+919520769915,12.99345,77.704049,Bengaluru,KR Puram,2022-08-19
U00283,Leela,Pau,leela.pau283@gmail.com,+919778951665,12.94218,77.585256,Bengaluru,Jayanagar,2021-07-04
U00284,Udyati,Baria,udyati.baria284@gmail.com,+915440277601,12.993924,77.654452,Bengaluru,Indiranagar,2021-04-18
U00285,Jasmit,Peri,jasmit.peri285@hotmail.com,+915751000366,13.018151,77.684502,Bengaluru,KR Puram,2021-10-09
U00286,Parth,Bhavsar,parth.bhavsar286@outlook.com,+919738471845,12.972648,77.503973,Bengaluru,Nagarbhavi,2022-05-05
U00287,Samarth,Devi,samarth.devi287@gmail.com,+911291823637,12.846083,77.682583,Bengaluru,Sarjapur,2021-12-28
U00288,Gaurika,Khare,gaurika.khare288@yahoo.com,+910310262370,12.924687,77.569876,Bengaluru,Jayanagar,2023-12-04
U00289,Ishaan,Sridhar,ishaan.sridhar289@outlook.com,+912522925465,12.986434,77.577864,Bengaluru,Malleshwaram,2024-02-15
U00290,Shaurya,Kar,shaurya.kar290@hotmail.com,+911691455903,12.978639,77.497029,Bengaluru,Nagarbhavi,2022-04-01
U00291,Ekani,Pandit,ekani.pandit291@outlook.com,+913724667622,12.93678,77.56958,Bengaluru,Basavanagudi,2021-11-21
U00292,Amara,Thakur,amara.thakur292@gmail.com,+914790455224,13.115314,77.595646,Bengaluru,Yelahanka,2023-10-07
U00293,Pallavi,Malhotra,pallavi.malhotra293@outlook.com,+914254978064,12.880645,77.602515,Bengaluru,Bannerghatta Road,2023-05-25
U00294,Chatura,Bhatnagar,chatura.bhatnagar294@hotmail.com,+913489731160,12.958462,77.701626,Bengaluru,Marathahalli,2021-03-23
U00295,Kashish,Pai,kashish.pai295@yahoo.com,+919521154240,12.964327,77.762351,Bengaluru,Whitefield,2024-03-05
U00296,Sneha,Sunder,sneha.sunder296@outlook.com,+917908680883,12.906102,77.645257,Bengaluru,HSR Layout,2022-03-14
U00297,Yachana,Vyas,yachana.vyas297@outlook.com,+913645487597,12.991183,77.564941,Bengaluru,Rajajinagar,2023-10-27
U00298,Jason,Singhal,jason.singhal298@hotmail.com,+912542904368,12.989146,77.610404,Bengaluru,Shivajinagar,2022-06-17
U00299,Brinda,Seth,brinda.seth299@outlook.com,+917850786725,12.918501,77.576958,Bengaluru,JP Nagar,2024-04-13
U00300,Jhalak,Bhatti,jhalak.bhatti300@outlook.com,+910867894511,12.943142,77.697817,Bengaluru,Marathahalli,2023-12-22
U00301,Raghav,Shankar,raghav.shankar301@yahoo.com,+916719992752,12.990108,77.626156,Bengaluru,MG Road,2022-08-04
U00302,Gagan,Buch,gagan.buch302@gmail.com,+919596351875,12.914408,77.595898,Bengaluru,BTM Layout,2021-10-28
U00303,Mahika,Gola,mahika.gola303@yahoo.com,+919361301446,13.019801,77.586341,Bengaluru,Hebbal,2021-03-27
U00304,Bhavya,Bose,bhavya.bose304@hotmail.com,+919410367580,12.936154,77.661301,Bengaluru,Bellandur,2021-11-19
U00305,Ikbal,Gala,ikbal.gala305@yahoo.com,+919401171303,12.945058,77.582721,Bengaluru,Basavanagudi,2023-12-10
U00306,Anya,Choudhury,anya.choudhury306@gmail.com,+914679087737,12.895943,77.623188,Bengaluru,Bommanahalli,2023-12-20
U00307,Manbir,Taneja,manbir.taneja307@hotmail.com,+912759274601,12.93356,77.595901,Bengaluru,BTM Layout,2024-03-15
U00308,Matthew,Jayaraman,matthew.jayaraman308@hotmail.com,+914009701832,12.960984,77.63719,Bengaluru,Indiranagar,2023-08-22
U00309,Arin,Memon,arin.memon309@hotmail.com,+911806108537,13.00777,77.574506,Bengaluru,Malleshwaram,2023-02-20
U00310,Omaja,Deo,omaja.deo310@gmail.com,+910222126839,12.960633,77.625045,Bengaluru,Indiranagar,2021-07-25
U00311,Urvi,Palan,urvi.palan311@gmail.com,+911816934910,12.971871,77.653215,Bengaluru,Indiranagar,2021-09-07
U00312,Osha,Sawhney,osha.sawhney312@hotmail.com,+910149411632,12.957572,77.572509,Bengaluru,Basavanagudi,2021-05-13
U00313,Ansh,Manne,ansh.manne313@gmail.com,+916429586167,12.948293,77.626165,Bengaluru,Domlur,2024-03-08
U00314,Ranbir,Bhatnagar,ranbir.bhatnagar314@hotmail.com,+912544965502,12.916708,77.598137,Bengaluru,Jayanagar,2021-02-10
U00315,Anthony,Kata,anthony.kata315@gmail.com,+912548057595,12.888415,77.627498,Bengaluru,Bommanahalli,2023-11-28
U00316,Zinal,Nayak,zinal.nayak316@yahoo.com,+912633523175,12.952584,77.612643,Bengaluru,Koramangala,2022-05-31
U00317,Nisha,Oza,nisha.oza317@gmail.com,+912020613920,12.840015,77.676919,Bengaluru,Electronic City,2022-02-02
U00318,Eta,Sunder,eta.sunder318@hotmail.com,+917448228780,12.944911,77.698264,Bengaluru,Marathahalli,2023-05-22
U00319,Sai,Shankar,sai.shankar319@gmail.com,+919630966676,12.940433,77.550938,Bengaluru,Banashankari,2022-09-05
U00320,Daksha,Deo,daksha.deo320@yahoo.com,+914991047164,12.910236,77.566339,Bengaluru,JP Nagar,2023-06-09
U00321,Damini,Garg,damini.garg321@outlook.com,+914465771371,12.969395,77.610953,Bengaluru,MG Road,2023-10-26
U00322,Abha,Karan,abha.karan322@yahoo.com,+918732276654,12.992211,77.555723,Bengaluru,Malleshwaram,2021-12-24
U00323,Veda,Prabhu,veda.prabhu323@yahoo.com,+914946454030,12.979711,77.509737,Bengaluru,Nagarbhavi,2023-10-21
U00324,Bhavya,Batta,bhavya.batta324@outlook.com,+916659453882,12.854405,77.600755,Bengaluru,Bannerghatta Road,2022-04-24
U00325,Manbir,Pandit,manbir.pandit325@outlook.com,+913566822896,12.903512,77.601058,Bengaluru,BTM Layout,2022-05-17
U00326,Bhavani,Shah,bhavani.shah326@outlook.com,+910398013376,13.012833,77.57385,Bengaluru,Malleshwaram,2021-11-01
U00327,Ojas,Dyal,ojas.dyal327@outlook.com,+917014111581,12.922124,77.623708,Bengaluru,HSR Layout,2023-07-25
U00328,Bhavika,Gopal,bhavika.gopal328@gmail.com,+913942811587,12.953796,77.700435,Bengaluru,Brookefield,2022-12-26
U00329,Parth,Dube,parth.dube329@gmail.com,+913975057921,12.8865,77.589764,Bengaluru,Bannerghatta Road,2023-02-10
U00330,Neel,Khanna,neel.khanna330@gmail.com,+910944300277,12.987417,77.573299,Bengaluru,Malleshwaram,2021-05-08
U00331,Jackson,Barman,jackson.barman331@hotmail.com,+916942763808,12.94608,77.679909,Bengaluru,Marathahalli,2022-11-19
U00332,Edhitha,Date,edhitha.date332@yahoo.com,+917631143107,12.903575,77.572316,Bengaluru,JP Nagar,2023-03-18
U00333,Ridhi,Lad,ridhi.lad333@hotmail.com,+914142642930,12.980433,77.559482,Bengaluru,Rajajinagar,2021-06-10
U00334,Kala,Gour,kala.gour334@hotmail.com,+914383816742,12.948729,77.585629,Bengaluru,Basavanagudi,2021-08-18
U00335,Samesh,Banerjee,samesh.banerjee335@outlook.com,+910584743894,12.897948,77.622322,Bengaluru,Bommanahalli,2022-09-29
U00336,Edhitha,Padmanabhan,edhitha.padmanabhan336@hotmail.com,+914597989822,12.939176,77.533609,Bengaluru,Banashankari,2021-11-28
U00337,Manbir,Pradhan,manbir.pradhan337@gmail.com,+912100149961,12.834135,77.68391,Bengaluru,Electronic City,2022-07-27
U00338,Saumya,Zacharia,saumya.zacharia338@hotmail.com,+915453905798,12.979198,77.762026,Bengaluru,Whitefield,2023-12-15
U00339,Nicholas,Walla,nicholas.walla339@hotmail.com,+913395300255,12.938436,77.56141,Bengaluru,Basavanagudi,2021-12-28
U00340,Charvi,Dara,charvi.dara340@yahoo.com,+916377312524,12.920014,77.623084,Bengaluru,BTM Layout,2023-01-27
U00341,Aryan,Ravel,aryan.ravel341@gmail.com,+913111751733,13.00421,77.57995,Bengaluru,Malleshwaram,2021-09-09
U00342,Xalak,Dhillon,xalak.dhillon342@outlook.com,+912151569443,13.005159,77.564505,Bengaluru,Malleshwaram,2024-02-28
U00343,Tara,Nagarajan,tara.nagarajan343@gmail.com,+911359358910,12.960737,77.640415,Bengaluru,Domlur,2023-07-27
U00344,Nachiket,Agrawal,nachiket.agrawal344@yahoo.com,+916273964331,13.013305,77.55973,Bengaluru,Malleshwaram,2022-11-09
U00345,Yashica,Narula,yashica.narula345@yahoo.com,+916878427751,13.085468,77.583851,Bengaluru,Yelahanka,2024-01-31
U00346,Chakrika,Som,chakrika.som346@yahoo.com,+919750669912,12.9802,77.561663,Bengaluru,Rajajinagar,2021-04-07
U00347,Bimala,Din,bimala.din347@hotmail.com,+915944164933,12.873075,77.612369,Bengaluru,Bannerghatta Road,2023-11-27
U00348,Riya,Nigam,riya.nigam348@outlook.com,+918540262180,12.979371,77.734917,Bengaluru,Whitefield,2023-02-21
U00349,Isaiah,Srinivas,isaiah.srinivas349@gmail.com,+916323518522,12.950397,77.580428,Bengaluru,Basavanagudi,2022-05-18
U00350,Banjeet,Dewan,banjeet.dewan350@outlook.com,+911307398714,12.98133,77.617091,Bengaluru,MG Road,2023-03-29
U00351,Jackson,Morar,jackson.morar351@outlook.com,+913007457774,12.853809,77.680167,Bengaluru,Sarjapur,2022-09-23
U00352,Aryan,Ratti,aryan.ratti352@hotmail.com,+911831633253,12.975137,77.742466,Bengaluru,Whitefield,2022-12-11
U00353,Thomas,Sehgal,thomas.sehgal353@outlook.com,+915786607025,12.966508,77.686487,Bengaluru,Marathahalli,2023-07-25
U00354,Ishanvi,Chanda,ishanvi.chanda354@hotmail.com,+910695085261,12.933633,77.642086,Bengaluru,Koramangala,2023-05-24
U00355,Eta,Bhakta,eta.bhakta355@outlook.com,+913264741412,12.975551,77.644986,Bengaluru,Indiranagar,2022-12-10
U00356,Robert,Vyas,robert.vyas356@outlook.com,+919684835960,12.996793,77.700777,Bengaluru,KR Puram,2022-02-05
U00357,Tristan,Mall,tristan.mall357@yahoo.com,+918716388193,12.917392,77.608921,Bengaluru,Koramangala,2021-01-16
U00358,Rohan,Bajaj,rohan.bajaj358@yahoo.com,+911918993819,12.902872,77.623631,Bengaluru,Bommanahalli,2023-09-04
U00359,Fiyaz,Yohannan,fiyaz.yohannan359@gmail.com,+915018175760,12.960103,77.642442,Bengaluru,Domlur,2023-04-27
U00360,Sanaya,Chahal,sanaya.chahal360@hotmail.com,+915226249152,12.970211,77.766648,Bengaluru,Whitefield,2023-06-20
U00361,Yauvani,Ramesh,yauvani.ramesh361@gmail.com,+916517731319,13.00566,77.684594,Bengaluru,KR Puram,2023-04-07
U00362,Robert,Swaminathan,robert.swaminathan362@yahoo.com,+913527625593,12.982239,77.519431,Bengaluru,Nagarbhavi,2021-08-25
U00363,Eesha,Vaidya,eesha.vaidya363@gmail.com,+912566516391,12.922831,77.542116,Bengaluru,Banashankari,2023-11-29
U00364,Daksh,Patel,daksh.patel364@outlook.com,+918362813413,13.023902,77.582443,Bengaluru,Hebbal,2022-05-31
U00365,Mitali,Divan,mitali.divan365@hotmail.com,+917496875744,12.973046,77.545261,Bengaluru,Rajajinagar,2021-01-26
U00366,Prisha,Pingle,prisha.pingle366@outlook.com,+912187398212,13.107694,77.589264,Bengaluru,Yelahanka,2024-01-09
U00367,Libni,Pradhan,libni.pradhan367@hotmail.com,+914050315134,13.004798,77.556364,Bengaluru,Rajajinagar,2023-08-23
U00368,Advik,Mane,advik.mane368@hotmail.com,+916996387447,12.977252,77.500443,Bengaluru,Nagarbhavi,2022-10-24
U00369,Hemani,Panchal,hemani.panchal369@yahoo.com,+913834106572,12.910416,77.539885,Bengaluru,Banashankari,2022-11-27
U00370,Darika,Sehgal,darika.sehgal370@hotmail.com,+916562067039,12.983892,77.636889,Bengaluru,MG Road,2023-05-14
U00371,Gagan,Kale,gagan.kale371@hotmail.com,+914410843971,12.948804,77.692931,Bengaluru,Marathahalli,2023-07-20
U00372,Sachi,Sagar,sachi.sagar372@yahoo.com,+910340935827,12.881194,77.581631,Bengaluru,Bannerghatta Road,2021-04-23
U00373,Saanvi,Mani,saanvi.mani373@hotmail.com,+912031066646,12.87803,77.610702,Bengaluru,Bannerghatta Road,2022-02-10
U00374,Nihal,Samra,nihal.samra374@outlook.com,+918879788845,12.891447,77.631232,Bengaluru,Bommanahalli,2023-08-31
U00375,Oeshi,Dewan,oeshi.dewan375@outlook.com,+919711491794,12.865926,77.694712,Bengaluru,Sarjapur,2023-08-11
U00376,Gabriel,Dhawan,gabriel.dhawan376@gmail.com,+919239510832,13.084913,77.609531,Bengaluru,Yelahanka,2023-02-09
U00377,Sarthak,Mitter,sarthak.mitter377@hotmail.com,+918689984200,12.971054,77.505603,Bengaluru,Nagarbhavi,2023-03-15
U00378,Vaishnavi,Vohra,vaishnavi.vohra378@outlook.com,+913052411420,12.947842,77.69327,Bengaluru,Marathahalli,2021-05-04
U00379,Gautami,Bhatti,gautami.bhatti379@gmail.com,+913529495760,12.869347,77.592252,Bengaluru,Bannerghatta Road,2022-04-02
U00380,Keya,Chakrabarti,keya.chakrabarti380@hotmail.com,+910849297045,12.966732,77.702096,Bengaluru,Marathahalli,2021-05-25
U00381,Abeer,Rout,abeer.rout381@hotmail.com,+911297676213,12.917374,77.60737,Bengaluru,BTM Layout,2023-03-27
U00382,Anjali,Sachdeva,anjali.sachdeva382@gmail.com,+913153834899,12.983001,77.549551,Bengaluru,Rajajinagar,2022-07-29
U00383,Parth,Shere,parth.shere383@gmail.com,+910085904002,12.909681,77.609721,Bengaluru,Bommanahalli,2022-01-01
U00384,Laksh,Iyengar,laksh.iyengar384@gmail.com,+916423733134,12.911444,77.681787,Bengaluru,Bellandur,2022-03-17
U00385,Quincy,Raj,quincy.raj385@hotmail.com,+918976217794,12.945468,77.697154,Bengaluru,Brookefield,2021-09-11
U00386,Bimala,Swaminathan,bimala.swaminathan386@yahoo.com,+910172748215,12.85848,77.611672,Bengaluru,Bannerghatta Road,2021-07-21
U00387,Brijesh,Mittal,brijesh.mittal387@gmail.com,+919631324049,12.926105,77.648499,Bengaluru,HSR Layout,2023-10-02
U00388,Daksha,Tak,daksha.tak388@hotmail.com,+911966271457,12.953993,77.579203,Bengaluru,Basavanagudi,2022-10-16
U00389,Ubika,Kapur,ubika.kapur389@hotmail.com,+916237857717,12.996007,77.634191,Bengaluru,Indiranagar,2023-11-06
U00390,Avi,Agate,avi.agate390@yahoo.com,+917670700227,12.958206,77.752608,Bengaluru,Whitefield,2021-06-26
U00391,Mitesh,Lala,mitesh.lala391@outlook.com,+915278430039,12.999825,77.610895,Bengaluru,Shivajinagar,2022-09-19
U00392,Charita,Sodhi,charita.sodhi392@gmail.com,+914659491868,12.960791,77.643637,Bengaluru,Domlur,2023-05-11
U00393,Jeet,Mani,jeet.mani393@hotmail.com,+919320392268,12.966473,77.724856,Bengaluru,Brookefield,2022-07-11
U00394,Omisha,Gola,omisha.gola394@yahoo.com,+915578545765,12.942643,77.557723,Bengaluru,Basavanagudi,2023-08-22
U00395,Vyanjana,Konda,vyanjana.konda395@hotmail.com,+913081322257,12.898753,77.597259,Bengaluru,BTM Layout,2022-08-13
U00396,Ayush,Dar,ayush.dar396@yahoo.com,+916435094557,12.985786,77.552437,Bengaluru,Malleshwaram,2023-05-14
U00397,Aradhana,Tailor,aradhana.tailor397@yahoo.com,+916224776038,12.94463,77.707123,Bengaluru,Marathahalli,2023-05-19
U00398,Ekalinga,Pathak,ekalinga.pathak398@gmail.com,+911002458864,12.941797,77.600604,Bengaluru,Jayanagar,2023-09-13
U00399,Vasana,Sarin,vasana.sarin399@yahoo.com,+919793393383,12.974443,77.755489,Bengaluru,Whitefield,2023-03-08
U00400,Aarna,Soni,aarna.soni400@hotmail.com,+918386898258,12.860453,77.59366,Bengaluru,Bannerghatta Road,2024-02-09
U00401,Jagdish,Prakash,jagdish.prakash401@hotmail.com,+911652235079,12.986345,77.739474,Bengaluru,Whitefield,2024-01-08
U00402,Yauvani,Badal,yauvani.badal402@hotmail.com,+915219980684,12.901245,77.609383,Bengaluru,Bommanahalli,2022-04-22
U00403,Aashi,Gaba,aashi.gaba403@yahoo.com,+912995086722,12.97214,77.625708,Bengaluru,MG Road,2022-08-16
U00404,Dalbir,Dhingra,dalbir.dhingra404@gmail.com,+917677786739,13.106356,77.593921,Bengaluru,Yelahanka,2021-04-26
U00405,Ekaja,Shenoy,ekaja.shenoy405@gmail.com,+919746899330,12.910308,77.564651,Bengaluru,Banashankari,2023-01-05
U00406,Krishna,Parikh,krishna.parikh406@gmail.com,+912426103324,12.992859,77.567193,Bengaluru,Malleshwaram,2023-05-20
U00407,Nihal,Bera,nihal.bera407@hotmail.com,+911884919866,12.967845,77.638632,Bengaluru,Domlur,2022-12-19
U00408,Anjali,Patel,anjali.patel408@gmail.com,+913572476398,12.901213,77.641792,Bengaluru,HSR Layout,2023-03-31
U00409,Oni,Parekh,oni.parekh409@hotmail.com,+915007284385,13.002229,77.555007,Bengaluru,Malleshwaram,2023-12-08
U00410,Chanakya,Mann,chanakya.mann410@gmail.com,+919986692450,12.871292,77.697115,Bengaluru,Sarjapur,2024-03-31
U00411,Bishakha,Wagle,bishakha.wagle411@gmail.com,+918735975434,12.974533,77.547622,Bengaluru,Rajajinagar,2022-09-28
U00412,Faraj,Varkey,faraj.varkey412@outlook.com,+916107799772,12.980655,77.551741,Bengaluru,Rajajinagar,2024-03-03
U00413,Rishi,Goswami,rishi.goswami413@outlook.com,+911533002702,12.918585,77.590915,Bengaluru,Jayanagar,2023-02-15
U00414,Girindra,Ganesh,girindra.ganesh414@hotmail.com,+919769380514,13.045706,77.605717,Bengaluru,Hebbal,2023-05-10
U00415,Ekantika,Mutti,ekantika.mutti415@gmail.com,+916812075000,12.993752,77.569647,Bengaluru,Malleshwaram,2021-08-28
U00416,Charvi,Madan,charvi.madan416@gmail.com,+915859392244,12.946627,77.584531,Bengaluru,Basavanagudi,2022-12-14
U00417,Janani,Char,janani.char417@yahoo.com,+912214894413,12.985013,77.553701,Bengaluru,Rajajinagar,2022-03-11
U00418,Indira,Dhawan,indira.dhawan418@outlook.com,+917699330381,12.986461,77.622285,Bengaluru,MG Road,2021-06-24
U00419,Agastya,Devan,agastya.devan419@gmail.com,+910569510636,12.987822,77.549777,Bengaluru,Rajajinagar,2023-09-14
U00420,Zarna,Manda,zarna.manda420@yahoo.com,+917408117306,12.975228,77.734193,Bengaluru,Whitefield,2023-11-29
U00421,Kashish,Sundaram,kashish.sundaram421@yahoo.com,+914528789999,12.997413,77.591251,Bengaluru,Shivajinagar,2021-05-22
U00422,Nisha,Oak,nisha.oak422@yahoo.com,+912840521850,12.929458,77.577546,Bengaluru,Basavanagudi,2021-01-16
U00423,Nicholas,Chaudry,nicholas.chaudry423@yahoo.com,+919126048589,12.986,77.539879,Bengaluru,Rajajinagar,2021-08-07
U00424,Tejas,Dubey,tejas.dubey424@gmail.com,+914409386547,13.094234,77.600377,Bengaluru,Yelahanka,2024-01-28
U00425,Yahvi,Kant,yahvi.kant425@hotmail.com,+915487487056,12.915999,77.627623,Bengaluru,HSR Layout,2021-04-16
U00426,Raghav,Vora,raghav.vora426@gmail.com,+916094461501,12.930114,77.557788,Bengaluru,Basavanagudi,2023-01-31
U00427,Ishaan,Sahni,ishaan.sahni427@yahoo.com,+910665660505,12.943042,77.598483,Bengaluru,Jayanagar,2022-11-17
U00428,Triveni,Bose,triveni.bose428@outlook.com,+917657893793,12.95835,77.620108,Bengaluru,MG Road,2023-02-03
U00429,Jackson,Deep,jackson.deep429@hotmail.com,+913729903521,12.972264,77.604666,Bengaluru,Shivajinagar,2022-06-30
U00430,Anay,Srinivasan,anay.srinivasan430@hotmail.com,+919102764714,12.906967,77.628838,Bengaluru,Bommanahalli,2021-02-07
U00431,Ijaya,Muni,ijaya.muni431@yahoo.com,+911190266237,12.898842,77.588683,Bengaluru,JP Nagar,2021-06-15
U00432,Janani,Dewan,janani.dewan432@gmail.com,+913098314523,13.024717,77.601766,Bengaluru,Hebbal,2022-03-25
U00433,Riya,Virk,riya.virk433@gmail.com,+914633287425,12.926824,77.556457,Bengaluru,Banashankari,2022-03-01
U00434,Hema,Gera,hema.gera434@hotmail.com,+918058000589,13.094016,77.613019,Bengaluru,Yelahanka,2023-04-28
U00435,Daksha,Balakrishnan,daksha.balakrishnan435@yahoo.com,+911575015438,12.999588,77.708198,Bengaluru,KR Puram,2024-01-21
U00436,Jagat,Kapadia,jagat.kapadia436@hotmail.com,+911807794914,12.905368,77.635894,Bengaluru,Bommanahalli,2024-01-12
U00437,Kabir,Dhar,kabir.dhar437@gmail.com,+911446619954,12.878675,77.699968,Bengaluru,Sarjapur,2022-12-13
U00438,Utkarsh,Mohanty,utkarsh.mohanty438@hotmail.com,+916266688545,12.968149,77.733179,Bengaluru,Whitefield,2023-01-15
U00439,Jeremiah,Kadakia,jeremiah.kadakia439@hotmail.com,+917766599599,12.998971,77.704482,Bengaluru,KR Puram,2022-03-27
U00440,Kalpit,Brar,kalpit.brar440@outlook.com,+913816226648,12.966473,77.631031,Bengaluru,Indiranagar,2021-09-29
U00441,Pavani,Choudhury,pavani.choudhury441@hotmail.com,+914628836358,12.844001,77.662878,Bengaluru,Electronic City,2021-07-18
U00442,Faras,Bahl,faras.bahl442@yahoo.com,+915131356117,12.984131,77.649867,Bengaluru,Indiranagar,2021-06-27
U00443,Veda,Sankar,veda.sankar443@hotmail.com,+914479372239,12.923099,77.624743,Bengaluru,Koramangala,2022-01-20
U00444,Brijesh,Hegde,brijesh.hegde444@gmail.com,+918225885843,12.857369,77.605092,Bengaluru,Bannerghatta Road,2023-04-15
U00445,Hritik,Bali,hritik.bali445@outlook.com,+914087474073,12.959557,77.757286,Bengaluru,Whitefield,2023-10-12
U00446,Yochana,Bhargava,yochana.bhargava446@hotmail.com,+917565779906,12.97476,77.622389,Bengaluru,MG Road,2021-08-02
U00447,Upasna,Dani,upasna.dani447@outlook.com,+912511809545,12.970044,77.740645,Bengaluru,Whitefield,2022-06-22
U00448,Zehaan,Bassi,zehaan.bassi448@yahoo.com,+911528634840,12.975005,77.570324,Bengaluru,Rajajinagar,2022-08-16
U00449,Dominic,Mitra,dominic.mitra449@gmail.com,+910649144533,12.928261,77.651316,Bengaluru,HSR Layout,2023-07-14
U00450,Advaith,Char,advaith.char450@yahoo.com,+911569146164,12.932407,77.541384,Bengaluru,Banashankari,2021-02-11
U00451,Jatin,Jha,jatin.jha451@yahoo.com,+916840913417,12.906225,77.637965,Bengaluru,HSR Layout,2023-09-01
U00452,Ryan,Goyal,ryan.goyal452@hotmail.com,+919571451495,12.845877,77.690871,Bengaluru,Sarjapur,2021-08-16
U00453,Indali,Balakrishnan,indali.balakrishnan453@outlook.com,+918387368072,12.961872,77.762757,Bengaluru,Whitefield,2022-11-01
U00454,Gautam,Dhingra,gautam.dhingra454@gmail.com,+914388168482,12.971786,77.627853,Bengaluru,MG Road,2024-01-01
U00455,Arunima,Pall,arunima.pall455@gmail.com,+917046445030,13.043487,77.614245,Bengaluru,Hebbal,2021-03-06
U00456,Indira,Dyal,indira.dyal456@outlook.com,+911990818733,12.987247,77.700676,Bengaluru,KR Puram,2023-01-03
U00457,Xiti,Khurana,xiti.khurana457@hotmail.com,+912722373695,12.961427,77.640547,Bengaluru,Indiranagar,2022-05-05
U00458,Yashasvi,Bir,yashasvi.bir458@hotmail.com,+915904735352,12.969822,77.630271,Bengaluru,Indiranagar,2021-04-02
U00459,Hardik,Atwal,hardik.atwal459@outlook.com,+919305397345,12.90486,77.594878,Bengaluru,JP Nagar,2022-06-17
U00460,Teerth,Handa,teerth.handa460@hotmail.com,+912606009897,12.958811,77.755609,Bengaluru,Whitefield,2022-08-30
U00461,Baghyawati,Garg,baghyawati.garg461@outlook.com,+914316411991,12.906614,77.596969,Bengaluru,JP Nagar,2021-07-03
U00462,Aayush,Chaudhary,aayush.chaudhary462@outlook.com,+912542600628,12.885704,77.614119,Bengaluru,Bommanahalli,2021-04-12
U00463,Tanish,Thaman,tanish.thaman463@yahoo.com,+918435799389,12.976553,77.51072,Bengaluru,Nagarbhavi,2022-01-23
U00464,Vaishnavi,Peri,vaishnavi.peri464@yahoo.com,+915174752949,13.005457,77.548822,Bengaluru,Rajajinagar,2021-11-15
U00465,Qasim,Sarraf,qasim.sarraf465@outlook.com,+912889563836,13.034303,77.593333,Bengaluru,Hebbal,2021-07-29
U00466,Hredhaan,Golla,hredhaan.golla466@hotmail.com,+913101221338,12.922282,77.541294,Bengaluru,Banashankari,2021-04-30
U00467,Isha,Raghavan,isha.raghavan467@outlook.com,+911448354574,12.920432,77.536368,Bengaluru,Banashankari,2022-01-01
U00468,Panini,Kala,panini.kala468@yahoo.com,+918382525430,12.987033,77.608638,Bengaluru,Shivajinagar,2023-05-21
U00469,Yoshita,Kari,yoshita.kari469@yahoo.com,+912151734660,12.988456,77.635476,Bengaluru,MG Road,2022-11-27
U00470,Nikita,Chowdhury,nikita.chowdhury470@yahoo.com,+917157561080,13.116803,77.604355,Bengaluru,Yelahanka,2022-06-08
U00471,Dipta,Dasgupta,dipta.dasgupta471@yahoo.com,+912212395512,13.01976,77.6779,Bengaluru,KR Puram,2021-02-11
U00472,Unnati,Choudhary,unnati.choudhary472@yahoo.com,+913285414226,12.982766,77.746931,Bengaluru,Whitefield,2021-10-07
U00473,Zinal,Deshpande,zinal.deshpande473@yahoo.com,+914453715045,12.963705,77.694249,Bengaluru,Marathahalli,2021-08-22
U00474,Warhi,Patel,warhi.patel474@hotmail.com,+918801159132,12.981851,77.74604,Bengaluru,Whitefield,2023-10-09
U00475,Bhavya,Baria,bhavya.baria475@yahoo.com,+913554690336,13.101822,77.585003,Bengaluru,Yelahanka,2023-03-17
U00476,Fitan,Narang,fitan.narang476@gmail.com,+917197323815,12.873655,77.584378,Bengaluru,Bannerghatta Road,2022-11-30
U00477,Wakeeta,D’Alia,wakeeta.d’alia477@hotmail.com,+912602356409,12.834166,77.663955,Bengaluru,Electronic City,2023-06-15
U00478,Lekha,Mander,lekha.mander478@hotmail.com,+919195078679,12.941624,77.70143,Bengaluru,Marathahalli,2023-11-09
U00479,Tanmayi,Muni,tanmayi.muni479@yahoo.com,+911919487461,12.945102,77.578641,Bengaluru,Basavanagudi,2023-12-11
U00480,Sachi,Kara,sachi.kara480@gmail.com,+912415517586,12.898241,77.58894,Bengaluru,JP Nagar,2021-03-15
U00481,Nikita,Mannan,nikita.mannan481@yahoo.com,+913327028996,12.930951,77.625268,Bengaluru,BTM Layout,2022-11-14
U00482,Priya,Gulati,priya.gulati482@outlook.com,+914311621065,13.117161,77.596358,Bengaluru,Yelahanka,2024-01-10
U00483,Ekaraj,Soni,ekaraj.soni483@outlook.com,+913965431055,12.956332,77.512228,Bengaluru,Nagarbhavi,2023-08-04
U00484,Jhalak,Gola,jhalak.gola484@yahoo.com,+912759608895,13.03563,77.602868,Bengaluru,Hebbal,2021-04-23
U00485,Agastya,Swamy,agastya.swamy485@yahoo.com,+918434231494,12.95669,77.636949,Bengaluru,Domlur,2022-11-11
U00486,Henry,Randhawa,henry.randhawa486@yahoo.com,+918606209818,12.965303,77.513704,Bengaluru,Nagarbhavi,2022-12-09
U00487,Raksha,Virk,raksha.virk487@gmail.com,+911414050850,12.984957,77.624519,Bengaluru,Indiranagar,2022-10-12
U00488,Frederick,Dar,frederick.dar488@outlook.com,+914296364122,12.989851,77.685217,Bengaluru,KR Puram,2023-09-09
U00489,Luke,Rana,luke.rana489@outlook.com,+919245396042,13.093415,77.583184,Bengaluru,Yelahanka,2022-03-25
U00490,Nandini,Chaudry,nandini.chaudry490@hotmail.com,+914253968527,12.908642,77.691757,Bengaluru,Bellandur,2022-08-03
U00491,Om,Bhattacharyya,om.bhattacharyya491@gmail.com,+918122466142,13.100612,77.584669,Bengaluru,Yelahanka,2024-01-28
U00492,Januja,Issac,januja.issac492@hotmail.com,+912097909635,12.980913,77.488409,Bengaluru,Nagarbhavi,2021-01-04
U00493,Hamsini,Iyer,hamsini.iyer493@gmail.com,+917533170253,12.981717,77.756606,Bengaluru,Whitefield,2021-06-03
U00494,Netra,Das,netra.das494@hotmail.com,+914377587253,12.959059,77.696462,Bengaluru,Marathahalli,2021-04-16
U00495,Viraj,Samra,viraj.samra495@gmail.com,+913330032569,13.020911,77.583981,Bengaluru,Hebbal,2022-10-25
U00496,Xalak,Mallick,xalak.mallick496@gmail.com,+913115196839,13.092278,77.605786,Bengaluru,Yelahanka,2022-01-26
U00497,Anjali,Ratta,anjali.ratta497@outlook.com,+912663154309,12.857429,77.68602,Bengaluru,Electronic City,2021-11-20
U00498,Ishani,Soni,ishani.soni498@outlook.com,+911315653667,12.958657,77.609128,Bengaluru,MG Road,2024-03-10
U00499,Nidhi,Sundaram,nidhi.sundaram499@yahoo.com,+911452282325,12.901058,77.63192,Bengaluru,HSR Layout,2022-11-05
U00500,Yasti,Mallick,yasti.mallick500@outlook.com,+919799349657,12.994788,77.687617,Bengaluru,KR Puram,2022-01-18
U00501,Manan,Sha,manan.sha501@yahoo.com,+912197064064,13.02915,77.587637,Bengaluru,Hebbal,2022-12-11
U00502,Hritik,Das,hritik.das502@gmail.com,+914024478307,12.898772,77.654367,Bengaluru,HSR Layout,2022-10-25
U00503,Zashil,Suri,zashil.suri503@yahoo.com,+910349141052,12.972723,77.552396,Bengaluru,Rajajinagar,2023-10-16
U00504,Widisha,Kashyap,widisha.kashyap504@yahoo.com,+914272126454,12.958748,77.579427,Bengaluru,Basavanagudi,2023-04-27
U00505,Krish,Balan,krish.balan505@hotmail.com,+917467269863,12.912551,77.607154,Bengaluru,BTM Layout,2023-06-07
U00506,Hardik,Bera,hardik.bera506@yahoo.com,+913279882170,12.949323,77.609704,Bengaluru,Koramangala,2022-02-27
U00507,Ekansh,Tara,ekansh.tara507@hotmail.com,+919961494918,12.912875,77.580213,Bengaluru,JP Nagar,2021-09-05
U00508,Avi,Gola,avi.gola508@outlook.com,+911603849526,12.989407,77.576151,Bengaluru,Malleshwaram,2023-05-16
U00509,Lavanya,Narain,lavanya.narain509@yahoo.com,+918795614109,12.946689,77.625056,Bengaluru,Koramangala,2021-11-19
U00510,Michael,Mitter,michael.mitter510@outlook.com,+919325789088,12.938371,77.581007,Bengaluru,Basavanagudi,2021-12-14
U00511,Gopal,Bose,gopal.bose511@gmail.com,+910347112027,13.000887,77.539558,Bengaluru,Rajajinagar,2022-01-27
U00512,Zinal,Tailor,zinal.tailor512@yahoo.com,+918595129207,12.899483,77.622447,Bengaluru,BTM Layout,2022-04-25
U00513,Unnati,Jaggi,unnati.jaggi513@yahoo.com,+915823398951,12.918098,77.567446,Bengaluru,Jayanagar,2022-05-12
U00514,Chaaya,Tank,chaaya.tank514@hotmail.com,+913879278767,12.976955,77.766363,Bengaluru,Whitefield,2023-08-20
U00515,Vritti,Thaman,vritti.thaman515@gmail.com,+914229665144,12.972479,77.629551,Bengaluru,Domlur,2024-02-04
U00516,Advika,Oza,advika.oza516@outlook.com,+914306206814,12.996368,77.694823,Bengaluru,KR Puram,2023-07-31
U00517,Andrew,Balay,andrew.balay517@outlook.com,+919198720298,13.011345,77.706897,Bengaluru,KR Puram,2024-03-05
U00518,Qushi,Dani,qushi.dani518@gmail.com,+914339141981,12.895866,77.621263,Bengaluru,HSR Layout,2023-11-27
U00519,Leela,Sengupta,leela.sengupta519@hotmail.com,+913305074950,12.988937,77.512227,Bengaluru,Nagarbhavi,2023-04-21
U00520,Divya,Puri,divya.puri520@yahoo.com,+911929802844,12.832083,77.689489,Bengaluru,Electronic City,2023-06-23
U00521,Saanvi,Sharaf,saanvi.sharaf521@hotmail.com,+916936240885,12.986636,77.515663,Bengaluru,Nagarbhavi,2021-06-27
U00522,Balendra,Bali,balendra.bali522@hotmail.com,+912381370574,12.9858,77.755472,Bengaluru,Whitefield,2022-04-22
U00523,Peter,Mitter,peter.mitter523@yahoo.com,+916594152583,12.894956,77.63803,Bengaluru,HSR Layout,2021-12-25
U00524,Nitesh,Swamy,nitesh.swamy524@yahoo.com,+917811644668,12.855997,77.697489,Bengaluru,Sarjapur,2022-10-07
U00525,Raagini,Desai,raagini.desai525@yahoo.com,+919010291585,12.936713,77.66123,Bengaluru,Bellandur,2021-12-16
U00526,Devika,Ramachandran,devika.ramachandran526@outlook.com,+911101460235,12.991348,77.680044,Bengaluru,KR Puram,2023-12-13
U00527,Vinaya,Choudhary,vinaya.choudhary527@hotmail.com,+912890140812,12.97314,77.702218,Bengaluru,Marathahalli,2023-11-10
U00528,Vritti,Zacharia,vritti.zacharia528@gmail.com,+917660271689,12.887224,77.616337,Bengaluru,Bommanahalli,2023-03-29
U00529,Upma,Soni,upma.soni529@outlook.com,+918718193834,12.906474,77.59746,Bengaluru,JP Nagar,2023-08-18
U00530,Naksh,Toor,naksh.toor530@gmail.com,+911047308028,12.931702,77.544771,Bengaluru,Banashankari,2022-12-14
U00531,Daksh,Raman,daksh.raman531@gmail.com,+918241430444,12.923697,77.572961,Bengaluru,JP Nagar,2022-09-03
U00532,Adya,Talwar,adya.talwar532@outlook.com,+915963490019,12.945015,77.575971,Bengaluru,Basavanagudi,2021-10-28
U00533,Krishna,Pandit,krishna.pandit533@yahoo.com,+914500419511,13.032913,77.604924,Bengaluru,Hebbal,2022-05-21
U00534,Bhavani,Nagi,bhavani.nagi534@hotmail.com,+916170616684,12.921266,77.599821,Bengaluru,BTM Layout,2023-03-08
U00535,Darsh,Bala,darsh.bala535@yahoo.com,+919872848181,13.093689,77.603144,Bengaluru,Yelahanka,2021-03-05
U00536,Chakradev,Dave,chakradev.dave536@yahoo.com,+914440557247,12.956912,77.634855,Bengaluru,Domlur,2022-04-09
U00537,Jeevika,Palla,jeevika.palla537@yahoo.com,+916362091604,12.969903,77.489986,Bengaluru,Nagarbhavi,2024-03-14
U00538,Avi,Om,avi.om538@gmail.com,+912319017066,12.993173,77.593604,Bengaluru,Shivajinagar,2023-09-05
U00539,Lajita,Chatterjee,lajita.chatterjee539@hotmail.com,+911858935840,12.87658,77.67734,Bengaluru,Sarjapur,2021-10-02
U00540,Priya,Pai,priya.pai540@outlook.com,+911265656416,12.839231,77.687044,Bengaluru,Electronic City,2023-07-25
U00541,Ishanvi,Sabharwal,ishanvi.sabharwal541@gmail.com,+917111207018,12.986421,77.553105,Bengaluru,Rajajinagar,2022-11-18
U00542,Indali,Bhalla,indali.bhalla542@yahoo.com,+919679262552,12.902157,77.625833,Bengaluru,Bommanahalli,2023-01-23
U00543,Yash,Kota,yash.kota543@gmail.com,+913598480861,13.001675,77.552515,Bengaluru,Malleshwaram,2022-05-02
U00544,Wahab,Muni,wahab.muni544@yahoo.com,+914342299785,12.85892,77.69596,Bengaluru,Sarjapur,2021-01-21
U00545,Frado,Bhatti,frado.bhatti545@gmail.com,+913398930904,12.903308,77.623344,Bengaluru,BTM Layout,2021-05-13
U00546,Dalaja,Contractor,dalaja.contractor546@hotmail.com,+918490140565,12.918908,77.62414,Bengaluru,Koramangala,2022-12-07
U00547,Geetika,Gara,geetika.gara547@hotmail.com,+917090959027,12.853415,77.607627,Bengaluru,Bannerghatta Road,2024-01-28
U00548,Anmol,Yohannan,anmol.yohannan548@hotmail.com,+916919918386,12.875067,77.57785,Bengaluru,Bannerghatta Road,2022-01-31
U00549,Eshana,Barad,eshana.barad549@hotmail.com,+916961636771,12.926803,77.676868,Bengaluru,Bellandur,2021-09-30
U00550,Triveni,Sami,triveni.sami550@yahoo.com,+919426915489,13.050818,77.595477,Bengaluru,Hebbal,2023-04-22
U00551,Yutika,Sama,yutika.sama551@gmail.com,+911245277050,13.051105,77.598591,Bengaluru,Hebbal,2022-06-27
U00552,Amara,Bahri,amara.bahri552@outlook.com,+915624481888,12.971867,77.637709,Bengaluru,Domlur,2021-03-25
U00553,Upasna,Bains,upasna.bains553@outlook.com,+911391938707,13.016562,77.690376,Bengaluru,KR Puram,2021-02-21
U00554,Edhitha,Purohit,edhitha.purohit554@yahoo.com,+911349843828,12.937865,77.660305,Bengaluru,Bellandur,2021-02-14
U00555,Madhavi,Naidu,madhavi.naidu555@outlook.com,+914624786357,13.014514,77.679206,Bengaluru,KR Puram,2021-02-04
U00556,Guneet,Suresh,guneet.suresh556@yahoo.com,+913308903454,12.959959,77.50178,Bengaluru,Nagarbhavi,2023-09-14
U00557,Harish,Jha,harish.jha557@yahoo.com,+911095496861,12.836184,77.677,Bengaluru,Electronic City,2022-01-01
U00558,Gayathri,Taneja,gayathri.taneja558@yahoo.com,+917909919984,12.924178,77.554646,Bengaluru,Banashankari,2021-04-28
U00559,Yadavi,Nori,yadavi.nori559@gmail.com,+915110356257,12.940653,77.559253,Bengaluru,Basavanagudi,2024-03-22
U00560,Ojas,Mistry,ojas.mistry560@gmail.com,+918057955000,12.892822,77.603383,Bengaluru,Bommanahalli,2021-10-19
U00561,Januja,Sarin,januja.sarin561@outlook.com,+916305727562,12.962545,77.496871,Bengaluru,Nagarbhavi,2023-05-24
U00562,Saksham,Taneja,saksham.taneja562@outlook.com,+919283905370,12.890583,77.56929,Bengaluru,JP Nagar,2024-01-13
U00563,Faqid,Wason,faqid.wason563@hotmail.com,+917203248932,12.978594,77.755014,Bengaluru,Whitefield,2021-03-01
U00564,Tanish,Mani,tanish.mani564@hotmail.com,+916779466853,12.96443,77.711482,Bengaluru,Marathahalli,2023-01-19
U00565,Alka,Batta,alka.batta565@outlook.com,+914268988077,12.899782,77.600034,Bengaluru,JP Nagar,2023-11-01
U00566,Chameli,Ratti,chameli.ratti566@outlook.com,+915857856451,13.002245,77.572509,Bengaluru,Malleshwaram,2023-06-15
U00567,Upkaar,Chanda,upkaar.chanda567@yahoo.com,+919346829851,12.978339,77.493461,Bengaluru,Nagarbhavi,2023-07-08
U00568,Girish,Nayar,girish.nayar568@hotmail.com,+915118778634,12.937051,77.563409,Bengaluru,Basavanagudi,2022-03-02
U00569,Anjali,Bhavsar,anjali.bhavsar569@hotmail.com,+917476397103,12.942547,77.705147,Bengaluru,Brookefield,2023-09-21
U00570,Vaishnavi,Sane,vaishnavi.sane570@yahoo.com,+917960688867,12.912459,77.636698,Bengaluru,HSR Layout,2023-10-16
U00571,Shaurya,Palan,shaurya.palan571@yahoo.com,+915057846221,13.012724,77.686678,Bengaluru,KR Puram,2021-01-19
U00572,Faraj,Mittal,faraj.mittal572@outlook.com,+918651531214,12.932133,77.584579,Bengaluru,Basavanagudi,2021-07-09
U00573,Yamini,Mital,yamini.mital573@yahoo.com,+917908686514,12.91796,77.629304,Bengaluru,HSR Layout,2023-10-25
U00574,Rachita,Zacharia,rachita.zacharia574@gmail.com,+910593967015,13.112672,77.60738,Bengaluru,Yelahanka,2023-10-10
U00575,Dhriti,Iyengar,dhriti.iyengar575@hotmail.com,+911246552957,13.010012,77.555639,Bengaluru,Malleshwaram,2022-09-24
U00576,Oeshi,Ratti,oeshi.ratti576@yahoo.com,+911683202271,12.959184,77.649281,Bengaluru,Domlur,2022-10-12
U00577,Zayan,Varma,zayan.varma577@gmail.com,+912149800847,12.901315,77.623806,Bengaluru,HSR Layout,2021-05-03
U00578,Sudiksha,Gole,sudiksha.gole578@outlook.com,+917343282391,12.998342,77.707232,Bengaluru,KR Puram,2023-07-04
U00579,Anirudh,Varty,anirudh.varty579@gmail.com,+913669498359,12.903186,77.615948,Bengaluru,BTM Layout,2024-01-31
U00580,Rachit,Tata,rachit.tata580@hotmail.com,+917329758456,12.866481,77.687477,Bengaluru,Sarjapur,2023-11-23
U00581,Tanay,Sibal,tanay.sibal581@yahoo.com,+910244698459,12.929871,77.598226,Bengaluru,Jayanagar,2023-08-13
U00582,Amrita,Walia,amrita.walia582@gmail.com,+916094783062,12.978088,77.646846,Bengaluru,Domlur,2023-02-17
U00583,Radha,Bhasin,radha.bhasin583@outlook.com,+918998724446,13.092977,77.604238,Bengaluru,Yelahanka,2023-10-26
U00584,Sai,Patla,sai.patla584@outlook.com,+910927493909,12.944056,77.705603,Bengaluru,Marathahalli,2021-10-14
U00585,Turvi,Divan,turvi.divan585@yahoo.com,+912151285136,12.846714,77.671479,Bengaluru,Sarjapur,2021-03-19
U00586,Wridesh,Dora,wridesh.dora586@gmail.com,+915237008777,12.85344,77.680289,Bengaluru,Sarjapur,2023-03-06
U00587,Charita,Saran,charita.saran587@gmail.com,+912260734784,12.987883,77.551642,Bengaluru,Malleshwaram,2022-02-26
U00588,Nirja,Nagar,nirja.nagar588@outlook.com,+914643103233,12.946888,77.696237,Bengaluru,Marathahalli,2023-12-26
U00589,Devansh,Jani,devansh.jani589@outlook.com,+917673058582,12.976441,77.649789,Bengaluru,Domlur,2022-05-13
U00590,Nitara,Loke,nitara.loke590@outlook.com,+919968224312,12.915955,77.652776,Bengaluru,HSR Layout,2022-11-30
U00591,Bhavini,Dyal,bhavini.dyal591@outlook.com,+918898392307,13.010951,77.679377,Bengaluru,KR Puram,2023-01-19
U00592,Aahana,Keer,aahana.keer592@outlook.com,+910670779244,12.947202,77.624698,Bengaluru,Domlur,2023-08-16
U00593,Nidra,Khare,nidra.khare593@hotmail.com,+919711315687,12.907952,77.611716,Bengaluru,Bommanahalli,2022-10-30
U00594,Ishaan,Doctor,ishaan.doctor594@outlook.com,+916459639468,12.902816,77.593594,Bengaluru,BTM Layout,2021-11-19
U00595,Rehaan,Bala,rehaan.bala595@gmail.com,+919035858726,12.835263,77.666694,Bengaluru,Electronic City,2021-01-26
U00596,Yatan,Mukherjee,yatan.mukherjee596@hotmail.com,+910271926421,12.923125,77.617122,Bengaluru,BTM Layout,2022-12-18
U00597,Ucchal,Sunder,ucchal.sunder597@hotmail.com,+918807366497,12.853641,77.586072,Bengaluru,Bannerghatta Road,2021-11-29
U00598,Rajata,Sami,rajata.sami598@outlook.com,+919019643356,12.974035,77.6453,Bengaluru,Indiranagar,2024-03-31
U00599,Balhaar,Jaggi,balhaar.jaggi599@gmail.com,+911118700008,12.919601,77.577799,Bengaluru,Jayanagar,2021-12-19
U00600,Nathaniel,Mahajan,nathaniel.mahajan600@outlook.com,+912208939560,12.919236,77.601373,Bengaluru,Jayanagar,2022-04-28
U00601,Laban,Balakrishnan,laban.balakrishnan601@hotmail.com,+911710147824,12.863965,77.669692,Bengaluru,Sarjapur,2023-02-24
U00602,Aarna,Mall,aarna.mall602@gmail.com,+917390665068,13.04748,77.611289,Bengaluru,Hebbal,2021-09-07
U00603,Patrick,Basak,patrick.basak603@hotmail.com,+910273160350,12.866065,77.686696,Bengaluru,Sarjapur,2023-05-30
U00604,Vedika,Bahri,vedika.bahri604@outlook.com,+916327052416,12.937594,77.59819,Bengaluru,Jayanagar,2021-02-01
U00605,Christopher,Chacko,christopher.chacko605@outlook.com,+914686676469,12.986891,77.629705,Bengaluru,MG Road,2023-06-03
U00606,Dipta,Misra,dipta.misra606@outlook.com,+910001374378,12.96181,77.757614,Bengaluru,Whitefield,2021-01-18
U00607,Devansh,Ray,devansh.ray607@hotmail.com,+918232258337,12.925308,77.660914,Bengaluru,Bellandur,2022-05-08
U00608,Januja,Chana,januja.chana608@yahoo.com,+913450154177,13.110594,77.610828,Bengaluru,Yelahanka,2022-03-05
U00609,Mekhala,Dey,mekhala.dey609@hotmail.com,+911000059118,12.937887,77.576204,Bengaluru,Basavanagudi,2023-06-15
U00610,Warinder,Choudhury,warinder.choudhury610@hotmail.com,+919334891402,12.930456,77.583142,Bengaluru,Basavanagudi,2022-05-04
U00611,Xiti,Dara,xiti.dara611@hotmail.com,+911555800875,12.959539,77.579917,Bengaluru,Basavanagudi,2022-04-07
U00612,Zayan,Taneja,zayan.taneja612@gmail.com,+911838237084,12.935404,77.545393,Bengaluru,Banashankari,2022-03-11
U00613,Gautam,Khanna,gautam.khanna613@outlook.com,+911381385418,12.91692,77.676696,Bengaluru,Bellandur,2021-02-03
U00614,Jason,Munshi,jason.munshi614@hotmail.com,+915701773370,12.828271,77.667128,Bengaluru,Electronic City,2022-07-28
U00615,Forum,Ramakrishnan,forum.ramakrishnan615@hotmail.com,+915497127931,12.8953,77.633909,Bengaluru,HSR Layout,2021-04-01
U00616,Warinder,Sampath,warinder.sampath616@hotmail.com,+917756999060,12.94147,77.700509,Bengaluru,Brookefield,2021-12-04
U00617,Tejas,Dhawan,tejas.dhawan617@hotmail.com,+919566118289,12.82607,77.674612,Bengaluru,Electronic City,2021-01-22
U00618,Hredhaan,Gill,hredhaan.gill618@hotmail.com,+918643583097,12.943888,77.591221,Bengaluru,Jayanagar,2022-10-04
U00619,Tanish,Maharaj,tanish.maharaj619@hotmail.com,+911492896918,12.980236,77.545135,Bengaluru,Rajajinagar,2022-02-10
U00620,Ria,Rege,ria.rege620@outlook.com,+918634549642,13.001554,77.700234,Bengaluru,KR Puram,2023-03-20
U00621,Aachal,Bhalla,aachal.bhalla621@yahoo.com,+915830035808,12.890831,77.594332,Bengaluru,JP Nagar,2022-11-24
U00622,Vritti,Walla,vritti.walla622@yahoo.com,+914910885348,12.969861,77.501606,Bengaluru,Nagarbhavi,2022-06-05
U00623,Kavya,Chowdhury,kavya.chowdhury623@yahoo.com,+912778340793,12.95154,77.623776,Bengaluru,Domlur,2023-06-22
U00624,Edhitha,Sampath,edhitha.sampath624@gmail.com,+917177110340,12.946631,77.58387,Bengaluru,Jayanagar,2023-03-02
U00625,Vaishnavi,Koshy,vaishnavi.koshy625@yahoo.com,+911745741791,12.891718,77.598191,Bengaluru,JP Nagar,2023-06-14
U00626,Arunima,Dhillon,arunima.dhillon626@gmail.com,+910013302148,12.853192,77.687625,Bengaluru,Sarjapur,2021-05-08
U00627,Janani,Soman,janani.soman627@gmail.com,+913921581927,12.969464,77.615966,Bengaluru,Shivajinagar,2021-07-11
U00628,Jhalak,Morar,jhalak.morar628@outlook.com,+917645618468,12.971013,77.492301,Bengaluru,Nagarbhavi,2022-05-27
U00629,Ansh,Banerjee,ansh.banerjee629@yahoo.com,+916597470914,13.000822,77.596439,Bengaluru,Shivajinagar,2022-02-27
U00630,Chatura,Khatri,chatura.khatri630@gmail.com,+919083382656,12.86001,77.704437,Bengaluru,Sarjapur,2022-01-15
U00631,Zehaan,Rajagopalan,zehaan.rajagopalan631@hotmail.com,+911266699169,12.972196,77.751149,Bengaluru,Whitefield,2024-01-18
U00632,Dayamai,Patil,dayamai.patil632@hotmail.com,+910866574865,13.000203,77.609233,Bengaluru,Shivajinagar,2023-07-17
U00633,Jairaj,Warrior,jairaj.warrior633@outlook.com,+917673800750,12.973797,77.62559,Bengaluru,MG Road,2023-08-09
U00634,Warjas,Savant,warjas.savant634@yahoo.com,+917339347412,12.882739,77.596481,Bengaluru,Bannerghatta Road,2022-05-24
U00635,Lipika,Anand,lipika.anand635@outlook.com,+910738546052,13.100455,77.596304,Bengaluru,Yelahanka,2023-07-09
U00636,Maya,Kumer,maya.kumer636@yahoo.com,+911330587892,12.92863,77.65672,Bengaluru,HSR Layout,2021-10-05
U00637,Charvi,Chana,charvi.chana637@yahoo.com,+919557693088,12.958385,77.726842,Bengaluru,Brookefield,2021-11-17
U00638,Warinder,Mishra,warinder.mishra638@gmail.com,+919919062315,12.95065,77.650011,Bengaluru,Domlur,2023-06-18
U00639,Shivansh,Dyal,shivansh.dyal639@outlook.com,+919747084867,12.863553,77.605425,Bengaluru,Bannerghatta Road,2021-06-11
U00640,Reva,Nadig,reva.nadig640@yahoo.com,+919859634365,12.955825,77.747734,Bengaluru,Whitefield,2022-08-24
U00641,Niharika,Bandi,niharika.bandi641@outlook.com,+916267240896,12.8843,77.612517,Bengaluru,Bannerghatta Road,2021-08-02
U00642,Anusha,Buch,anusha.buch642@gmail.com,+912156670191,12.909947,77.582929,Bengaluru,JP Nagar,2022-05-21
U00643,Vyanjana,Sinha,vyanjana.sinha643@gmail.com,+915999207189,12.860143,77.685332,Bengaluru,Sarjapur,2022-07-03
U00644,Nitara,Natarajan,nitara.natarajan644@yahoo.com,+911318960503,12.976514,77.655883,Bengaluru,Domlur,2021-12-20
U00645,Pahal,Chaudhry,pahal.chaudhry645@gmail.com,+913417414655,12.835752,77.69025,Bengaluru,Electronic City,2023-08-29
U00646,Naveen,Lal,naveen.lal646@yahoo.com,+913559164915,12.833696,77.688036,Bengaluru,Electronic City,2022-05-22
U00647,Yashawini,Bhatti,yashawini.bhatti647@yahoo.com,+913386486500,12.954884,77.701862,Bengaluru,Brookefield,2023-02-22
U00648,Indira,Salvi,indira.salvi648@outlook.com,+915019165364,13.051541,77.588429,Bengaluru,Hebbal,2022-01-03
U00649,Eta,Setty,eta.setty649@hotmail.com,+917781341452,13.018508,77.593142,Bengaluru,Hebbal,2023-05-25
U00650,Ayaan,Ben,ayaan.ben650@hotmail.com,+919153509043,12.941836,77.667317,Bengaluru,Bellandur,2022-07-17
U00651,Qarin,Sawhney,qarin.sawhney651@outlook.com,+916392946513,13.011555,77.552432,Bengaluru,Malleshwaram,2021-03-22
U00652,Laban,Aggarwal,laban.aggarwal652@gmail.com,+919912643847,12.945832,77.568889,Bengaluru,Jayanagar,2022-09-05
U00653,Nandini,Iyengar,nandini.iyengar653@gmail.com,+912050916339,12.879432,77.62286,Bengaluru,Bommanahalli,2024-03-25
U00654,Dalaja,Murthy,dalaja.murthy654@yahoo.com,+912593286571,13.013443,77.68195,Bengaluru,KR Puram,2023-03-12
U00655,Fitan,Choudhry,fitan.choudhry655@yahoo.com,+919128300623,12.987165,77.762961,Bengaluru,Whitefield,2022-08-24
U00656,Nakul,Krish,nakul.krish656@yahoo.com,+915167917761,12.972452,77.505444,Bengaluru,Nagarbhavi,2022-07-04
U00657,Zaitra,De,zaitra.de657@hotmail.com,+911729233591,13.012751,77.692222,Bengaluru,KR Puram,2021-06-24
U00658,Nirja,Nagarajan,nirja.nagarajan658@gmail.com,+913562872450,12.96744,77.69241,Bengaluru,Marathahalli,2023-02-04
U00659,Siya,Sridhar,siya.sridhar659@gmail.com,+914147716828,12.963116,77.520464,Bengaluru,Nagarbhavi,2024-03-22
U00660,Kiaan,Lad,kiaan.lad660@yahoo.com,+914682163629,13.008956,77.682735,Bengaluru,KR Puram,2022-08-18
U00661,Oscar,Narang,oscar.narang661@outlook.com,+913223224263,12.907741,77.547635,Bengaluru,Banashankari,2023-06-19
U00662,Baghyawati,Issac,baghyawati.issac662@yahoo.com,+918125414528,13.053258,77.599024,Bengaluru,Hebbal,2023-03-16
U00663,Frado,Sachdeva,frado.sachdeva663@outlook.com,+915904474176,12.970765,77.516281,Bengaluru,Nagarbhavi,2023-09-04
U00664,Jhalak,Gopal,jhalak.gopal664@gmail.com,+917940652532,12.829634,77.668679,Bengaluru,Electronic City,2022-12-06
U00665,Maya,Purohit,maya.purohit665@outlook.com,+918345199550,12.977682,77.587615,Bengaluru,Shivajinagar,2022-07-05
U00666,Udarsh,Bail,udarsh.bail666@hotmail.com,+915472815706,12.973105,77.512105,Bengaluru,Nagarbhavi,2023-09-16
U00667,Arin,Karnik,arin.karnik667@gmail.com,+916220437714,13.088905,77.606801,Bengaluru,Yelahanka,2021-08-01
U00668,Gaurav,Shere,gaurav.shere668@hotmail.com,+914849261528,12.988772,77.621426,Bengaluru,MG Road,2021-12-04
U00669,Rushil,Lala,rushil.lala669@gmail.com,+916820808207,12.977955,77.511422,Bengaluru,Nagarbhavi,2022-10-23
U00670,Om,Bawa,om.bawa670@yahoo.com,+910925210942,12.95818,77.695055,Bengaluru,Brookefield,2021-12-17
U00671,Nandini,Sanghvi,nandini.sanghvi671@hotmail.com,+911302792990,12.921468,77.616535,Bengaluru,BTM Layout,2024-03-02
U00672,Abha,Dixit,abha.dixit672@yahoo.com,+917982579988,12.901145,77.566019,Bengaluru,JP Nagar,2021-12-13
U00673,Gaurav,Pillai,gaurav.pillai673@outlook.com,+912603224080,12.953086,77.701445,Bengaluru,Marathahalli,2022-03-10
U00674,Onkar,Dalal,onkar.dalal674@gmail.com,+917817150685,12.95694,77.718006,Bengaluru,Brookefield,2022-04-23
U00675,Akshay,Vora,akshay.vora675@outlook.com,+912085151228,12.923373,77.566286,Bengaluru,Jayanagar,2024-03-25
U00676,Radhika,Setty,radhika.setty676@gmail.com,+919974941171,13.11549,77.612945,Bengaluru,Yelahanka,2024-03-18
U00677,Warda,Dani,warda.dani677@yahoo.com,+914873725901,13.020827,77.58203,Bengaluru,Malleshwaram,2023-04-11
U00678,Udarsh,Jani,udarsh.jani678@outlook.com,+913432978671,12.924179,77.586529,Bengaluru,Jayanagar,2023-12-04
U00679,Rayaan,Lata,rayaan.lata679@yahoo.com,+915995719477,12.983441,77.571824,Bengaluru,Rajajinagar,2024-03-07
U00680,Bhavna,Talwar,bhavna.talwar680@gmail.com,+913533635921,12.962001,77.658256,Bengaluru,Indiranagar,2021-04-07
U00681,Lavanya,De,lavanya.de681@outlook.com,+915155886631,12.973704,77.701363,Bengaluru,Brookefield,2021-01-23
U00682,Raagini,Jhaveri,raagini.jhaveri682@hotmail.com,+916115421188,13.010366,77.700502,Bengaluru,KR Puram,2021-04-26
U00683,Tanveer,Mandal,tanveer.mandal683@gmail.com,+916595173366,12.986612,77.623726,Bengaluru,MG Road,2021-10-30
U00684,Ranbir,Sahota,ranbir.sahota684@yahoo.com,+913740019801,13.093497,77.582619,Bengaluru,Yelahanka,2021-06-30
U00685,Pranit,Rege,pranit.rege685@yahoo.com,+914432654951,12.951973,77.746655,Bengaluru,Whitefield,2022-01-07
U00686,Madhav,Balakrishnan,madhav.balakrishnan686@gmail.com,+917855179154,13.005498,77.699014,Bengaluru,KR Puram,2024-04-01
U00687,Bina,Lala,bina.lala687@gmail.com,+914594893049,12.955525,77.69949,Bengaluru,Marathahalli,2022-03-14
U00688,Warinder,Seshadri,warinder.seshadri688@gmail.com,+910695698198,12.909479,77.659081,Bengaluru,Bellandur,2021-03-10
U00689,Yuvraj,Pingle,yuvraj.pingle689@yahoo.com,+916792664030,12.886274,77.634539,Bengaluru,Bommanahalli,2021-06-25
U00690,Tara,Chada,tara.chada690@gmail.com,+914081067109,13.030291,77.591124,Bengaluru,Hebbal,2023-06-01
U00691,Advaith,Singh,advaith.singh691@gmail.com,+915920865374,12.967698,77.74543,Bengaluru,Whitefield,2021-02-06
U00692,Kiaan,Naik,kiaan.naik692@yahoo.com,+911856654934,12.978575,77.607861,Bengaluru,Shivajinagar,2022-01-21
U00693,Mitali,Kala,mitali.kala693@yahoo.com,+918881078632,13.052197,77.582816,Bengaluru,Hebbal,2023-04-21
U00694,Leela,Sampath,leela.sampath694@yahoo.com,+917817623255,12.963313,77.639517,Bengaluru,Indiranagar,2021-02-16
U00695,Aahana,Bora,aahana.bora695@gmail.com,+917761518078,12.862994,77.671655,Bengaluru,Sarjapur,2021-12-05
U00696,Girish,Bhargava,girish.bhargava696@hotmail.com,+910042597657,12.918898,77.666877,Bengaluru,Bellandur,2023-06-10
U00697,Charles,Natarajan,charles.natarajan697@outlook.com,+914795196149,12.900211,77.630138,Bengaluru,HSR Layout,2024-01-22
U00698,Wahab,Sinha,wahab.sinha698@outlook.com,+919054449625,12.958242,77.632122,Bengaluru,MG Road,2021-02-27
U00699,Irya,Bath,irya.bath699@yahoo.com,+919739076667,12.942617,77.580956,Bengaluru,Jayanagar,2024-02-04
U00700,Abdul,Kulkarni,abdul.kulkarni700@outlook.com,+910315799706,13.010357,77.580187,Bengaluru,Malleshwaram,2022-01-08
U00701,Yamini,Raj,yamini.raj701@yahoo.com,+915077836350,13.013309,77.552065,Bengaluru,Malleshwaram,2022-07-23
U00702,Chasmum,Rana,chasmum.rana702@gmail.com,+919227166239,13.015707,77.691674,Bengaluru,KR Puram,2021-07-30
U00703,Kamala,Deo,kamala.deo703@hotmail.com,+911772655813,12.948342,77.701388,Bengaluru,Brookefield,2021-01-03
U00704,Benjamin,Gola,benjamin.gola704@yahoo.com,+914270182332,12.941347,77.581446,Bengaluru,Jayanagar,2022-11-19
U00705,Abha,Gara,abha.gara705@yahoo.com,+913046740718,12.962699,77.696968,Bengaluru,Brookefield,2022-10-27
U00706,Yahvi,Tailor,yahvi.tailor706@yahoo.com,+911156483562,12.988908,77.515669,Bengaluru,Nagarbhavi,2022-04-22
U00707,Harinakshi,Sidhu,harinakshi.sidhu707@yahoo.com,+918483364921,12.8734,77.594187,Bengaluru,Bannerghatta Road,2021-08-07
U00708,Kevin,Chakraborty,kevin.chakraborty708@hotmail.com,+915871663930,12.990504,77.575032,Bengaluru,Malleshwaram,2022-06-03
U00709,Edhitha,Wali,edhitha.wali709@hotmail.com,+918070182155,12.934411,77.597895,Bengaluru,BTM Layout,2024-02-05
U00710,Rachita,Dhar,rachita.dhar710@gmail.com,+915121883340,12.917063,77.558049,Bengaluru,Banashankari,2021-10-02
U00711,Abha,Dada,abha.dada711@gmail.com,+914557669625,12.942906,77.715602,Bengaluru,Brookefield,2022-09-15
U00712,Dhriti,Basu,dhriti.basu712@gmail.com,+911203457417,12.913395,77.622098,Bengaluru,BTM Layout,2023-09-22
U00713,Joshua,Tata,joshua.tata713@yahoo.com,+910022422371,12.985903,77.573262,Bengaluru,Rajajinagar,2022-03-03
U00714,Avni,Patel,avni.patel714@yahoo.com,+915199972111,12.960288,77.568,Bengaluru,Basavanagudi,2022-01-30
U00715,Qushi,Mandal,qushi.mandal715@yahoo.com,+910993067642,12.977005,77.573592,Bengaluru,Rajajinagar,2023-06-25
U00716,Adya,Lalla,adya.lalla716@gmail.com,+917310109104,12.983237,77.648505,Bengaluru,Indiranagar,2021-07-11
U00717,Zansi,Munshi,zansi.munshi717@yahoo.com,+914956686510,12.925891,77.586346,Bengaluru,Basavanagudi,2021-04-06
U00718,Rajata,Gala,rajata.gala718@yahoo.com,+912278392902,12.918339,77.613598,Bengaluru,BTM Layout,2023-08-26
U00719,Diya,Swamy,diya.swamy719@outlook.com,+918807696577,13.000613,77.54453,Bengaluru,Rajajinagar,2023-12-19
U00720,Matthew,Sarraf,matthew.sarraf720@outlook.com,+918914631245,12.93592,77.56448,Bengaluru,Basavanagudi,2021-12-03
U00721,Chatresh,Gulati,chatresh.gulati721@gmail.com,+916084781822,12.995512,77.692829,Bengaluru,KR Puram,2021-06-06
U00722,Manthan,Bhagat,manthan.bhagat722@outlook.com,+914474848569,12.897485,77.590892,Bengaluru,JP Nagar,2024-03-19
U00723,Victor,Goswami,victor.goswami723@gmail.com,+912157299142,12.864574,77.612543,Bengaluru,Bannerghatta Road,2022-06-22
U00724,Balendra,Singhal,balendra.singhal724@yahoo.com,+919143827646,12.950444,77.574067,Bengaluru,Basavanagudi,2022-02-20
U00725,Abha,Gade,abha.gade725@outlook.com,+914525913720,12.985706,77.736663,Bengaluru,Whitefield,2022-10-23
U00726,Unni,Sarin,unni.sarin726@yahoo.com,+919780399346,13.111083,77.59419,Bengaluru,Yelahanka,2021-05-04
U00727,Jack,Talwar,jack.talwar727@hotmail.com,+913919193828,12.957125,77.622531,Bengaluru,Domlur,2022-12-05
U00728,Banjeet,Sathe,banjeet.sathe728@yahoo.com,+910739848550,13.00732,77.679519,Bengaluru,KR Puram,2022-10-19
U00729,Ishanvi,Sundaram,ishanvi.sundaram729@outlook.com,+911462785662,12.986425,77.56804,Bengaluru,Malleshwaram,2021-07-12
U00730,Tanvi,Tailor,tanvi.tailor730@hotmail.com,+917243814456,12.910501,77.654681,Bengaluru,HSR Layout,2021-11-28
U00731,Isaiah,Divan,isaiah.divan731@outlook.com,+915301446338,12.988098,77.580152,Bengaluru,Malleshwaram,2023-07-16
U00732,Jatin,Palla,jatin.palla732@gmail.com,+912221988481,12.919272,77.667621,Bengaluru,Bellandur,2021-07-02
U00733,Girik,Jani,girik.jani733@outlook.com,+910898930922,12.90144,77.627088,Bengaluru,BTM Layout,2022-05-17
U00734,Bhanumati,Gole,bhanumati.gole734@outlook.com,+917669706838,12.938441,77.571737,Bengaluru,Jayanagar,2021-05-22
U00735,Om,Trivedi,om.trivedi735@hotmail.com,+914000977354,12.909697,77.578813,Bengaluru,JP Nagar,2023-07-08
U00736,Anjali,Kala,anjali.kala736@outlook.com,+911213553012,12.99251,77.58967,Bengaluru,Shivajinagar,2021-02-07
U00737,Aayush,Vora,aayush.vora737@yahoo.com,+914669370675,12.980183,77.562645,Bengaluru,Rajajinagar,2023-06-04
U00738,Pranit,Saha,pranit.saha738@gmail.com,+918221194572,13.093244,77.579123,Bengaluru,Yelahanka,2022-07-03
U00739,Faraj,Koshy,faraj.koshy739@outlook.com,+912168555026,12.949231,77.618992,Bengaluru,Koramangala,2022-04-11
U00740,Wishi,Chandra,wishi.chandra740@outlook.com,+913607228849,12.967865,77.614926,Bengaluru,MG Road,2023-12-07
U00741,Falguni,Bal,falguni.bal741@yahoo.com,+918668980106,12.975975,77.617268,Bengaluru,Shivajinagar,2023-12-26
U00742,Bhavani,Dara,bhavani.dara742@yahoo.com,+915443052361,12.964523,77.728762,Bengaluru,Brookefield,2023-12-22
U00743,Meera,Prakash,meera.prakash743@hotmail.com,+917072742005,12.938953,77.684953,Bengaluru,Bellandur,2022-04-24
U00744,Hitesh,Naik,hitesh.naik744@gmail.com,+919939778810,12.966995,77.645139,Bengaluru,Indiranagar,2023-06-26
U00745,Mitesh,Balakrishnan,mitesh.balakrishnan745@outlook.com,+915424878404,12.925981,77.678485,Bengaluru,Bellandur,2021-02-20
U00746,Finn,Sharma,finn.sharma746@gmail.com,+910887795156,12.979438,77.74988,Bengaluru,Whitefield,2022-06-18
U00747,Varsha,Setty,varsha.setty747@gmail.com,+917901688404,12.978796,77.607481,Bengaluru,MG Road,2022-02-13
U00748,Amruta,Ahluwalia,amruta.ahluwalia748@yahoo.com,+910994791415,12.895697,77.615437,Bengaluru,Bommanahalli,2022-04-16
U00749,Forum,Bassi,forum.bassi749@outlook.com,+917677416537,12.975888,77.715652,Bengaluru,Brookefield,2021-10-11
U00750,Sneha,Nair,sneha.nair750@hotmail.com,+915637164361,12.940735,77.683859,Bengaluru,Bellandur,2024-02-13
U00751,Kai,Kakar,kai.kakar751@hotmail.com,+915952417168,12.975499,77.698987,Bengaluru,Brookefield,2023-11-27
U00752,Chanakya,Mandal,chanakya.mandal752@outlook.com,+913432510110,12.918429,77.548515,Bengaluru,Banashankari,2023-04-14
U00753,Ekantika,Bhakta,ekantika.bhakta753@yahoo.com,+914914101120,12.913489,77.594139,Bengaluru,JP Nagar,2021-08-29
U00754,Ekavir,Raj,ekavir.raj754@hotmail.com,+918157961942,12.91689,77.650141,Bengaluru,HSR Layout,2022-06-13
U00755,George,Rastogi,george.rastogi755@gmail.com,+914582470807,12.926633,77.594134,Bengaluru,BTM Layout,2021-12-20
U00756,Aadhya,Gokhale,aadhya.gokhale756@outlook.com,+914364254247,12.981448,77.639408,Bengaluru,Indiranagar,2023-07-08
U00757,Wriddhish,Rastogi,wriddhish.rastogi757@gmail.com,+914666920729,12.994504,77.636702,Bengaluru,Indiranagar,2022-10-15
U00758,Gaurav,Bail,gaurav.bail758@yahoo.com,+918708633445,13.023168,77.607213,Bengaluru,Hebbal,2021-08-26
U00759,Sathvik,Gaba,sathvik.gaba759@gmail.com,+912903856980,12.962058,77.713456,Bengaluru,Marathahalli,2024-01-30
U00760,Lipika,Rau,lipika.rau760@yahoo.com,+918362684941,12.932856,77.575826,Bengaluru,Jayanagar,2023-07-13
U00761,Bhavani,Dube,bhavani.dube761@hotmail.com,+914475153792,13.018514,77.70824,Bengaluru,KR Puram,2021-04-24
U00762,Jai,Misra,jai.misra762@hotmail.com,+918238200029,12.956782,77.557444,Bengaluru,Basavanagudi,2021-02-13
U00763,Vritti,Sankaran,vritti.sankaran763@hotmail.com,+912465530922,12.926908,77.543965,Bengaluru,Banashankari,2024-02-06
U00764,Dayita,Deep,dayita.deep764@gmail.com,+919035832232,12.924093,77.569554,Bengaluru,JP Nagar,2023-03-28
U00765,Jagrati,Char,jagrati.char765@yahoo.com,+911608388148,12.912771,77.539779,Bengaluru,Banashankari,2022-07-03
U00766,Jhalak,Vala,jhalak.vala766@yahoo.com,+913322846619,12.992135,77.592757,Bengaluru,Shivajinagar,2021-12-03
U00767,Ryan,Suri,ryan.suri767@gmail.com,+916321337521,12.989215,77.585919,Bengaluru,Shivajinagar,2023-11-09
U00768,Sanaya,Rama,sanaya.rama768@outlook.com,+917227004899,12.962659,77.510832,Bengaluru,Nagarbhavi,2022-06-12
U00769,Vamakshi,Loyal,vamakshi.loyal769@yahoo.com,+915973037485,12.936477,77.556602,Bengaluru,Banashankari,2021-12-25
U00770,Pallavi,Chana,pallavi.chana770@hotmail.com,+913200608307,12.941979,77.702533,Bengaluru,Brookefield,2022-07-05
U00771,Pahal,Pillay,pahal.pillay771@hotmail.com,+915859877157,12.916354,77.54445,Bengaluru,Banashankari,2023-09-17
U00772,Quincy,Saraf,quincy.saraf772@yahoo.com,+913790238940,12.949246,77.691366,Bengaluru,Marathahalli,2023-10-25
U00773,Pooja,Chander,pooja.chander773@hotmail.com,+911927812079,12.987925,77.564331,Bengaluru,Rajajinagar,2023-02-17
U00774,Banjeet,Varghese,banjeet.varghese774@gmail.com,+919522427561,12.954529,77.704975,Bengaluru,Brookefield,2024-03-22
U00775,Harita,Sheth,harita.sheth775@hotmail.com,+910170117555,13.043599,77.611326,Bengaluru,Hebbal,2021-11-06
U00776,Udarsh,Dubey,udarsh.dubey776@outlook.com,+913510674449,12.892592,77.617446,Bengaluru,Bommanahalli,2023-09-10
U00777,Warhi,Vyas,warhi.vyas777@gmail.com,+911677880302,12.986047,77.621992,Bengaluru,MG Road,2023-10-03
U00778,Fiyaz,Mannan,fiyaz.mannan778@yahoo.com,+910083341871,12.857329,77.679722,Bengaluru,Electronic City,2022-03-25
U00779,Upadhriti,Sarkar,upadhriti.sarkar779@gmail.com,+919303803543,12.964825,77.498267,Bengaluru,Nagarbhavi,2022-02-06
U00780,Fariq,Sridhar,fariq.sridhar780@yahoo.com,+912950488819,12.981568,77.740874,Bengaluru,Whitefield,2021-08-12
U00781,Charita,Dixit,charita.dixit781@hotmail.com,+912292780992,12.960851,77.633839,Bengaluru,Domlur,2022-04-13
U00782,Joshua,Mital,joshua.mital782@hotmail.com,+919106204678,12.85187,77.697449,Bengaluru,Sarjapur,2022-03-08
U00783,Yuvraj,Virk,yuvraj.virk783@yahoo.com,+911691948670,13.115283,77.610981,Bengaluru,Yelahanka,2024-01-17
U00784,Prisha,Merchant,prisha.merchant784@hotmail.com,+914491185101,13.041165,77.604147,Bengaluru,Hebbal,2022-06-10
U00785,Champak,Bose,champak.bose785@yahoo.com,+915730180872,12.981658,77.543993,Bengaluru,Rajajinagar,2022-10-24
U00786,Chakradev,Varghese,chakradev.varghese786@yahoo.com,+912272752152,12.990314,77.544315,Bengaluru,Rajajinagar,2021-02-03
U00787,Hritik,Uppal,hritik.uppal787@yahoo.com,+911143416638,12.935629,77.555069,Bengaluru,Banashankari,2022-05-10
U00788,Pavani,Sachar,pavani.sachar788@outlook.com,+917277719846,12.904846,77.581009,Bengaluru,JP Nagar,2024-04-08
U00789,Girindra,Shetty,girindra.shetty789@outlook.com,+915740968348,12.929891,77.631788,Bengaluru,Koramangala,2023-03-19
U00790,Zehaan,Pant,zehaan.pant790@hotmail.com,+916462929177,13.110627,77.599737,Bengaluru,Yelahanka,2021-07-12
U00791,Aachal,Bumb,aachal.bumb791@outlook.com,+919081100077,12.960249,77.514667,Bengaluru,Nagarbhavi,2022-05-10
U00792,Yahvi,Babu,yahvi.babu792@yahoo.com,+913741987032,12.951412,77.652282,Bengaluru,Domlur,2023-04-17
U00793,Ishaan,Shere,ishaan.shere793@gmail.com,+913922744545,12.901238,77.591593,Bengaluru,JP Nagar,2022-02-12
U00794,Praneel,Gopal,praneel.gopal794@hotmail.com,+917879244771,12.888251,77.605274,Bengaluru,Bannerghatta Road,2021-11-25
U00795,Maya,Bath,maya.bath795@hotmail.com,+916799420613,13.029025,77.593689,Bengaluru,Hebbal,2024-02-17
U00796,Fiyaz,Saha,fiyaz.saha796@yahoo.com,+917618259308,12.923047,77.563852,Bengaluru,Banashankari,2022-01-27
U00797,Chameli,Murthy,chameli.murthy797@gmail.com,+912812126358,12.92624,77.556572,Bengaluru,Banashankari,2021-05-24
U00798,Suhani,Sengupta,suhani.sengupta798@gmail.com,+916225193356,12.964952,77.749117,Bengaluru,Whitefield,2021-12-21
U00799,Alka,Om,alka.om799@outlook.com,+913728284012,12.941492,77.59362,Bengaluru,Jayanagar,2022-08-19
U00800,Rachit,Kakar,rachit.kakar800@gmail.com,+913209182812,13.016987,77.554475,Bengaluru,Malleshwaram,2022-06-28
U00801,Qasim,Brar,qasim.brar801@hotmail.com,+917830317294,12.839233,77.681241,Bengaluru,Electronic City,2023-06-02
U00802,Aashi,Cherian,aashi.cherian802@hotmail.com,+911376848141,12.982541,77.630578,Bengaluru,Indiranagar,2022-12-19
U00803,Radha,Warrior,radha.warrior803@gmail.com,+914519208496,12.899937,77.614609,Bengaluru,Bommanahalli,2024-02-14
U00804,Andrew,Ahluwalia,andrew.ahluwalia804@gmail.com,+914056845934,12.994091,77.568162,Bengaluru,Malleshwaram,2024-03-13
U00805,Megha,Dada,megha.dada805@hotmail.com,+912879972257,12.994088,77.626372,Bengaluru,Indiranagar,2023-01-15
U00806,Agastya,Garg,agastya.garg806@yahoo.com,+915931227254,12.877106,77.589152,Bengaluru,Bannerghatta Road,2021-12-24
U00807,Vansha,Sharma,vansha.sharma807@outlook.com,+910307958254,12.846288,77.679524,Bengaluru,Electronic City,2022-10-07
U00808,Nidhi,Sur,nidhi.sur808@yahoo.com,+917783907516,13.099399,77.594151,Bengaluru,Yelahanka,2023-02-08
U00809,Chavvi,Patel,chavvi.patel809@yahoo.com,+917940990737,12.918165,77.606524,Bengaluru,BTM Layout,2023-04-09
U00810,Megha,Mittal,megha.mittal810@gmail.com,+916480361454,12.858304,77.599822,Bengaluru,Bannerghatta Road,2023-10-21
U00811,Gagan,Dass,gagan.dass811@gmail.com,+916505848414,12.908614,77.683242,Bengaluru,Bellandur,2023-01-12
U00812,Krishna,Atwal,krishna.atwal812@yahoo.com,+916022935117,12.975266,77.587564,Bengaluru,Shivajinagar,2022-11-03
U00813,Rayaan,Choudhury,rayaan.choudhury813@hotmail.com,+916938058460,12.964102,77.520788,Bengaluru,Nagarbhavi,2022-01-23
U00814,Amol,Guha,amol.guha814@outlook.com,+915175931726,12.907815,77.562843,Bengaluru,Banashankari,2022-04-14
U00815,Avi,Kadakia,avi.kadakia815@outlook.com,+916314796126,12.925283,77.622101,Bengaluru,HSR Layout,2022-10-31
U00816,Vasana,Dhillon,vasana.dhillon816@hotmail.com,+915853799788,12.974005,77.557275,Bengaluru,Rajajinagar,2023-01-08
U00817,Wyatt,Sarin,wyatt.sarin817@gmail.com,+915119888744,12.908931,77.635993,Bengaluru,HSR Layout,2023-04-09
U00818,Rayaan,Chadha,rayaan.chadha818@gmail.com,+917854574770,12.895592,77.629384,Bengaluru,Bommanahalli,2023-08-31
U00819,Charvi,Sheth,charvi.sheth819@outlook.com,+918834856432,12.926028,77.584516,Bengaluru,Basavanagudi,2022-11-26
U00820,Manbir,Som,manbir.som820@gmail.com,+916527701562,13.043217,77.590094,Bengaluru,Hebbal,2022-10-21
U00821,Pahal,Bains,pahal.bains821@gmail.com,+910527920085,12.939034,77.584031,Bengaluru,Basavanagudi,2024-01-11
U00822,Jackson,Ganesan,jackson.ganesan822@hotmail.com,+916066493237,12.92203,77.686791,Bengaluru,Bellandur,2022-07-23
U00823,Michael,Saxena,michael.saxena823@yahoo.com,+918333149325,12.984042,77.567536,Bengaluru,Rajajinagar,2023-11-22
U00824,Vedhika,Sinha,vedhika.sinha824@yahoo.com,+912066653479,12.840304,77.692518,Bengaluru,Electronic City,2023-10-25
U00825,Anmol,Sengupta,anmol.sengupta825@gmail.com,+910028100032,13.05078,77.606679,Bengaluru,Hebbal,2024-03-08
U00826,Xavier,Jaggi,xavier.jaggi826@gmail.com,+918088644991,12.868453,77.592337,Bengaluru,Bannerghatta Road,2023-08-14
U00827,Chaitaly,Ramanathan,chaitaly.ramanathan827@hotmail.com,+916502942501,12.959624,77.561971,Bengaluru,Basavanagudi,2023-09-23
U00828,Charan,Nath,charan.nath828@gmail.com,+913537592719,12.917592,77.59736,Bengaluru,Jayanagar,2023-01-11
U00829,Abhiram,Chauhan,abhiram.chauhan829@gmail.com,+912429338010,13.048915,77.605831,Bengaluru,Hebbal,2023-02-09
U00830,Rachana,Sagar,rachana.sagar830@gmail.com,+917744608348,12.980341,77.518778,Bengaluru,Nagarbhavi,2021-08-25
U00831,Warhi,Mannan,warhi.mannan831@outlook.com,+917831233153,12.934152,77.561015,Bengaluru,Basavanagudi,2021-01-20
U00832,Balhaar,Sura,balhaar.sura832@gmail.com,+914103751416,12.929248,77.670983,Bengaluru,Bellandur,2023-10-01
U00833,Mugdha,Sunder,mugdha.sunder833@hotmail.com,+919823973278,12.927901,77.683923,Bengaluru,Bellandur,2023-12-18
U00834,Yochana,Sura,yochana.sura834@outlook.com,+913555012199,12.925757,77.58604,Bengaluru,Basavanagudi,2023-04-27
U00835,Vincent,Bhat,vincent.bhat835@outlook.com,+915359530196,12.903052,77.645263,Bengaluru,HSR Layout,2021-09-22
U00836,Anirudh,Sami,anirudh.sami836@gmail.com,+919445991452,12.994877,77.575994,Bengaluru,Malleshwaram,2022-11-21
U00837,Diya,Bhatt,diya.bhatt837@gmail.com,+918870713604,12.986772,77.487163,Bengaluru,Nagarbhavi,2022-02-24
U00838,Amrita,Sahni,amrita.sahni838@gmail.com,+910468797521,12.915201,77.600224,Bengaluru,Jayanagar,2021-01-13
U00839,Urvashi,Dada,urvashi.dada839@hotmail.com,+914255686222,12.992724,77.641746,Bengaluru,Indiranagar,2022-10-05
U00840,Warda,Palan,warda.palan840@outlook.com,+914171056739,12.959586,77.628569,Bengaluru,MG Road,2022-06-30
U00841,Saumya,Sarin,saumya.sarin841@hotmail.com,+910706487235,12.858568,77.585394,Bengaluru,Bannerghatta Road,2024-03-20
U00842,Ansh,Edwin,ansh.edwin842@yahoo.com,+919517520477,12.972181,77.514991,Bengaluru,Nagarbhavi,2024-02-25
U00843,Bhavna,Handa,bhavna.handa843@gmail.com,+916273255382,12.918634,77.625258,Bengaluru,Koramangala,2023-07-04
U00844,Upasna,Padmanabhan,upasna.padmanabhan844@yahoo.com,+916225063483,13.048133,77.590051,Bengaluru,Hebbal,2021-11-16
U00845,Raksha,Kata,raksha.kata845@yahoo.com,+910146467503,13.026283,77.605876,Bengaluru,Hebbal,2022-04-20
U00846,Yashica,Kanda,yashica.kanda846@outlook.com,+911852039710,12.845423,77.69028,Bengaluru,Sarjapur,2022-08-28
U00847,Harinakshi,Sidhu,harinakshi.sidhu847@outlook.com,+913050980993,12.976717,77.732606,Bengaluru,Whitefield,2022-03-20
U00848,Karan,Memon,karan.memon848@hotmail.com,+910876848655,12.909177,77.678276,Bengaluru,Bellandur,2021-02-10
U00849,Madhavi,Saha,madhavi.saha849@outlook.com,+917768575564,12.867544,77.674198,Bengaluru,Sarjapur,2022-01-15
U00850,Jagvi,Sodhi,jagvi.sodhi850@hotmail.com,+915019325267,12.85678,77.679927,Bengaluru,Electronic City,2023-10-09
U00851,Neel,Johal,neel.johal851@yahoo.com,+911660952381,12.843852,77.663954,Bengaluru,Electronic City,2021-12-21
U00852,Barkha,Chadha,barkha.chadha852@outlook.com,+910357779312,12.929627,77.673603,Bengaluru,Bellandur,2022-01-07
U00853,Vasudha,Dayal,vasudha.dayal853@hotmail.com,+916231755337,12.909526,77.678625,Bengaluru,Bellandur,2022-03-13
U00854,Oscar,Iyengar,oscar.iyengar854@hotmail.com,+913065858276,12.921342,77.624964,Bengaluru,BTM Layout,2023-06-04
U00855,Naksh,Swamy,naksh.swamy855@hotmail.com,+915897303785,12.995901,77.578882,Bengaluru,Malleshwaram,2021-05-19
U00856,Harrison,Sagar,harrison.sagar856@outlook.com,+919836876190,12.876914,77.70171,Bengaluru,Sarjapur,2021-09-17
U00857,Wakeeta,Mitter,wakeeta.mitter857@gmail.com,+915551074981,13.029077,77.590406,Bengaluru,Hebbal,2021-07-23
U00858,Wahab,Kadakia,wahab.kadakia858@hotmail.com,+911588901718,12.961663,77.649328,Bengaluru,Domlur,2021-08-02
U00859,Champak,Badami,champak.badami859@gmail.com,+912683156242,13.047819,77.600337,Bengaluru,Hebbal,2021-06-12
U00860,Jagrati,Lal,jagrati.lal860@gmail.com,+916976905435,12.974452,77.636274,Bengaluru,Indiranagar,2021-07-17
U00861,Ishanvi,Dutt,ishanvi.dutt861@yahoo.com,+919471902327,12.958778,77.501596,Bengaluru,Nagarbhavi,2021-05-18
U00862,Owen,Thakur,owen.thakur862@hotmail.com,+912575921230,12.882293,77.634766,Bengaluru,Bommanahalli,2022-05-20
U00863,Azad,Bhatt,azad.bhatt863@gmail.com,+916431721046,12.929582,77.610414,Bengaluru,BTM Layout,2022-10-27
U00864,Geetika,Sani,geetika.sani864@gmail.com,+916701987835,12.926351,77.5945,Bengaluru,BTM Layout,2023-12-12
U00865,Ishaan,Karan,ishaan.karan865@outlook.com,+919318131254,12.941773,77.617333,Bengaluru,Koramangala,2023-01-11
U00866,Jai,Kapur,jai.kapur866@hotmail.com,+914135054076,13.017928,77.612507,Bengaluru,Hebbal,2022-01-31
U00867,Vidhi,Kuruvilla,vidhi.kuruvilla867@hotmail.com,+919436813145,12.934744,77.674781,Bengaluru,Bellandur,2021-09-24
U00868,Harini,Pant,harini.pant868@gmail.com,+912078458458,12.968233,77.689532,Bengaluru,Marathahalli,2023-08-18
U00869,Chakradhar,Loke,chakradhar.loke869@hotmail.com,+916021806672,12.82385,77.663758,Bengaluru,Electronic City,2023-09-18
U00870,Matthew,Varma,matthew.varma870@outlook.com,+914519067742,12.978566,77.559263,Bengaluru,Rajajinagar,2022-06-06
U00871,Hemang,Bedi,hemang.bedi871@yahoo.com,+916344371084,12.919972,77.62118,Bengaluru,HSR Layout,2021-01-31
U00872,Raksha,Shankar,raksha.shankar872@outlook.com,+912373534972,12.901741,77.596714,Bengaluru,JP Nagar,2022-07-07
U00873,Indrajit,Cherian,indrajit.cherian873@yahoo.com,+912535022774,12.857386,77.674098,Bengaluru,Electronic City,2021-12-06
U00874,Harsh,Barman,harsh.barman874@yahoo.com,+918471370587,12.95434,77.715748,Bengaluru,Brookefield,2022-04-17
U00875,Yashica,Cheema,yashica.cheema875@yahoo.com,+912120040234,13.012641,77.702718,Bengaluru,KR Puram,2021-11-30
U00876,Oliver,Dalal,oliver.dalal876@yahoo.com,+918738453500,12.94756,77.601791,Bengaluru,Jayanagar,2022-04-09
U00877,Samesh,Pathak,samesh.pathak877@hotmail.com,+918366694365,12.916291,77.589679,Bengaluru,Jayanagar,2022-05-07
U00878,Naksh,Master,naksh.master878@outlook.com,+919978513445,12.856909,77.691021,Bengaluru,Sarjapur,2021-05-26
U00879,Riya,Toor,riya.toor879@hotmail.com,+917375942831,12.864947,77.602665,Bengaluru,Bannerghatta Road,2023-10-17
U00880,Wishi,Chaudhary,wishi.chaudhary880@hotmail.com,+916663342809,12.866704,77.687512,Bengaluru,Sarjapur,2021-08-11
U00881,Mitesh,Patla,mitesh.patla881@gmail.com,+918249770549,12.897107,77.630245,Bengaluru,HSR Layout,2023-02-16
U00882,Gaurika,Devi,gaurika.devi882@outlook.com,+916547651267,12.954344,77.756185,Bengaluru,Whitefield,2021-03-06
U00883,Jason,Jaggi,jason.jaggi883@outlook.com,+917535138345,13.010058,77.699848,Bengaluru,KR Puram,2021-02-05
U00884,Reva,Sagar,reva.sagar884@yahoo.com,+919565158223,13.088414,77.59865,Bengaluru,Yelahanka,2022-09-11
U00885,Abeer,Korpal,abeer.korpal885@hotmail.com,+910596765612,12.981781,77.658362,Bengaluru,Indiranagar,2023-04-02
U00886,Urvi,Om,urvi.om886@yahoo.com,+914414679693,12.928024,77.677134,Bengaluru,Bellandur,2022-04-17
U00887,Bhavini,Tiwari,bhavini.tiwari887@yahoo.com,+914937352908,12.864535,77.681979,Bengaluru,Sarjapur,2021-07-26
U00888,Onveer,Chada,onveer.chada888@hotmail.com,+916744786873,12.944126,77.705808,Bengaluru,Marathahalli,2023-11-21
U00889,Amaira,Pradhan,amaira.pradhan889@gmail.com,+916944182697,12.912917,77.568079,Bengaluru,Jayanagar,2021-07-18
U00890,Oeshi,Patel,oeshi.patel890@hotmail.com,+911539874054,12.989956,77.702238,Bengaluru,KR Puram,2021-04-27
U00891,Yatan,Doshi,yatan.doshi891@outlook.com,+915117426142,12.914396,77.641887,Bengaluru,HSR Layout,2023-12-31
U00892,Oviya,Kari,oviya.kari892@outlook.com,+911228589370,12.944984,77.576971,Bengaluru,Jayanagar,2023-01-03
U00893,Lakshit,Sanghvi,lakshit.sanghvi893@outlook.com,+914318910049,12.94705,77.647458,Bengaluru,Domlur,2023-07-17
U00894,Odika,Rout,odika.rout894@gmail.com,+918549972631,12.898988,77.566514,Bengaluru,JP Nagar,2021-11-05
U00895,Tara,Varty,tara.varty895@gmail.com,+916670429579,12.952158,77.713332,Bengaluru,Brookefield,2024-02-08
U00896,Janaki,Balan,janaki.balan896@gmail.com,+914282359848,12.952212,77.618099,Bengaluru,Koramangala,2023-03-05
U00897,Saanvi,Dhingra,saanvi.dhingra897@gmail.com,+916484121234,12.876181,77.682943,Bengaluru,Sarjapur,2024-01-07
U00898,Advaith,Varughese,advaith.varughese898@yahoo.com,+910627235264,12.982465,77.595606,Bengaluru,Shivajinagar,2023-10-21
U00899,Ekaraj,Chad,ekaraj.chad899@gmail.com,+913887057162,12.913194,77.608451,Bengaluru,Bommanahalli,2021-08-16
U00900,Hamsini,Murty,hamsini.murty900@outlook.com,+918700964614,12.975849,77.61961,Bengaluru,MG Road,2022-09-12
U00901,Neelima,Gala,neelima.gala901@yahoo.com,+915601668586,12.94524,77.566864,Bengaluru,Basavanagudi,2023-11-16
U00902,Radha,Bhat,radha.bhat902@outlook.com,+912497539303,13.053065,77.594821,Bengaluru,Hebbal,2022-04-18
U00903,Maya,Bansal,maya.bansal903@yahoo.com,+916038615742,12.954167,77.69763,Bengaluru,Brookefield,2021-09-15
U00904,Matthew,Bhardwaj,matthew.bhardwaj904@yahoo.com,+918037171865,12.860214,77.591746,Bengaluru,Bannerghatta Road,2023-07-10
U00905,Zinal,Merchant,zinal.merchant905@outlook.com,+911204654565,12.974591,77.621468,Bengaluru,Domlur,2023-04-06
U00906,Oni,Ratti,oni.ratti906@yahoo.com,+913813922230,13.096534,77.603153,Bengaluru,Yelahanka,2023-03-12
U00907,Daksha,Murthy,daksha.murthy907@gmail.com,+917998204879,12.85675,77.665591,Bengaluru,Electronic City,2022-04-18
U00908,Hemangini,Anand,hemangini.anand908@gmail.com,+912335793775,12.905038,77.618842,Bengaluru,Bommanahalli,2021-07-09
U00909,Ati,Wable,ati.wable909@yahoo.com,+919201337045,12.957846,77.608134,Bengaluru,MG Road,2021-09-23
U00910,Manan,Raval,manan.raval910@outlook.com,+917491139282,12.939364,77.554485,Bengaluru,Banashankari,2021-04-12
U00911,Sanaya,Jha,sanaya.jha911@hotmail.com,+919382683138,12.93003,77.606913,Bengaluru,BTM Layout,2022-10-02
U00912,Riya,Pai,riya.pai912@yahoo.com,+918336736140,12.941957,77.632213,Bengaluru,Koramangala,2022-05-27
U00913,Nidhi,Hora,nidhi.hora913@outlook.com,+916158181106,12.839862,77.673906,Bengaluru,Electronic City,2023-01-18
U00914,Charvi,Chad,charvi.chad914@yahoo.com,+912231978958,12.912904,77.622585,Bengaluru,Bommanahalli,2024-03-30
U00915,Balhaar,Yogi,balhaar.yogi915@gmail.com,+910898107232,12.976373,77.606383,Bengaluru,Shivajinagar,2021-05-12
U00916,Gaurika,Ramakrishnan,gaurika.ramakrishnan916@hotmail.com,+917830194410,12.882109,77.60114,Bengaluru,Bannerghatta Road,2022-09-07
U00917,Jonathan,Venkatesh,jonathan.venkatesh917@outlook.com,+912537424941,12.877475,77.675924,Bengaluru,Sarjapur,2022-05-28
U00918,Bhanumati,Kala,bhanumati.kala918@hotmail.com,+910239283109,12.925642,77.548562,Bengaluru,Banashankari,2023-10-20
U00919,Girik,Vaidya,girik.vaidya919@gmail.com,+914397923410,12.907071,77.65376,Bengaluru,HSR Layout,2021-01-22
U00920,Devika,Verma,devika.verma920@outlook.com,+915059631062,13.013908,77.681991,Bengaluru,KR Puram,2021-10-23
U00921,Harini,Dutta,harini.dutta921@gmail.com,+917768961768,13.112724,77.588864,Bengaluru,Yelahanka,2024-01-28
U00922,Arin,Bala,arin.bala922@hotmail.com,+910429758101,13.043069,77.599268,Bengaluru,Hebbal,2021-09-14
U00923,Aarna,Khurana,aarna.khurana923@gmail.com,+918259230651,12.913273,77.612009,Bengaluru,Bommanahalli,2021-03-01
U00924,Daksha,Sami,daksha.sami924@outlook.com,+915288004960,12.969035,77.751971,Bengaluru,Whitefield,2021-09-01
U00925,Yashasvi,Choudhry,yashasvi.choudhry925@outlook.com,+918495170420,12.994975,77.570001,Bengaluru,Malleshwaram,2021-03-30
U00926,Darpan,Pradhan,darpan.pradhan926@gmail.com,+917887526322,12.963482,77.494585,Bengaluru,Nagarbhavi,2023-12-09
U00927,Aashi,Tripathi,aashi.tripathi927@gmail.com,+913358021037,12.8722,77.586756,Bengaluru,Bannerghatta Road,2022-04-23
U00928,Irya,Dasgupta,irya.dasgupta928@yahoo.com,+915823506274,12.870558,77.578611,Bengaluru,Bannerghatta Road,2022-03-16
U00929,Champak,Dash,champak.dash929@outlook.com,+910883286041,12.989976,77.705709,Bengaluru,KR Puram,2023-08-28
U00930,Saumya,Misra,saumya.misra930@outlook.com,+914918924557,12.928197,77.564891,Bengaluru,Basavanagudi,2022-03-27
U00931,Abdul,Setty,abdul.setty931@outlook.com,+913304030581,12.863709,77.592746,Bengaluru,Bannerghatta Road,2022-04-22
U00932,Harinakshi,Keer,harinakshi.keer932@outlook.com,+915062925809,12.847659,77.692455,Bengaluru,Sarjapur,2022-04-29
U00933,Vivaan,Palla,vivaan.palla933@outlook.com,+917333129386,12.967536,77.603968,Bengaluru,MG Road,2022-05-07
U00934,Chandani,Mane,chandani.mane934@hotmail.com,+915022080538,12.884356,77.590303,Bengaluru,Bannerghatta Road,2024-02-04
U00935,Logan,Purohit,logan.purohit935@yahoo.com,+919513246518,12.889196,77.618754,Bengaluru,Bommanahalli,2023-07-11
U00936,Zinal,Kota,zinal.kota936@gmail.com,+916120140798,12.923198,77.623724,Bengaluru,BTM Layout,2022-06-07
U00937,Henry,Narang,henry.narang937@hotmail.com,+916010831734,12.950984,77.679599,Bengaluru,Marathahalli,2021-06-04
U00938,Zaitra,Hans,zaitra.hans938@yahoo.com,+915533975317,12.983744,77.617195,Bengaluru,MG Road,2021-07-15
U00939,Jalsa,Sha,jalsa.sha939@hotmail.com,+912240002593,12.976926,77.573436,Bengaluru,Rajajinagar,2021-07-24
U00940,Guneet,Din,guneet.din940@gmail.com,+913500228740,12.93781,77.540828,Bengaluru,Banashankari,2023-12-28
U00941,Pavani,Sabharwal,pavani.sabharwal941@hotmail.com,+914235180264,13.006099,77.694177,Bengaluru,KR Puram,2023-11-25
U00942,Finn,Chanda,finn.chanda942@yahoo.com,+918416344779,12.89378,77.576057,Bengaluru,JP Nagar,2023-12-27
U00943,David,Sandal,david.sandal943@yahoo.com,+910551570453,12.907257,77.587576,Bengaluru,JP Nagar,2021-11-05
U00944,Kalpit,Soni,kalpit.soni944@yahoo.com,+919481598826,12.880031,77.578,Bengaluru,Bannerghatta Road,2022-05-28
U00945,Tanish,Sehgal,tanish.sehgal945@yahoo.com,+913140290300,12.860336,77.67908,Bengaluru,Sarjapur,2023-10-06
U00946,Faras,Pingle,faras.pingle946@gmail.com,+919111407559,12.946726,77.645435,Bengaluru,Domlur,2022-03-31
U00947,Neha,Venkataraman,neha.venkataraman947@gmail.com,+913484430534,13.037153,77.59473,Bengaluru,Hebbal,2023-05-03
U00948,Megha,Lalla,megha.lalla948@hotmail.com,+915082382888,12.941226,77.680231,Bengaluru,Bellandur,2022-11-21
U00949,Wishi,Sampath,wishi.sampath949@hotmail.com,+919588073271,12.985072,77.734787,Bengaluru,Whitefield,2021-06-24
U00950,Ria,Suri,ria.suri950@outlook.com,+918468638720,12.83561,77.671553,Bengaluru,Electronic City,2021-10-19
U00951,Omaja,Gaba,omaja.gaba951@yahoo.com,+912704943274,12.933063,77.598106,Bengaluru,BTM Layout,2021-11-14
U00952,Maanas,Tiwari,maanas.tiwari952@outlook.com,+914580233108,12.922959,77.619192,Bengaluru,Koramangala,2022-01-05
U00953,Joshua,Sundaram,joshua.sundaram953@gmail.com,+911438827374,12.969957,77.755217,Bengaluru,Whitefield,2022-10-30
U00954,Tanvi,Dayal,tanvi.dayal954@outlook.com,+911813240621,12.970461,77.603636,Bengaluru,Shivajinagar,2023-10-16
U00955,Yochana,Wadhwa,yochana.wadhwa955@yahoo.com,+915473370255,12.863661,77.592328,Bengaluru,Bannerghatta Road,2022-03-20
U00956,Jacob,Kala,jacob.kala956@hotmail.com,+914814157718,13.012277,77.576704,Bengaluru,Malleshwaram,2022-01-27
U00957,Tamanna,Solanki,tamanna.solanki957@yahoo.com,+913966528514,12.987298,77.655749,Bengaluru,Indiranagar,2021-10-22
U00958,Bachittar,Dugar,bachittar.dugar958@yahoo.com,+914574565992,12.973163,77.75035,Bengaluru,Whitefield,2023-07-07
U00959,Kala,Dani,kala.dani959@yahoo.com,+917364353712,12.985741,77.565159,Bengaluru,Malleshwaram,2022-04-10
U00960,Nilima,Choudhary,nilima.choudhary960@hotmail.com,+910958304286,12.962313,77.740683,Bengaluru,Whitefield,2021-05-03
U00961,Jai,Pingle,jai.pingle961@yahoo.com,+915574744936,12.903971,77.594485,Bengaluru,BTM Layout,2023-04-07
U00962,Bimala,Baria,bimala.baria962@yahoo.com,+916083402897,12.942258,77.568527,Bengaluru,Basavanagudi,2021-07-23
U00963,Michael,Dalal,michael.dalal963@yahoo.com,+919647935395,12.935798,77.679636,Bengaluru,Bellandur,2022-06-30
U00964,Kamya,Mody,kamya.mody964@outlook.com,+912626718892,12.930498,77.560587,Bengaluru,Basavanagudi,2022-08-20
U00965,Kavya,Mitter,kavya.mitter965@yahoo.com,+911916673221,13.108946,77.580514,Bengaluru,Yelahanka,2023-06-02
U00966,Chaitaly,Sunder,chaitaly.sunder966@hotmail.com,+919414477204,12.905011,77.617373,Bengaluru,Bommanahalli,2022-12-16
U00967,Ayaan,Dhar,ayaan.dhar967@hotmail.com,+919791627624,12.980321,77.546058,Bengaluru,Rajajinagar,2023-03-05
U00968,Lucky,Sama,lucky.sama968@gmail.com,+913007982338,12.961822,77.703107,Bengaluru,Marathahalli,2023-04-02
U00969,Chanakya,Mody,chanakya.mody969@hotmail.com,+915639211878,13.000312,77.60006,Bengaluru,Shivajinagar,2022-02-23
U00970,Bhanumati,Kale,bhanumati.kale970@hotmail.com,+918773510597,12.957026,77.500825,Bengaluru,Nagarbhavi,2024-03-20
U00971,Qadim,Suresh,qadim.suresh971@hotmail.com,+915009479479,12.90936,77.620208,Bengaluru,BTM Layout,2023-12-08
U00972,Aarnav,Das,aarnav.das972@hotmail.com,+916629087929,12.910875,77.595906,Bengaluru,JP Nagar,2021-07-23
U00973,Ikshita,Bir,ikshita.bir973@yahoo.com,+917763966352,12.944029,77.588546,Bengaluru,Basavanagudi,2023-05-25
U00974,Chaitanya,Sahni,chaitanya.sahni974@hotmail.com,+915040841383,12.916193,77.529213,Bengaluru,Banashankari,2023-01-10
U00975,Vasana,Mukherjee,vasana.mukherjee975@gmail.com,+915282079077,12.971318,77.488832,Bengaluru,Nagarbhavi,2023-07-30
U00976,Sneha,Nazareth,sneha.nazareth976@hotmail.com,+918256166402,12.973218,77.71854,Bengaluru,Brookefield,2021-09-11
U00977,Krishna,Soman,krishna.soman977@gmail.com,+912244661651,12.965969,77.62542,Bengaluru,Domlur,2021-10-24
U00978,Kevin,Devi,kevin.devi978@hotmail.com,+916265704388,12.932761,77.541739,Bengaluru,Banashankari,2023-03-27
U00979,Yamini,Sharma,yamini.sharma979@yahoo.com,+914099126917,12.905697,77.612652,Bengaluru,BTM Layout,2023-12-06
U00980,Shivani,Sen,shivani.sen980@outlook.com,+917427359840,12.952184,77.577536,Bengaluru,Basavanagudi,2023-07-07
U00981,Manthan,Nanda,manthan.nanda981@hotmail.com,+915472092646,13.011556,77.708526,Bengaluru,KR Puram,2021-02-22
U00982,Gaurav,Rout,gaurav.rout982@hotmail.com,+919471891668,12.890286,77.606,Bengaluru,Bommanahalli,2023-07-30
U00983,Lila,Kaul,lila.kaul983@gmail.com,+910179776600,12.978044,77.654469,Bengaluru,Indiranagar,2021-04-05
U00984,Megha,Nori,megha.nori984@yahoo.com,+914238223552,12.895565,77.566096,Bengaluru,JP Nagar,2023-05-31
U00985,Chakradev,Savant,chakradev.savant985@yahoo.com,+915621202540,12.913866,77.576989,Bengaluru,Jayanagar,2022-06-17
U00986,Arunima,Chakrabarti,arunima.chakrabarti986@yahoo.com,+916545255176,12.977892,77.58587,Bengaluru,Shivajinagar,2024-03-11
U00987,Noah,Bakshi,noah.bakshi987@yahoo.com,+914950926289,12.987166,77.560084,Bengaluru,Rajajinagar,2023-05-14
U00988,Dayamai,Dasgupta,dayamai.dasgupta988@yahoo.com,+913143061432,12.920947,77.563818,Bengaluru,Banashankari,2021-05-02
U00989,Frederick,Hans,frederick.hans989@outlook.com,+910990699818,12.861414,77.681783,Bengaluru,Sarjapur,2023-07-17
U00990,Chatresh,Vig,chatresh.vig990@hotmail.com,+910449071136,12.973429,77.611374,Bengaluru,Shivajinagar,2021-05-27
U00991,Ranbir,Soni,ranbir.soni991@gmail.com,+918878580391,12.92296,77.691828,Bengaluru,Bellandur,2023-02-28
U00992,Yadavi,Bahl,yadavi.bahl992@hotmail.com,+915387518953,12.936,77.582382,Bengaluru,Jayanagar,2021-03-18
U00993,Jai,Wali,jai.wali993@hotmail.com,+913977338004,12.880784,77.61219,Bengaluru,Bannerghatta Road,2021-04-21
U00994,Pranit,Bahl,pranit.bahl994@yahoo.com,+916944104232,12.902823,77.655245,Bengaluru,HSR Layout,2021-12-04
U00995,Anvi,Jha,anvi.jha995@hotmail.com,+918623348781,12.918408,77.641393,Bengaluru,Koramangala,2023-01-17
U00996,Yatan,Sawhney,yatan.sawhney996@gmail.com,+914746757325,12.965845,77.632621,Bengaluru,MG Road,2021-05-11
U00997,Frado,Walla,frado.walla997@outlook.com,+911731243219,12.919098,77.629911,Bengaluru,HSR Layout,2023-05-10
U00998,Ekani,Ratti,ekani.ratti998@hotmail.com,+911740353005,13.038407,77.584538,Bengaluru,Hebbal,2023-03-28
U00999,Chakradev,Swamy,chakradev.swamy999@hotmail.com,+917340697541,12.943346,77.566552,Bengaluru,Basavanagudi,2021-11-16
U01000,Arin,Oak,arin.oak1000@yahoo.com,+911508922983,12.976709,77.685954,Bengaluru,Marathahalli,2021-01-12
U01001,Rajeshri,Gole,rajeshri.gole1001@yahoo.com,+917045038607,12.981657,77.628005,Bengaluru,Indiranagar,2022-02-28
U01002,Oeshi,Bajwa,oeshi.bajwa1002@hotmail.com,+918734512951,12.912099,77.572179,Bengaluru,JP Nagar,2021-10-13
U01003,Edhitha,Raja,edhitha.raja1003@yahoo.com,+915586793160,12.973498,77.626329,Bengaluru,MG Road,2024-01-05
U01004,Aarini,Chand,aarini.chand1004@hotmail.com,+914876561280,12.974107,77.711922,Bengaluru,Brookefield,2022-02-06
U01005,Ishwar,Chaudhary,ishwar.chaudhary1005@outlook.com,+911109531615,13.104321,77.610469,Bengaluru,Yelahanka,2021-11-20
U01006,Om,Mangal,om.mangal1006@outlook.com,+911341129288,12.953735,77.57379,Bengaluru,Basavanagudi,2023-06-28
U01007,Maanas,Goswami,maanas.goswami1007@yahoo.com,+915247965545,12.893909,77.626968,Bengaluru,HSR Layout,2024-02-03
U01008,Aadhya,Chakraborty,aadhya.chakraborty1008@outlook.com,+918598069043,12.989418,77.634447,Bengaluru,Indiranagar,2024-01-13
U01009,Mitesh,Mohanty,mitesh.mohanty1009@outlook.com,+914406026909,12.997033,77.600102,Bengaluru,Shivajinagar,2024-01-21
U01010,Nikita,Gara,nikita.gara1010@outlook.com,+911989902077,12.953268,77.705969,Bengaluru,Brookefield,2021-09-29
U01011,Daniel,Nanda,daniel.nanda1011@gmail.com,+913029333677,12.914584,77.547993,Bengaluru,Banashankari,2022-11-07
U01012,Pratyush,Bala,pratyush.bala1012@yahoo.com,+913841279132,12.972844,77.643117,Bengaluru,Indiranagar,2022-12-25
U01013,Dalbir,Misra,dalbir.misra1013@outlook.com,+918840416274,12.993033,77.558649,Bengaluru,Malleshwaram,2023-12-02
U01014,Madhavi,Chaudhary,madhavi.chaudhary1014@gmail.com,+915444850246,12.894737,77.569833,Bengaluru,JP Nagar,2021-06-30
U01015,Ekaja,Dhar,ekaja.dhar1015@gmail.com,+918107137797,12.881135,77.625333,Bengaluru,Bommanahalli,2023-03-08
U01016,Nitara,Naik,nitara.naik1016@outlook.com,+914607372040,12.941632,77.701714,Bengaluru,Marathahalli,2021-07-15
U01017,Aarna,Prashad,aarna.prashad1017@outlook.com,+914401217856,12.963954,77.713268,Bengaluru,Marathahalli,2021-01-19
U01018,Jai,Ben,jai.ben1018@yahoo.com,+913614550129,12.914249,77.632734,Bengaluru,Bommanahalli,2022-09-28
U01019,Samaksh,Khatri,samaksh.khatri1019@yahoo.com,+916866775646,12.926245,77.609485,Bengaluru,Koramangala,2023-12-20
U01020,Warjas,Tailor,warjas.tailor1020@yahoo.com,+913320948168,12.992413,77.631078,Bengaluru,MG Road,2023-02-23
U01021,Yashoda,Thaman,yashoda.thaman1021@gmail.com,+917014618702,12.991961,77.581522,Bengaluru,Malleshwaram,2023-12-12
U01022,Lekha,Contractor,lekha.contractor1022@yahoo.com,+916783146425,12.932708,77.537023,Bengaluru,Banashankari,2022-06-30
U01023,Amruta,Bhat,amruta.bhat1023@yahoo.com,+912439696477,12.954337,77.516146,Bengaluru,Nagarbhavi,2022-05-02
U01024,Eesha,Shetty,eesha.shetty1024@yahoo.com,+919292133240,12.93277,77.601068,Bengaluru,BTM Layout,2022-06-08
U01025,Niharika,Bhatti,niharika.bhatti1025@outlook.com,+910569274505,12.927189,77.571304,Bengaluru,Basavanagudi,2023-04-08
U01026,Veda,Balakrishnan,veda.balakrishnan1026@yahoo.com,+911691343812,12.878684,77.599835,Bengaluru,Bannerghatta Road,2023-02-23
U01027,Nikita,Kaur,nikita.kaur1027@yahoo.com,+916219747604,12.965503,77.520508,Bengaluru,Nagarbhavi,2022-10-18
U01028,Anirudh,Luthra,anirudh.luthra1028@outlook.com,+914265626160,12.864094,77.588303,Bengaluru,Bannerghatta Road,2021-08-11
U01029,Harrison,Koshy,harrison.koshy1029@gmail.com,+912476605313,12.92224,77.666266,Bengaluru,Bellandur,2023-06-18
U01030,Jeremiah,Modi,jeremiah.modi1030@yahoo.com,+914766937772,12.982913,77.62894,Bengaluru,MG Road,2023-08-05
U01031,Niharika,Sehgal,niharika.sehgal1031@outlook.com,+917841287612,12.849687,77.665345,Bengaluru,Electronic City,2021-12-12
U01032,Fiyaz,Tella,fiyaz.tella1032@gmail.com,+914998779994,12.979799,77.492206,Bengaluru,Nagarbhavi,2021-11-23
U01033,Samar,Dhar,samar.dhar1033@gmail.com,+914068127561,13.022663,77.706785,Bengaluru,KR Puram,2024-04-08
U01034,Kashvi,Zachariah,kashvi.zachariah1034@hotmail.com,+913258684810,12.853785,77.610466,Bengaluru,Bannerghatta Road,2023-08-26
U01035,Om,Korpal,om.korpal1035@gmail.com,+915693865120,12.955229,77.566733,Bengaluru,Basavanagudi,2023-03-04
U01036,Pallavi,Seth,pallavi.seth1036@yahoo.com,+910786477016,12.981662,77.550774,Bengaluru,Rajajinagar,2023-10-26
U01037,Benjamin,Agarwal,benjamin.agarwal1037@gmail.com,+913362706538,12.982312,77.587986,Bengaluru,Shivajinagar,2021-11-06
U01038,Ucchal,Mann,ucchal.mann1038@outlook.com,+912354351290,12.901103,77.6379,Bengaluru,HSR Layout,2023-03-04
U01039,Oliver,Acharya,oliver.acharya1039@hotmail.com,+918595240500,12.834838,77.687792,Bengaluru,Electronic City,2022-03-25
U01040,Darpan,Subramaniam,darpan.subramaniam1040@gmail.com,+916605880959,12.937496,77.685801,Bengaluru,Bellandur,2023-03-29
U01041,Anjali,Krishna,anjali.krishna1041@gmail.com,+918832257021,12.912888,77.572801,Bengaluru,JP Nagar,2022-11-21
U01042,Lajita,Panchal,lajita.panchal1042@hotmail.com,+912892814989,12.966621,77.758863,Bengaluru,Whitefield,2021-03-30
U01043,Simon,Uppal,simon.uppal1043@gmail.com,+918154836115,12.957431,77.588789,Bengaluru,Basavanagudi,2023-09-15
U01044,Baghyawati,Bath,baghyawati.bath1044@hotmail.com,+914493474303,12.961178,77.687412,Bengaluru,Marathahalli,2023-03-07
U01045,Neel,Walla,neel.walla1045@hotmail.com,+914566115568,12.845047,77.674488,Bengaluru,Electronic City,2024-01-26
U01046,Ekaraj,Mital,ekaraj.mital1046@gmail.com,+914057876601,12.942876,77.709626,Bengaluru,Brookefield,2023-02-24
U01047,Gaurav,Rana,gaurav.rana1047@hotmail.com,+914730748027,12.941174,77.534473,Bengaluru,Banashankari,2021-07-16
U01048,Jason,Dey,jason.dey1048@yahoo.com,+913019969946,12.975529,77.627355,Bengaluru,MG Road,2023-10-14
U01049,Ati,Sankaran,ati.sankaran1049@gmail.com,+914565898843,13.013724,77.578691,Bengaluru,Malleshwaram,2023-09-01
U01050,Shivansh,Thaman,shivansh.thaman1050@outlook.com,+918068414579,12.958154,77.63135,Bengaluru,Domlur,2022-04-09
U01051,Eesha,Oommen,eesha.oommen1051@hotmail.com,+918156799728,13.021048,77.583803,Bengaluru,Malleshwaram,2022-02-08
U01052,Advika,Sethi,advika.sethi1052@yahoo.com,+912327639169,12.905976,77.636178,Bengaluru,HSR Layout,2021-02-13
U01053,Anjali,Korpal,anjali.korpal1053@hotmail.com,+918765964718,12.849929,77.676977,Bengaluru,Electronic City,2023-03-17
U01054,Ekanta,Om,ekanta.om1054@yahoo.com,+910961997511,12.917873,77.638265,Bengaluru,HSR Layout,2022-06-30
U01055,Shivansh,Sharaf,shivansh.sharaf1055@outlook.com,+910602109162,12.918978,77.563022,Bengaluru,Banashankari,2022-07-27
U01056,Falguni,Babu,falguni.babu1056@hotmail.com,+912783322637,13.104637,77.600643,Bengaluru,Yelahanka,2023-09-11
U01057,Kiaan,Agate,kiaan.agate1057@yahoo.com,+913698120067,12.900945,77.60697,Bengaluru,BTM Layout,2022-09-16
U01058,Vamakshi,Agrawal,vamakshi.agrawal1058@hotmail.com,+911569147012,12.967682,77.636855,Bengaluru,Domlur,2023-07-29
U01059,Aditya,Ghose,aditya.ghose1059@outlook.com,+914164607150,12.987358,77.621249,Bengaluru,MG Road,2023-01-01
U01060,Odika,Suresh,odika.suresh1060@hotmail.com,+912853004557,12.932735,77.631526,Bengaluru,Koramangala,2022-12-13
U01061,Maya,Yohannan,maya.yohannan1061@outlook.com,+912220065977,12.902029,77.632727,Bengaluru,Bommanahalli,2022-01-09
U01062,Finn,Brahmbhatt,finn.brahmbhatt1062@yahoo.com,+911803420687,12.845001,77.669689,Bengaluru,Electronic City,2021-04-26
U01063,Azaan,Saxena,azaan.saxena1063@outlook.com,+916870817962,12.892236,77.583185,Bengaluru,JP Nagar,2023-05-29
U01064,Jatin,Pandit,jatin.pandit1064@gmail.com,+913046583659,12.954701,77.747515,Bengaluru,Whitefield,2021-10-28
U01065,Krisha,Parmar,krisha.parmar1065@gmail.com,+916581366222,12.977018,77.628619,Bengaluru,MG Road,2023-04-13
U01066,Lila,Goel,lila.goel1066@gmail.com,+911305096399,12.979954,77.653891,Bengaluru,Indiranagar,2021-10-13
U01067,Abhiram,Dash,abhiram.dash1067@outlook.com,+918146082474,12.925155,77.66439,Bengaluru,Bellandur,2023-12-21
U01068,Turvi,Prabhakar,turvi.prabhakar1068@outlook.com,+914441756661,12.952872,77.623363,Bengaluru,Koramangala,2022-03-02
U01069,Reyansh,Saxena,reyansh.saxena1069@yahoo.com,+919295019761,12.971943,77.604852,Bengaluru,MG Road,2022-04-28
U01070,Aditya,Kant,aditya.kant1070@gmail.com,+915808726705,12.987905,77.627646,Bengaluru,Indiranagar,2023-03-14
U01071,Anmol,Mand,anmol.mand1071@yahoo.com,+918309045816,12.989725,77.680622,Bengaluru,KR Puram,2023-12-10
U01072,Ishita,Handa,ishita.handa1072@gmail.com,+910420185905,13.019203,77.706655,Bengaluru,KR Puram,2022-05-13
U01073,Gautam,Mitter,gautam.mitter1073@hotmail.com,+915672241286,12.907013,77.569198,Bengaluru,JP Nagar,2023-03-18
U01074,Timothy,Kaur,timothy.kaur1074@outlook.com,+910195992224,12.998392,77.563181,Bengaluru,Rajajinagar,2021-09-13
U01075,Wakeeta,Patil,wakeeta.patil1075@outlook.com,+910661592220,12.975214,77.614515,Bengaluru,Shivajinagar,2022-06-24
U01076,Balhaar,Mand,balhaar.mand1076@outlook.com,+916183825591,12.986465,77.596858,Bengaluru,Shivajinagar,2024-01-12
U01077,Waida,Kadakia,waida.kadakia1077@gmail.com,+912456051820,12.829798,77.687984,Bengaluru,Electronic City,2023-09-16
U01078,Abhimanyu,Hayre,abhimanyu.hayre1078@gmail.com,+918087135384,12.866385,77.688487,Bengaluru,Sarjapur,2023-07-15
U01079,Meghana,Choudhry,meghana.choudhry1079@outlook.com,+910570365959,13.048835,77.584384,Bengaluru,Hebbal,2021-11-14
U01080,Arunima,Tella,arunima.tella1080@yahoo.com,+919290469981,12.901173,77.566126,Bengaluru,JP Nagar,2023-09-09
U01081,Wakeeta,Garde,wakeeta.garde1081@gmail.com,+917026167167,12.919826,77.626062,Bengaluru,HSR Layout,2022-04-12
U01082,Rishi,Gill,rishi.gill1082@yahoo.com,+911026210830,12.919224,77.567125,Bengaluru,JP Nagar,2022-08-22
U01083,Dhruv,Dave,dhruv.dave1083@gmail.com,+913193841531,12.950334,77.627419,Bengaluru,Domlur,2022-09-15
U01084,Dhruv,Datta,dhruv.datta1084@yahoo.com,+910731397298,12.989467,77.708223,Bengaluru,KR Puram,2022-04-16
U01085,Aashi,Kari,aashi.kari1085@hotmail.com,+911304238768,12.860388,77.675065,Bengaluru,Sarjapur,2023-08-03
U01086,Anusha,Handa,anusha.handa1086@hotmail.com,+919642770978,12.943897,77.606748,Bengaluru,Koramangala,2023-07-29
U01087,Arin,Walia,arin.walia1087@gmail.com,+918541317448,12.99047,77.558551,Bengaluru,Malleshwaram,2022-01-21
U01088,Zayyan,Setty,zayyan.setty1088@gmail.com,+915442334402,13.010189,77.705611,Bengaluru,KR Puram,2024-04-07
U01089,Aarnav,Sane,aarnav.sane1089@outlook.com,+911088921710,13.010936,77.573193,Bengaluru,Malleshwaram,2022-11-10
U01090,Charles,Naidu,charles.naidu1090@outlook.com,+911599646087,12.867319,77.678444,Bengaluru,Sarjapur,2022-05-14
U01091,Rachana,Ray,rachana.ray1091@outlook.com,+917753881768,12.99185,77.706018,Bengaluru,KR Puram,2023-10-20
U01092,Anusha,Dara,anusha.dara1092@hotmail.com,+911101621989,12.954369,77.684058,Bengaluru,Marathahalli,2023-12-10
U01093,Zarna,Shukla,zarna.shukla1093@hotmail.com,+913168151649,12.916796,77.564737,Bengaluru,Banashankari,2024-04-04
U01094,Warhi,Pathak,warhi.pathak1094@gmail.com,+914519649230,12.977479,77.73258,Bengaluru,Whitefield,2022-07-09
U01095,Zansi,Bassi,zansi.bassi1095@gmail.com,+917484252467,12.94961,77.572128,Bengaluru,Basavanagudi,2021-08-23
U01096,Udarsh,Batta,udarsh.batta1096@outlook.com,+913908753589,12.973382,77.734143,Bengaluru,Whitefield,2023-09-26
U01097,Arunima,Salvi,arunima.salvi1097@yahoo.com,+919513331695,12.950236,77.646832,Bengaluru,Domlur,2022-11-06
U01098,Saumya,Mutti,saumya.mutti1098@outlook.com,+919355169788,12.914769,77.666209,Bengaluru,Bellandur,2023-05-01
U01099,Abdul,Ramanathan,abdul.ramanathan1099@hotmail.com,+912043971888,12.92225,77.609984,Bengaluru,BTM Layout,2023-09-14
U01100,Robert,Natt,robert.natt1100@gmail.com,+919656455392,12.996828,77.693254,Bengaluru,KR Puram,2023-02-09
U01101,Finn,Bakshi,finn.bakshi1101@outlook.com,+916964544066,12.85279,77.700045,Bengaluru,Sarjapur,2023-09-25
U01102,Upkaar,Sampath,upkaar.sampath1102@outlook.com,+915328369308,12.877792,77.689898,Bengaluru,Sarjapur,2021-11-03
U01103,Falan,Krish,falan.krish1103@hotmail.com,+911398302005,12.919844,77.629815,Bengaluru,Koramangala,2021-12-25
U01104,Ronith,Gala,ronith.gala1104@yahoo.com,+918616018619,13.105076,77.590592,Bengaluru,Yelahanka,2022-02-20
U01105,Forum,Mukhopadhyay,forum.mukhopadhyay1105@hotmail.com,+910695805184,12.983633,77.740681,Bengaluru,Whitefield,2022-07-09
U01106,Dev,Chatterjee,dev.chatterjee1106@hotmail.com,+915031884974,12.971067,77.640584,Bengaluru,Indiranagar,2022-05-10
U01107,Ayaan,Srinivasan,ayaan.srinivasan1107@outlook.com,+916336602352,12.907561,77.627472,Bengaluru,HSR Layout,2022-12-28
U01108,Rachana,Bajwa,rachana.bajwa1108@yahoo.com,+911828913051,12.881754,77.595521,Bengaluru,Bannerghatta Road,2021-08-05
U01109,Gaurika,Krishna,gaurika.krishna1109@gmail.com,+918147960562,12.922781,77.609592,Bengaluru,Koramangala,2022-12-22
U01110,Yug,Chokshi,yug.chokshi1110@outlook.com,+919768854346,12.97627,77.68721,Bengaluru,Marathahalli,2023-07-29
U01111,Urvashi,Khare,urvashi.khare1111@outlook.com,+916373330030,12.919395,77.663001,Bengaluru,Bellandur,2022-06-14
U01112,Harini,Bhagat,harini.bhagat1112@hotmail.com,+913425301281,12.924127,77.671121,Bengaluru,Bellandur,2021-11-07
U01113,Gauri,Venkatesh,gauri.venkatesh1113@gmail.com,+912952078187,12.979173,77.610073,Bengaluru,Shivajinagar,2021-07-03
U01114,Warjas,Bora,warjas.bora1114@hotmail.com,+916637070437,12.877037,77.581118,Bengaluru,Bannerghatta Road,2022-12-14
U01115,Reva,Chandran,reva.chandran1115@outlook.com,+914353554622,12.926157,77.608514,Bengaluru,BTM Layout,2021-06-16
U01116,Sanya,Dash,sanya.dash1116@outlook.com,+916600974909,12.937317,77.597643,Bengaluru,Jayanagar,2023-07-28
U01117,Frederick,Bhat,frederick.bhat1117@yahoo.com,+918151418594,12.916872,77.634602,Bengaluru,HSR Layout,2023-02-04
U01118,Bahadurjit,Purohit,bahadurjit.purohit1118@hotmail.com,+916084695449,12.962477,77.657131,Bengaluru,Indiranagar,2022-11-18
U01119,Dhriti,Bhattacharyya,dhriti.bhattacharyya1119@hotmail.com,+915561234001,13.004818,77.564796,Bengaluru,Rajajinagar,2023-08-05
U01120,Joshua,Bhatia,joshua.bhatia1120@gmail.com,+910150762942,12.978417,77.491806,Bengaluru,Nagarbhavi,2022-08-25
U01121,Riya,Bhakta,riya.bhakta1121@hotmail.com,+912094342208,12.920737,77.633336,Bengaluru,Koramangala,2021-10-07
U01122,Charvi,Sankaran,charvi.sankaran1122@gmail.com,+915778734137,12.923496,77.596933,Bengaluru,Jayanagar,2024-01-27
U01123,Dominic,Chaudry,dominic.chaudry1123@hotmail.com,+915713618774,12.920285,77.59163,Bengaluru,Jayanagar,2022-04-08
U01124,Daksh,Ben,daksh.ben1124@outlook.com,+915258535599,12.986705,77.615756,Bengaluru,Shivajinagar,2022-03-04
U01125,Chaitaly,Raj,chaitaly.raj1125@outlook.com,+916043872430,12.976517,77.547729,Bengaluru,Rajajinagar,2022-05-24
U01126,Neelima,Char,neelima.char1126@hotmail.com,+916414425096,12.961356,77.640802,Bengaluru,Domlur,2021-03-08
U01127,Nirja,Kaul,nirja.kaul1127@outlook.com,+919015508806,12.975716,77.611123,Bengaluru,Shivajinagar,2023-09-22
U01128,Advaith,Setty,advaith.setty1128@outlook.com,+915052965370,12.919221,77.610841,Bengaluru,BTM Layout,2022-07-11
U01129,Leena,Shetty,leena.shetty1129@gmail.com,+915683505183,12.924768,77.683517,Bengaluru,Bellandur,2024-02-07
U01130,Priya,Chaudhuri,priya.chaudhuri1130@hotmail.com,+915470142950,12.918787,77.658486,Bengaluru,Bellandur,2023-01-13
U01131,Harinakshi,Bal,harinakshi.bal1131@yahoo.com,+918340211045,12.963769,77.694801,Bengaluru,Marathahalli,2023-02-19
U01132,Sudiksha,Varughese,sudiksha.varughese1132@outlook.com,+910653493096,12.848984,77.677704,Bengaluru,Electronic City,2023-03-08
U01133,Falguni,Hans,falguni.hans1133@yahoo.com,+919166055773,13.113708,77.611125,Bengaluru,Yelahanka,2022-09-27
U01134,Hritik,Chauhan,hritik.chauhan1134@outlook.com,+913623319312,12.8741,77.586994,Bengaluru,Bannerghatta Road,2022-08-29
U01135,Advik,Bir,advik.bir1135@gmail.com,+910387738007,12.989679,77.678187,Bengaluru,KR Puram,2021-08-29
U01136,Rishi,Date,rishi.date1136@gmail.com,+916870666884,12.871381,77.612043,Bengaluru,Bannerghatta Road,2024-03-16
U01137,Yashodhara,Kunda,yashodhara.kunda1137@hotmail.com,+910983381272,12.928222,77.625873,Bengaluru,BTM Layout,2022-10-19
U01138,Isha,Sama,isha.sama1138@outlook.com,+915439346989,12.843729,77.660605,Bengaluru,Electronic City,2021-04-22
U01139,Vasana,Saxena,vasana.saxena1139@outlook.com,+919537258015,12.852947,77.692231,Bengaluru,Sarjapur,2022-05-24
U01140,Quincy,Kibe,quincy.kibe1140@outlook.com,+916200323020,12.961658,77.520704,Bengaluru,Nagarbhavi,2024-03-15
U01141,Laksh,Basu,laksh.basu1141@hotmail.com,+916017385555,12.984662,77.753799,Bengaluru,Whitefield,2024-01-03
U01142,Darpan,Datta,darpan.datta1142@gmail.com,+916142662443,12.986876,77.553126,Bengaluru,Malleshwaram,2023-08-14
U01143,Devika,Sarin,devika.sarin1143@gmail.com,+911108002649,13.100301,77.605739,Bengaluru,Yelahanka,2022-06-11
U01144,Yochana,Parmar,yochana.parmar1144@hotmail.com,+918956425275,12.959104,77.743478,Bengaluru,Whitefield,2022-06-14
U01145,Deepa,Dhingra,deepa.dhingra1145@gmail.com,+915372565633,12.861133,77.593553,Bengaluru,Bannerghatta Road,2021-01-14
U01146,Manan,Singh,manan.singh1146@outlook.com,+918919000024,12.914725,77.538064,Bengaluru,Banashankari,2024-01-25
U01147,Dayamai,Oza,dayamai.oza1147@yahoo.com,+917606625957,12.890599,77.593645,Bengaluru,JP Nagar,2023-07-10
U01148,Bishakha,Pillay,bishakha.pillay1148@gmail.com,+918484217274,12.959904,77.63144,Bengaluru,Domlur,2021-09-22
U01149,Abhiram,Vasa,abhiram.vasa1149@gmail.com,+910478913671,12.98571,77.509727,Bengaluru,Nagarbhavi,2022-06-09
U01150,Maanav,Bhandari,maanav.bhandari1150@outlook.com,+919912638279,13.085023,77.593332,Bengaluru,Yelahanka,2023-10-29
U01151,Wazir,Tripathi,wazir.tripathi1151@outlook.com,+919733309870,12.825018,77.671615,Bengaluru,Electronic City,2021-01-07
U01152,Chatura,Sami,chatura.sami1152@outlook.com,+919852704973,12.971876,77.697903,Bengaluru,Marathahalli,2021-12-15
U01153,Hemangini,Hayre,hemangini.hayre1153@hotmail.com,+914647496591,12.918719,77.66841,Bengaluru,Bellandur,2022-03-06
U01154,Sai,Jaggi,sai.jaggi1154@outlook.com,+912181595881,12.944649,77.679921,Bengaluru,Marathahalli,2021-09-18
U01155,Ekapad,Om,ekapad.om1155@hotmail.com,+910882323511,12.896835,77.593922,Bengaluru,JP Nagar,2023-02-26
U01156,Ranbir,Soni,ranbir.soni1156@yahoo.com,+915494570317,12.964737,77.691232,Bengaluru,Marathahalli,2021-12-20
U01157,Unni,Narula,unni.narula1157@gmail.com,+912470730814,12.944251,77.560498,Bengaluru,Basavanagudi,2022-03-16
U01158,Gautami,Mistry,gautami.mistry1158@hotmail.com,+917454517330,12.903586,77.655051,Bengaluru,HSR Layout,2023-01-04
U01159,Omya,Narasimhan,omya.narasimhan1159@outlook.com,+917657815916,12.908233,77.646024,Bengaluru,HSR Layout,2023-11-06
U01160,Nicholas,Cheema,nicholas.cheema1160@outlook.com,+911728642136,12.958141,77.59166,Bengaluru,Basavanagudi,2022-11-19
U01161,Suhani,Basak,suhani.basak1161@gmail.com,+917222945319,12.992463,77.640086,Bengaluru,Indiranagar,2022-09-15
U01162,Warhi,Kanda,warhi.kanda1162@hotmail.com,+914180540085,12.950022,77.568226,Bengaluru,Basavanagudi,2022-08-01
U01163,Aarush,Kapoor,aarush.kapoor1163@gmail.com,+912079619909,12.861491,77.604085,Bengaluru,Bannerghatta Road,2022-07-14
U01164,Victor,Shukla,victor.shukla1164@hotmail.com,+919131187087,13.039077,77.607569,Bengaluru,Hebbal,2022-11-06
U01165,Tanay,Khare,tanay.khare1165@outlook.com,+911671656709,12.87008,77.680606,Bengaluru,Sarjapur,2024-04-12
U01166,Vasana,Narula,vasana.narula1166@outlook.com,+916820385285,12.875778,77.684095,Bengaluru,Sarjapur,2021-08-31
U01167,Keya,Jha,keya.jha1167@gmail.com,+914150689851,13.039831,77.608099,Bengaluru,Hebbal,2022-11-22
U01168,Mugdha,Gour,mugdha.gour1168@gmail.com,+917873480851,12.971356,77.754977,Bengaluru,Whitefield,2023-02-19
U01169,Abeer,Patil,abeer.patil1169@hotmail.com,+915716954023,12.887586,77.633134,Bengaluru,Bommanahalli,2023-07-17
U01170,Advaith,Borah,advaith.borah1170@outlook.com,+916839699571,12.987359,77.766949,Bengaluru,Whitefield,2022-01-13
U01171,Ishita,Balan,ishita.balan1171@outlook.com,+910016845122,12.970374,77.702263,Bengaluru,Marathahalli,2023-08-09
U01172,Ishwar,Dhar,ishwar.dhar1172@gmail.com,+913878930381,12.863153,77.600285,Bengaluru,Bannerghatta Road,2021-12-23
U01173,Bina,Sarraf,bina.sarraf1173@gmail.com,+910962629225,12.848197,77.673129,Bengaluru,Electronic City,2022-07-18
U01174,Robert,Parsa,robert.parsa1174@outlook.com,+917621098532,12.987473,77.515219,Bengaluru,Nagarbhavi,2022-02-20
U01175,Caleb,Balan,caleb.balan1175@yahoo.com,+916675490597,12.894516,77.616718,Bengaluru,Bommanahalli,2021-03-24
U01176,Rushil,Hora,rushil.hora1176@outlook.com,+917450883068,12.933277,77.600758,Bengaluru,BTM Layout,2022-05-11
U01177,Bhanumati,Ghosh,bhanumati.ghosh1177@hotmail.com,+914967294279,12.933092,77.584387,Bengaluru,Jayanagar,2021-04-16
U01178,Theodore,Lala,theodore.lala1178@gmail.com,+913798004720,12.956335,77.508036,Bengaluru,Nagarbhavi,2023-05-29
U01179,Owen,Nori,owen.nori1179@yahoo.com,+919797087701,12.914741,77.584303,Bengaluru,JP Nagar,2022-03-14
U01180,Yatan,Gokhale,yatan.gokhale1180@outlook.com,+914431029932,12.996232,77.570162,Bengaluru,Rajajinagar,2021-12-21
U01181,Rohan,Bains,rohan.bains1181@hotmail.com,+914009254270,12.952579,77.739633,Bengaluru,Whitefield,2023-08-25
U01182,Patrick,Lala,patrick.lala1182@gmail.com,+910343071488,12.987337,77.586883,Bengaluru,Shivajinagar,2024-01-22
U01183,Harrison,Bail,harrison.bail1183@outlook.com,+915082759868,12.94792,77.696409,Bengaluru,Brookefield,2022-09-22
U01184,Laksh,Raghavan,laksh.raghavan1184@hotmail.com,+918846748223,13.021074,77.553185,Bengaluru,Malleshwaram,2022-07-28
U01185,Indrajit,Nigam,indrajit.nigam1185@outlook.com,+915046471742,12.918272,77.579549,Bengaluru,JP Nagar,2021-12-05
U01186,Shivansh,Mody,shivansh.mody1186@outlook.com,+916612450116,12.937626,77.586255,Bengaluru,Basavanagudi,2021-04-20
U01187,Tanmayi,Khatri,tanmayi.khatri1187@outlook.com,+918116076210,12.988361,77.680119,Bengaluru,KR Puram,2021-08-23
U01188,Kala,Pradhan,kala.pradhan1188@yahoo.com,+912168472020,13.00256,77.597393,Bengaluru,Shivajinagar,2023-04-18
U01189,Onveer,Vyas,onveer.vyas1189@gmail.com,+919244329540,12.931617,77.585014,Bengaluru,Basavanagudi,2021-03-13
U01190,Radha,Bhattacharyya,radha.bhattacharyya1190@hotmail.com,+912961724727,12.999385,77.69218,Bengaluru,KR Puram,2022-08-08
U01191,Jagat,Dhawan,jagat.dhawan1191@hotmail.com,+916044620374,12.994512,77.695393,Bengaluru,KR Puram,2021-03-17
U01192,Kalpit,Gupta,kalpit.gupta1192@gmail.com,+917342142114,12.848234,77.676119,Bengaluru,Electronic City,2023-06-13
U01193,Rehaan,Walia,rehaan.walia1193@gmail.com,+916649290703,12.933888,77.626599,Bengaluru,Koramangala,2022-04-19
U01194,Kritika,Prasad,kritika.prasad1194@outlook.com,+917134247064,12.872647,77.699155,Bengaluru,Sarjapur,2021-12-21
U01195,Eesha,Sanghvi,eesha.sanghvi1195@yahoo.com,+917164004895,13.011047,77.681313,Bengaluru,KR Puram,2022-10-07
U01196,Yash,Batra,yash.batra1196@outlook.com,+916466397180,12.89929,77.574779,Bengaluru,JP Nagar,2023-01-15
U01197,Ranbir,Wason,ranbir.wason1197@hotmail.com,+913575997949,12.898621,77.654034,Bengaluru,HSR Layout,2022-03-01
U01198,Chaitaly,Dixit,chaitaly.dixit1198@outlook.com,+914667667491,13.029156,77.593571,Bengaluru,Hebbal,2023-05-08
U01199,Falak,Kota,falak.kota1199@hotmail.com,+914032422164,12.951998,77.697775,Bengaluru,Marathahalli,2024-04-11
U01200,Chatresh,Mammen,chatresh.mammen1200@outlook.com,+912146100498,12.866113,77.602863,Bengaluru,Bannerghatta Road,2022-08-11
U01201,Jonathan,Trivedi,jonathan.trivedi1201@gmail.com,+918198365146,12.909954,77.614452,Bengaluru,BTM Layout,2022-11-16
U01202,Vrinda,Kadakia,vrinda.kadakia1202@gmail.com,+913765397900,12.970863,77.604433,Bengaluru,Shivajinagar,2024-01-05
U01203,Finn,Singhal,finn.singhal1203@outlook.com,+910807509503,12.988718,77.557401,Bengaluru,Rajajinagar,2021-07-06
U01204,Dhruv,Ganesh,dhruv.ganesh1204@gmail.com,+916402942208,12.982006,77.572644,Bengaluru,Rajajinagar,2022-03-06
U01205,Yashoda,Rama,yashoda.rama1205@yahoo.com,+912155959959,12.993285,77.538093,Bengaluru,Rajajinagar,2021-07-24
U01206,Yashodhara,Prasad,yashodhara.prasad1206@hotmail.com,+916655360181,12.959523,77.496648,Bengaluru,Nagarbhavi,2021-08-16
U01207,Wishi,Venkataraman,wishi.venkataraman1207@yahoo.com,+918032538361,12.975052,77.759517,Bengaluru,Whitefield,2021-09-23
U01208,Ucchal,Gola,ucchal.gola1208@gmail.com,+919216514811,12.831531,77.688754,Bengaluru,Electronic City,2023-08-21
U01209,Ekanta,Prakash,ekanta.prakash1209@hotmail.com,+917261173702,12.982918,77.762845,Bengaluru,Whitefield,2024-02-07
U01210,Vasudha,Talwar,vasudha.talwar1210@outlook.com,+910355996731,12.965296,77.751522,Bengaluru,Whitefield,2022-12-18
U01211,Urvi,Loyal,urvi.loyal1211@yahoo.com,+912434666291,12.922511,77.597565,Bengaluru,BTM Layout,2021-06-02
U01212,Nandini,Bansal,nandini.bansal1212@yahoo.com,+915394406014,12.931795,77.621096,Bengaluru,BTM Layout,2021-06-10
U01213,Sarthak,Kanda,sarthak.kanda1213@gmail.com,+918498447539,13.108702,77.60334,Bengaluru,Yelahanka,2022-12-04
U01214,Samaksh,Seth,samaksh.seth1214@hotmail.com,+918133533369,12.913924,77.59432,Bengaluru,BTM Layout,2022-08-30
U01215,Wahab,Randhawa,wahab.randhawa1215@gmail.com,+910075658255,12.909968,77.673352,Bengaluru,Bellandur,2023-10-24
U01216,Tejas,Mohan,tejas.mohan1216@hotmail.com,+916123587905,12.926084,77.665995,Bengaluru,Bellandur,2024-02-18
U01217,Pavani,Purohit,pavani.purohit1217@gmail.com,+912948563666,12.934455,77.613906,Bengaluru,Koramangala,2023-09-13
U01218,Naksh,Prasad,naksh.prasad1218@yahoo.com,+912863389754,13.024776,77.611859,Bengaluru,Hebbal,2023-04-09
U01219,Aachal,Chad,aachal.chad1219@yahoo.com,+914359393942,12.908432,77.55287,Bengaluru,Banashankari,2021-06-21
U01220,Krish,Chad,krish.chad1220@yahoo.com,+918156596040,13.053283,77.597423,Bengaluru,Hebbal,2023-12-27
U01221,Chakrika,Saxena,chakrika.saxena1221@outlook.com,+917064813357,12.909789,77.581928,Bengaluru,JP Nagar,2023-08-01
U01222,Zilmil,Pandey,zilmil.pandey1222@yahoo.com,+914235068843,12.878523,77.674305,Bengaluru,Sarjapur,2022-07-04
U01223,Victor,Barman,victor.barman1223@yahoo.com,+910626382391,12.97461,77.508259,Bengaluru,Nagarbhavi,2023-03-09
U01224,Udyati,Vala,udyati.vala1224@hotmail.com,+915456031868,12.962543,77.612344,Bengaluru,MG Road,2022-07-25
U01225,Gayathri,Sandhu,gayathri.sandhu1225@outlook.com,+911296454827,12.937581,77.563387,Bengaluru,Basavanagudi,2023-11-24
U01226,Shravya,Sibal,shravya.sibal1226@outlook.com,+911994136447,12.912098,77.555194,Bengaluru,Banashankari,2021-06-15
U01227,Rachana,Rege,rachana.rege1227@outlook.com,+910147082319,12.913388,77.532273,Bengaluru,Banashankari,2022-09-28
U01228,Jhalak,Tank,jhalak.tank1228@outlook.com,+918284427180,12.92857,77.580171,Bengaluru,Basavanagudi,2023-11-15
U01229,Edhitha,Mahajan,edhitha.mahajan1229@gmail.com,+918995121744,12.920699,77.679426,Bengaluru,Bellandur,2021-12-26
U01230,Lavanya,Bakshi,lavanya.bakshi1230@yahoo.com,+915183704702,13.05127,77.613484,Bengaluru,Hebbal,2023-03-13
U01231,Praneel,Sathe,praneel.sathe1231@yahoo.com,+910682120358,12.929682,77.619592,Bengaluru,BTM Layout,2023-01-13
U01232,Vivaan,Lanka,vivaan.lanka1232@hotmail.com,+911962452405,12.979899,77.76694,Bengaluru,Whitefield,2022-11-09
U01233,Faqid,Parmer,faqid.parmer1233@yahoo.com,+919199885522,13.003331,77.566472,Bengaluru,Malleshwaram,2023-01-14
U01234,Fitan,Menon,fitan.menon1234@gmail.com,+915984585542,12.963211,77.6175,Bengaluru,MG Road,2022-01-08
U01235,Yachana,Varghese,yachana.varghese1235@hotmail.com,+919129896733,12.920094,77.57677,Bengaluru,JP Nagar,2021-12-31
U01236,Farhan,Malhotra,farhan.malhotra1236@yahoo.com,+910632300171,12.953278,77.726047,Bengaluru,Brookefield,2023-07-23
U01237,Vedant,Chaudhari,vedant.chaudhari1237@outlook.com,+916329516621,12.992703,77.628151,Bengaluru,MG Road,2023-09-04
U01238,Jagat,Bora,jagat.bora1238@hotmail.com,+918637470303,13.009966,77.572571,Bengaluru,Malleshwaram,2022-07-07
U01239,Jagvi,Barad,jagvi.barad1239@hotmail.com,+912687175840,13.096654,77.612708,Bengaluru,Yelahanka,2021-04-21
U01240,Sai,Nath,sai.nath1240@hotmail.com,+918522887617,12.98035,77.565537,Bengaluru,Rajajinagar,2022-11-11
U01241,Ronith,Narayan,ronith.narayan1241@gmail.com,+913410588287,12.906437,77.597119,Bengaluru,JP Nagar,2021-01-22
U01242,Zashil,Mittal,zashil.mittal1242@hotmail.com,+919949745009,12.947455,77.619929,Bengaluru,Koramangala,2021-06-26
U01243,Anvi,Halder,anvi.halder1243@outlook.com,+917125346115,12.90939,77.538425,Bengaluru,Banashankari,2021-04-14
U01244,Lakshit,Lal,lakshit.lal1244@outlook.com,+912782015811,12.994734,77.544566,Bengaluru,Rajajinagar,2021-03-03
U01245,Abhiram,Mistry,abhiram.mistry1245@yahoo.com,+913116951522,12.974386,77.711577,Bengaluru,Marathahalli,2022-12-20
U01246,Baghyawati,Pal,baghyawati.pal1246@outlook.com,+918960713766,12.98858,77.494384,Bengaluru,Nagarbhavi,2021-04-23
U01247,Netra,Ravi,netra.ravi1247@gmail.com,+910605064051,13.018236,77.610474,Bengaluru,Hebbal,2023-02-26
U01248,Advik,Sodhi,advik.sodhi1248@outlook.com,+911440790438,12.913054,77.627308,Bengaluru,HSR Layout,2021-02-15
U01249,Yauvani,Dixit,yauvani.dixit1249@outlook.com,+911732461552,13.000767,77.612424,Bengaluru,Shivajinagar,2022-04-07
U01250,Mitali,Kari,mitali.kari1250@gmail.com,+914148126892,12.923251,77.591337,Bengaluru,Jayanagar,2022-05-24
U01251,Utkarsh,Kadakia,utkarsh.kadakia1251@outlook.com,+917383968856,12.937917,77.581843,Bengaluru,Basavanagudi,2021-12-24
U01252,Urvi,Kaur,urvi.kaur1252@outlook.com,+916847093195,12.942971,77.621234,Bengaluru,Koramangala,2022-10-28
U01253,Zaitra,Sidhu,zaitra.sidhu1253@outlook.com,+911239449493,12.928034,77.550031,Bengaluru,Banashankari,2024-03-03
U01254,Triya,Oak,triya.oak1254@outlook.com,+917844902307,12.933864,77.631515,Bengaluru,Koramangala,2022-11-05
U01255,Frederick,Munshi,frederick.munshi1255@outlook.com,+915028601183,12.911723,77.564661,Bengaluru,Banashankari,2023-03-02
U01256,Raghav,Sanghvi,raghav.sanghvi1256@gmail.com,+918189813780,13.032509,77.601181,Bengaluru,Hebbal,2021-03-06
U01257,Omisha,Kadakia,omisha.kadakia1257@gmail.com,+914444532567,12.955789,77.742156,Bengaluru,Whitefield,2023-11-08
U01258,Reva,Sengupta,reva.sengupta1258@gmail.com,+915110945265,12.916018,77.595586,Bengaluru,Jayanagar,2024-02-27
U01259,Ayushman,Prasad,ayushman.prasad1259@gmail.com,+915514620008,12.972212,77.520691,Bengaluru,Nagarbhavi,2023-04-13
U01260,Liam,Dave,liam.dave1260@hotmail.com,+914143772228,12.862918,77.687359,Bengaluru,Sarjapur,2023-05-13
U01261,Dalaja,Andra,dalaja.andra1261@yahoo.com,+914935488107,12.996834,77.583951,Bengaluru,Malleshwaram,2021-06-10
U01262,Xalak,Pant,xalak.pant1262@gmail.com,+913777311025,12.903752,77.607083,Bengaluru,BTM Layout,2021-03-25
U01263,Harinakshi,Kar,harinakshi.kar1263@outlook.com,+913358515149,12.907683,77.629072,Bengaluru,Bommanahalli,2024-04-03
U01264,Oni,Sandal,oni.sandal1264@outlook.com,+917239798811,12.909116,77.65812,Bengaluru,Bellandur,2023-06-03
U01265,Netra,Yogi,netra.yogi1265@gmail.com,+916059558704,12.878262,77.6738,Bengaluru,Sarjapur,2023-06-19
U01266,Chandani,Nanda,chandani.nanda1266@hotmail.com,+919673254966,12.926068,77.590722,Bengaluru,Jayanagar,2023-04-13
U01267,Arin,Balay,arin.balay1267@gmail.com,+918737238057,12.949583,77.639814,Bengaluru,Koramangala,2021-12-27
U01268,Liam,Dube,liam.dube1268@hotmail.com,+919668273428,12.98693,77.736071,Bengaluru,Whitefield,2022-01-04
U01269,Ganga,Raman,ganga.raman1269@outlook.com,+916854460688,13.00009,77.606534,Bengaluru,Shivajinagar,2021-12-15
U01270,Lakshmi,Jayaraman,lakshmi.jayaraman1270@yahoo.com,+911913304421,12.980745,77.601229,Bengaluru,Shivajinagar,2021-10-26
U01271,Mahika,Bhatt,mahika.bhatt1271@outlook.com,+915645044624,12.92938,77.564642,Bengaluru,Banashankari,2023-12-26
U01272,Libni,Guha,libni.guha1272@outlook.com,+916316641700,12.948033,77.617632,Bengaluru,Koramangala,2021-07-17
U01273,Vaishnavi,Chopra,vaishnavi.chopra1273@gmail.com,+917421206605,12.968347,77.638663,Bengaluru,Indiranagar,2022-06-11
U01274,Falguni,Seth,falguni.seth1274@outlook.com,+919028917088,13.014256,77.677441,Bengaluru,KR Puram,2023-05-08
U01275,Daksha,Chander,daksha.chander1275@outlook.com,+910753087722,12.84382,77.697765,Bengaluru,Sarjapur,2021-11-04
U01276,Onveer,Chawla,onveer.chawla1276@hotmail.com,+913495860150,12.954645,77.572053,Bengaluru,Basavanagudi,2023-07-01
U01277,Peter,Balay,peter.balay1277@outlook.com,+919146516792,12.979452,77.651191,Bengaluru,Indiranagar,2022-07-10
U01278,Vrinda,Bala,vrinda.bala1278@outlook.com,+916171867096,12.956947,77.734246,Bengaluru,Whitefield,2021-10-18
U01279,Rachit,Issac,rachit.issac1279@hotmail.com,+910164854713,12.852051,77.693754,Bengaluru,Sarjapur,2021-10-15
U01280,Ekaraj,Raju,ekaraj.raju1280@gmail.com,+916348130043,12.945927,77.691141,Bengaluru,Marathahalli,2024-04-13
U01281,Bhanumati,Jha,bhanumati.jha1281@hotmail.com,+911539305818,12.956229,77.592024,Bengaluru,Basavanagudi,2024-03-07
U01282,Viraj,Manne,viraj.manne1282@outlook.com,+914661010619,12.932544,77.53475,Bengaluru,Banashankari,2021-01-07
U01283,Ekaraj,Sha,ekaraj.sha1283@hotmail.com,+918932986536,13.011859,77.580556,Bengaluru,Malleshwaram,2021-07-07
U01284,Dakshesh,Pillay,dakshesh.pillay1284@gmail.com,+918187850374,12.952449,77.567562,Bengaluru,Basavanagudi,2021-06-07
U01285,Zarna,Apte,zarna.apte1285@gmail.com,+915142618912,12.978977,77.500852,Bengaluru,Nagarbhavi,2021-12-29
U01286,Onveer,Narain,onveer.narain1286@yahoo.com,+912193387300,12.824182,77.688322,Bengaluru,Electronic City,2021-05-17
U01287,Nirja,Raman,nirja.raman1287@yahoo.com,+919795737756,13.000907,77.705173,Bengaluru,KR Puram,2023-11-02
U01288,Naksh,Choudhry,naksh.choudhry1288@outlook.com,+910894520725,12.880177,77.611155,Bengaluru,Bannerghatta Road,2021-07-30
U01289,Kai,Yadav,kai.yadav1289@yahoo.com,+916494133098,12.993256,77.628493,Bengaluru,MG Road,2023-10-12
U01290,Omya,Sridhar,omya.sridhar1290@yahoo.com,+915494228514,12.93405,77.670397,Bengaluru,Bellandur,2023-02-06
U01291,Ekapad,Ramachandran,ekapad.ramachandran1291@yahoo.com,+915586133330,12.925738,77.647986,Bengaluru,HSR Layout,2021-10-30
U01292,Samuel,De,samuel.de1292@yahoo.com,+911137236790,13.000492,77.578757,Bengaluru,Malleshwaram,2021-08-09
U01293,Samesh,Mukherjee,samesh.mukherjee1293@yahoo.com,+912211118909,12.849895,77.702848,Bengaluru,Sarjapur,2023-01-29
U01294,Rachana,Soman,rachana.soman1294@hotmail.com,+919333091389,12.950677,77.647011,Bengaluru,Domlur,2024-04-12
U01295,Nathan,Mukherjee,nathan.mukherjee1295@hotmail.com,+912082896818,12.91629,77.642765,Bengaluru,HSR Layout,2021-02-13
U01296,Samaksh,Thakkar,samaksh.thakkar1296@outlook.com,+916283588058,12.961375,77.739241,Bengaluru,Whitefield,2023-11-30
U01297,Tara,Majumdar,tara.majumdar1297@hotmail.com,+910768790244,12.879076,77.684869,Bengaluru,Sarjapur,2023-10-22
U01298,Saksham,Amble,saksham.amble1298@yahoo.com,+919864840927,13.091906,77.584006,Bengaluru,Yelahanka,2022-12-07
U01299,Luke,Sehgal,luke.sehgal1299@hotmail.com,+914224898014,12.948906,77.627265,Bengaluru,Koramangala,2023-02-03
U01300,Devansh,Rastogi,devansh.rastogi1300@yahoo.com,+913915965866,13.031727,77.599757,Bengaluru,Hebbal,2023-04-03
U01301,Yatin,Vora,yatin.vora1301@outlook.com,+913484545367,13.005893,77.710607,Bengaluru,KR Puram,2021-04-21
U01302,Falguni,Swaminathan,falguni.swaminathan1302@yahoo.com,+913345708117,12.998207,77.613341,Bengaluru,Shivajinagar,2023-05-04
U01303,Triveni,Shere,triveni.shere1303@hotmail.com,+911446658490,13.020396,77.58149,Bengaluru,Malleshwaram,2023-04-16
U01304,Balveer,Chand,balveer.chand1304@outlook.com,+911070611402,12.868371,77.697431,Bengaluru,Sarjapur,2023-08-22
U01305,Bhavna,Shan,bhavna.shan1305@outlook.com,+910658552295,12.913513,77.594945,Bengaluru,JP Nagar,2023-05-06
U01306,Idika,Mishra,idika.mishra1306@yahoo.com,+910488486181,12.93864,77.617332,Bengaluru,Koramangala,2023-06-10
U01307,Mahika,Gill,mahika.gill1307@outlook.com,+916826369008,12.917832,77.544627,Bengaluru,Banashankari,2023-06-23
U01308,Ojasvi,Krish,ojasvi.krish1308@yahoo.com,+913659077467,12.992511,77.616951,Bengaluru,Shivajinagar,2021-04-07
U01309,Praneel,Sankaran,praneel.sankaran1309@gmail.com,+917055501333,12.915441,77.668108,Bengaluru,Bellandur,2024-03-06
U01310,Tanvi,Rajagopalan,tanvi.rajagopalan1310@yahoo.com,+917274963188,12.963775,77.518965,Bengaluru,Nagarbhavi,2021-07-02
U01311,Qadim,Chandran,qadim.chandran1311@yahoo.com,+911015852632,12.993538,77.558964,Bengaluru,Malleshwaram,2023-03-13
U01312,Maya,Bassi,maya.bassi1312@outlook.com,+917884620542,12.931716,77.593755,Bengaluru,BTM Layout,2023-08-20
U01313,Wriddhish,Dugar,wriddhish.dugar1313@hotmail.com,+918272634018,12.944189,77.609657,Bengaluru,Koramangala,2023-03-15
U01314,Anusha,Yogi,anusha.yogi1314@hotmail.com,+911818271513,12.946207,77.641048,Bengaluru,Domlur,2022-06-09
U01315,Bishakha,Bhavsar,bishakha.bhavsar1315@yahoo.com,+918276343946,12.95726,77.496742,Bengaluru,Nagarbhavi,2024-01-08
U01316,Teerth,Tak,teerth.tak1316@hotmail.com,+913547374571,12.954461,77.705816,Bengaluru,Marathahalli,2024-01-06
U01317,Nisha,Dara,nisha.dara1317@hotmail.com,+917479319807,12.851924,77.694239,Bengaluru,Electronic City,2022-01-14
U01318,Jyoti,Bose,jyoti.bose1318@hotmail.com,+911215542373,12.89821,77.627746,Bengaluru,HSR Layout,2023-11-17
U01319,Henry,Thaman,henry.thaman1319@gmail.com,+911458861364,12.993403,77.599264,Bengaluru,Shivajinagar,2022-07-10
U01320,Eshana,Rout,eshana.rout1320@gmail.com,+913287755484,12.904031,77.605344,Bengaluru,BTM Layout,2023-03-28
U01321,Shravya,Gala,shravya.gala1321@gmail.com,+919979885760,12.990744,77.632979,Bengaluru,Indiranagar,2021-01-08
U01322,Zayyan,Johal,zayyan.johal1322@hotmail.com,+917939927836,12.91804,77.635516,Bengaluru,HSR Layout,2023-03-11
U01323,Yashawini,Basu,yashawini.basu1323@hotmail.com,+918909789207,12.965829,77.726148,Bengaluru,Brookefield,2024-04-06
U01324,Turvi,Bala,turvi.bala1324@yahoo.com,+918101362408,13.019576,77.697252,Bengaluru,KR Puram,2022-05-14
U01325,Elijah,Shenoy,elijah.shenoy1325@yahoo.com,+914674456322,12.860273,77.599544,Bengaluru,Bannerghatta Road,2023-02-15
U01326,Lakshmi,Oza,lakshmi.oza1326@outlook.com,+916788488059,12.973049,77.706742,Bengaluru,Brookefield,2022-09-17
U01327,Mohini,Hayer,mohini.hayer1327@gmail.com,+912892343714,12.981634,77.548326,Bengaluru,Rajajinagar,2021-02-28
U01328,Mekhala,Barad,mekhala.barad1328@gmail.com,+913724928840,12.920429,77.575434,Bengaluru,JP Nagar,2021-09-09
U01329,Advaith,Krishna,advaith.krishna1329@hotmail.com,+917385375122,12.881987,77.592109,Bengaluru,Bannerghatta Road,2022-10-11
U01330,Ishwar,Deshpande,ishwar.deshpande1330@outlook.com,+918056022247,12.934652,77.609591,Bengaluru,Koramangala,2024-03-14
U01331,Eta,Shetty,eta.shetty1331@gmail.com,+913780068409,12.941377,77.700975,Bengaluru,Brookefield,2022-04-30
U01332,Vedhika,Shenoy,vedhika.shenoy1332@yahoo.com,+913855507932,13.001724,77.711979,Bengaluru,KR Puram,2024-03-18
U01333,Ekansh,Butala,ekansh.butala1333@gmail.com,+912244913061,12.989247,77.514371,Bengaluru,Nagarbhavi,2023-12-22
U01334,Xavier,Sarma,xavier.sarma1334@hotmail.com,+914193640641,12.935624,77.617939,Bengaluru,Koramangala,2021-04-23
U01335,Logan,Sinha,logan.sinha1335@gmail.com,+912224132950,13.015341,77.58456,Bengaluru,Malleshwaram,2023-11-09
U01336,Arya,Edwin,arya.edwin1336@yahoo.com,+911399285814,12.894518,77.62971,Bengaluru,HSR Layout,2021-11-20
U01337,Onkar,Badami,onkar.badami1337@yahoo.com,+911491610199,12.907617,77.57661,Bengaluru,JP Nagar,2021-10-09
U01338,Harish,Goel,harish.goel1338@gmail.com,+915978428143,12.980252,77.54311,Bengaluru,Rajajinagar,2021-01-01
U01339,Chaitaly,Dash,chaitaly.dash1339@outlook.com,+919979817630,12.951752,77.699242,Bengaluru,Brookefield,2021-09-08
U01340,Mahika,Ganguly,mahika.ganguly1340@gmail.com,+915431670141,12.99082,77.705841,Bengaluru,KR Puram,2021-08-10
U01341,Faras,Apte,faras.apte1341@yahoo.com,+916456200983,12.951006,77.641134,Bengaluru,Koramangala,2021-02-26
U01342,Anjali,Dube,anjali.dube1342@hotmail.com,+912939725205,12.946452,77.712712,Bengaluru,Brookefield,2023-01-24
U01343,Ridhi,Parmar,ridhi.parmar1343@hotmail.com,+916712794401,12.937228,77.581556,Bengaluru,Basavanagudi,2021-07-13
U01344,Pranav,Kalita,pranav.kalita1344@hotmail.com,+915332497073,12.941882,77.714581,Bengaluru,Marathahalli,2021-09-25
U01345,Bakhshi,Walia,bakhshi.walia1345@hotmail.com,+916192022854,12.931457,77.621812,Bengaluru,Koramangala,2024-02-03
U01346,Tarak,Sathe,tarak.sathe1346@gmail.com,+916845015622,12.970052,77.627895,Bengaluru,Indiranagar,2023-05-28
U01347,Champak,Virk,champak.virk1347@gmail.com,+916045982781,13.000903,77.547428,Bengaluru,Rajajinagar,2021-02-06
U01348,Harshil,Ramakrishnan,harshil.ramakrishnan1348@outlook.com,+914971729126,12.854311,77.694135,Bengaluru,Electronic City,2023-06-09
U01349,Darika,Sawhney,darika.sawhney1349@yahoo.com,+914533843092,12.987276,77.59429,Bengaluru,Shivajinagar,2022-04-02
U01350,Charles,Agrawal,charles.agrawal1350@yahoo.com,+911020852056,13.104149,77.596483,Bengaluru,Yelahanka,2022-03-05
U01351,Chanakya,Purohit,chanakya.purohit1351@yahoo.com,+914058565951,12.919869,77.676249,Bengaluru,Bellandur,2022-06-13
U01352,Saksham,Krish,saksham.krish1352@yahoo.com,+910444920954,12.998154,77.609888,Bengaluru,Shivajinagar,2022-12-09
U01353,Kavya,Khare,kavya.khare1353@gmail.com,+918311794944,12.985349,77.571862,Bengaluru,Rajajinagar,2022-01-09
U01354,Ryan,Chand,ryan.chand1354@yahoo.com,+915874279630,12.919415,77.584292,Bengaluru,Jayanagar,2024-03-20
U01355,Amol,Sama,amol.sama1355@outlook.com,+919478641638,12.929845,77.668948,Bengaluru,Bellandur,2021-02-17
U01356,Ayaan,Atwal,ayaan.atwal1356@gmail.com,+915925121189,12.972847,77.638925,Bengaluru,Domlur,2021-01-28
U01357,Geetika,Handa,geetika.handa1357@yahoo.com,+911665563630,12.884918,77.591321,Bengaluru,Bannerghatta Road,2021-08-04
U01358,Dev,Kannan,dev.kannan1358@yahoo.com,+915901564075,12.994055,77.633435,Bengaluru,Indiranagar,2022-02-19
U01359,Gopal,Ganesh,gopal.ganesh1359@outlook.com,+914673592839,12.965163,77.50152,Bengaluru,Nagarbhavi,2021-07-07
U01360,Oliver,Basu,oliver.basu1360@hotmail.com,+914161656657,12.953831,77.570068,Bengaluru,Basavanagudi,2023-07-26
U01361,Ojasvi,Vala,ojasvi.vala1361@yahoo.com,+915586171106,12.935758,77.571108,Bengaluru,Basavanagudi,2023-02-24
U01362,Hritik,Narain,hritik.narain1362@hotmail.com,+919249623443,12.99845,77.599545,Bengaluru,Shivajinagar,2022-04-07
U01363,Ekantika,Gupta,ekantika.gupta1363@outlook.com,+915628379477,13.104122,77.584497,Bengaluru,Yelahanka,2021-06-21
U01364,Sarthak,Rana,sarthak.rana1364@yahoo.com,+913601078676,12.950529,77.712891,Bengaluru,Brookefield,2022-04-03
U01365,Priya,Dara,priya.dara1365@outlook.com,+910358165498,12.977905,77.500237,Bengaluru,Nagarbhavi,2022-11-17
U01366,Vincent,Kala,vincent.kala1366@hotmail.com,+918464876085,12.972888,77.696894,Bengaluru,Brookefield,2021-08-12
U01367,Hitesh,Parikh,hitesh.parikh1367@gmail.com,+916324286622,13.05026,77.590012,Bengaluru,Hebbal,2022-02-22
U01368,Ekiya,Ghose,ekiya.ghose1368@yahoo.com,+917366566739,12.911146,77.55118,Bengaluru,Banashankari,2021-06-28
U01369,Alexander,Ratti,alexander.ratti1369@gmail.com,+912772365761,12.974003,77.647289,Bengaluru,Indiranagar,2023-09-28
U01370,Diya,Arora,diya.arora1370@outlook.com,+911640226123,12.924243,77.672969,Bengaluru,Bellandur,2023-08-20
U01371,Lopa,Kala,lopa.kala1371@outlook.com,+917244917648,12.938698,77.678357,Bengaluru,Bellandur,2022-11-26
U01372,Tara,Kannan,tara.kannan1372@outlook.com,+911099578183,12.911202,77.616117,Bengaluru,Bommanahalli,2023-12-12
U01373,Dominic,Mallick,dominic.mallick1373@hotmail.com,+913315667053,12.917298,77.619498,Bengaluru,BTM Layout,2021-01-26
U01374,Jyoti,Bassi,jyoti.bassi1374@gmail.com,+915198386069,12.964405,77.709458,Bengaluru,Marathahalli,2023-12-28
U01375,Ekalinga,Kamdar,ekalinga.kamdar1375@outlook.com,+919110308975,12.94943,77.567873,Bengaluru,Basavanagudi,2023-05-04
U01376,Nirja,Mitra,nirja.mitra1376@gmail.com,+910441616613,12.857257,77.688591,Bengaluru,Sarjapur,2022-06-14
U01377,Xalak,Chaudry,xalak.chaudry1377@outlook.com,+919610480880,12.931505,77.618304,Bengaluru,Koramangala,2022-02-01
U01378,Onveer,Krishnamurthy,onveer.krishnamurthy1378@outlook.com,+918758402493,13.002622,77.555225,Bengaluru,Rajajinagar,2024-04-08
U01379,Girish,Nair,girish.nair1379@yahoo.com,+919354445890,12.859953,77.698365,Bengaluru,Sarjapur,2023-07-28
U01380,Lipika,Deol,lipika.deol1380@yahoo.com,+911995261457,13.003144,77.553756,Bengaluru,Rajajinagar,2021-05-08
U01381,Gaurangi,Gill,gaurangi.gill1381@outlook.com,+916363051281,12.958734,77.72478,Bengaluru,Brookefield,2023-04-03
U01382,Eesha,Subramaniam,eesha.subramaniam1382@hotmail.com,+911733385683,13.089534,77.594063,Bengaluru,Yelahanka,2022-04-14
U01383,Ekansh,Nayak,ekansh.nayak1383@hotmail.com,+910150343162,12.94516,77.579637,Bengaluru,Basavanagudi,2021-03-23
U01384,Andrew,Sen,andrew.sen1384@hotmail.com,+911343357120,12.963979,77.62787,Bengaluru,MG Road,2022-01-13
U01385,Lavanya,Vaidya,lavanya.vaidya1385@gmail.com,+918606828972,12.989747,77.56021,Bengaluru,Rajajinagar,2022-03-25
U01386,Viraj,Thakur,viraj.thakur1386@yahoo.com,+915645310769,13.010893,77.692666,Bengaluru,KR Puram,2022-06-01
U01387,Agastya,Kaul,agastya.kaul1387@hotmail.com,+918967443593,12.880503,77.601969,Bengaluru,Bommanahalli,2021-03-25
U01388,Ansh,Dash,ansh.dash1388@hotmail.com,+916156336061,12.920803,77.680988,Bengaluru,Bellandur,2021-05-26
U01389,Dayamai,Khalsa,dayamai.khalsa1389@yahoo.com,+913123036726,12.944213,77.630714,Bengaluru,Koramangala,2021-12-02
U01390,Priya,Kohli,priya.kohli1390@gmail.com,+911690350342,12.853593,77.676836,Bengaluru,Sarjapur,2024-01-17
U01391,Fariq,Bhasin,fariq.bhasin1391@outlook.com,+910424851168,12.974813,77.641074,Bengaluru,Indiranagar,2023-12-16
U01392,Laksh,Prasad,laksh.prasad1392@yahoo.com,+911436785873,12.873499,77.585621,Bengaluru,Bannerghatta Road,2021-05-30
U01393,Wishi,Minhas,wishi.minhas1393@outlook.com,+916766829300,12.93362,77.618859,Bengaluru,BTM Layout,2023-03-03
U01394,Saksham,Doshi,saksham.doshi1394@yahoo.com,+917746438508,12.870977,77.594586,Bengaluru,Bannerghatta Road,2023-11-01
U01395,Keya,Jayaraman,keya.jayaraman1395@hotmail.com,+914455428358,12.874085,77.681993,Bengaluru,Sarjapur,2021-03-04
U01396,Baljiwan,Khanna,baljiwan.khanna1396@yahoo.com,+910943805479,12.977109,77.643332,Bengaluru,Domlur,2021-07-19
U01397,Sachi,Narasimhan,sachi.narasimhan1397@yahoo.com,+911860807539,12.966303,77.721717,Bengaluru,Brookefield,2021-01-14
U01398,Krish,Mall,krish.mall1398@outlook.com,+917600427098,12.964846,77.705564,Bengaluru,Marathahalli,2023-02-09
U01399,Eesha,Baral,eesha.baral1399@outlook.com,+918943380536,12.962782,77.694203,Bengaluru,Marathahalli,2022-08-21
U01400,Oeshi,Mani,oeshi.mani1400@gmail.com,+917804780544,12.950164,77.707844,Bengaluru,Marathahalli,2023-03-05
U01401,Arjun,Karnik,arjun.karnik1401@outlook.com,+912491480874,13.013439,77.570787,Bengaluru,Malleshwaram,2023-11-21
U01402,Garima,Oommen,garima.oommen1402@yahoo.com,+910587686946,12.992785,77.541482,Bengaluru,Rajajinagar,2021-07-20
U01403,Xavier,Jha,xavier.jha1403@gmail.com,+915714178741,12.913392,77.630965,Bengaluru,HSR Layout,2023-02-26
U01404,Chatura,Kothari,chatura.kothari1404@yahoo.com,+912463025786,12.928968,77.621309,Bengaluru,Koramangala,2023-04-23
U01405,Tristan,Raj,tristan.raj1405@hotmail.com,+916736032112,13.002707,77.550068,Bengaluru,Rajajinagar,2023-05-09
U01406,Ekanta,Goswami,ekanta.goswami1406@outlook.com,+917998441851,12.919275,77.672862,Bengaluru,Bellandur,2022-07-17
U01407,Riya,Ahuja,riya.ahuja1407@yahoo.com,+916289082371,12.978996,77.620157,Bengaluru,MG Road,2023-09-12
U01408,Dhruv,Swamy,dhruv.swamy1408@yahoo.com,+913980473272,12.930654,77.621576,Bengaluru,Koramangala,2022-02-09
U01409,Ekaraj,Hans,ekaraj.hans1409@hotmail.com,+918116259697,12.922616,77.590956,Bengaluru,Jayanagar,2022-10-09
U01410,Charles,Dhaliwal,charles.dhaliwal1410@outlook.com,+917716315938,12.911727,77.623438,Bengaluru,HSR Layout,2023-06-24
U01411,Samarth,Dass,samarth.dass1411@hotmail.com,+916118919283,12.981781,77.637256,Bengaluru,Indiranagar,2023-11-14
U01412,Gavin,Ghose,gavin.ghose1412@outlook.com,+912608358897,13.012737,77.704323,Bengaluru,KR Puram,2021-03-17
U01413,Samarth,Keer,samarth.keer1413@outlook.com,+918584204954,12.84473,77.666644,Bengaluru,Electronic City,2021-05-05
U01414,Yashica,Brar,yashica.brar1414@hotmail.com,+916753866881,12.964051,77.619533,Bengaluru,MG Road,2022-11-26
U01415,Pooja,Sibal,pooja.sibal1415@yahoo.com,+914133733264,12.856799,77.694971,Bengaluru,Electronic City,2021-09-24
U01416,Deepa,Gala,deepa.gala1416@outlook.com,+914890208427,12.979136,77.644425,Bengaluru,Indiranagar,2022-09-28
U01417,Rudra,Konda,rudra.konda1417@yahoo.com,+915786448296,12.953935,77.700336,Bengaluru,Marathahalli,2021-07-10
U01418,Panini,Goda,panini.goda1418@outlook.com,+918700190624,12.922604,77.621354,Bengaluru,HSR Layout,2021-10-31
U01419,Yuvraj,Mitter,yuvraj.mitter1419@gmail.com,+912562443762,13.118417,77.591714,Bengaluru,Yelahanka,2021-09-16
U01420,Bhavika,Sen,bhavika.sen1420@gmail.com,+916545667037,12.991891,77.627734,Bengaluru,MG Road,2023-05-19
U01421,Saksham,Magar,saksham.magar1421@gmail.com,+915575388257,12.976234,77.625216,Bengaluru,Indiranagar,2024-03-05
U01422,Vasana,Buch,vasana.buch1422@gmail.com,+917185691178,12.952077,77.628111,Bengaluru,Domlur,2021-07-30
U01423,Jagvi,Rao,jagvi.rao1423@outlook.com,+911589186239,12.911644,77.638457,Bengaluru,HSR Layout,2023-11-01
U01424,Krishna,Ganesh,krishna.ganesh1424@hotmail.com,+919571562100,12.915394,77.601724,Bengaluru,BTM Layout,2021-05-19
U01425,Urishilla,Sastry,urishilla.sastry1425@gmail.com,+914065685900,12.926501,77.624038,Bengaluru,Koramangala,2024-03-15
U01426,Pahal,Tiwari,pahal.tiwari1426@hotmail.com,+914639102742,12.931043,77.625272,Bengaluru,BTM Layout,2021-05-10
U01427,Rachita,Dugal,rachita.dugal1427@yahoo.com,+916231470126,12.915551,77.626834,Bengaluru,BTM Layout,2023-07-03
U01428,Vasatika,Bahri,vasatika.bahri1428@hotmail.com,+919266923620,12.987648,77.689827,Bengaluru,KR Puram,2021-11-18
U01429,Lakshmi,Sane,lakshmi.sane1429@yahoo.com,+914876302986,12.987505,77.740256,Bengaluru,Whitefield,2021-07-28
U01430,Fiyaz,Mital,fiyaz.mital1430@gmail.com,+911968853591,12.948606,77.569745,Bengaluru,Jayanagar,2022-02-18
U01431,Michael,Gill,michael.gill1431@yahoo.com,+913747888245,12.925241,77.625442,Bengaluru,BTM Layout,2023-05-28
U01432,Aarini,Rai,aarini.rai1432@hotmail.com,+911339172328,13.009308,77.680984,Bengaluru,KR Puram,2023-12-30
U01433,Ubika,Mohan,ubika.mohan1433@yahoo.com,+915413870554,12.849079,77.696042,Bengaluru,Sarjapur,2023-07-26
U01434,Sudiksha,Mander,sudiksha.mander1434@outlook.com,+915532413690,12.822868,77.692352,Bengaluru,Electronic City,2023-09-23
U01435,Keya,Srivastava,keya.srivastava1435@outlook.com,+919141071787,12.908832,77.559391,Bengaluru,Banashankari,2024-04-10
U01436,Ekbal,Nath,ekbal.nath1436@outlook.com,+916004545794,12.863739,77.686447,Bengaluru,Sarjapur,2022-02-22
U01437,Laban,Singh,laban.singh1437@hotmail.com,+917326953724,12.930665,77.57911,Bengaluru,Jayanagar,2022-03-16
U01438,Rohan,Dubey,rohan.dubey1438@gmail.com,+912695143692,12.831763,77.693177,Bengaluru,Electronic City,2021-12-01
U01439,Ranveer,Agrawal,ranveer.agrawal1439@yahoo.com,+918534029708,12.962565,77.62627,Bengaluru,Indiranagar,2022-12-10
U01440,Agastya,Tella,agastya.tella1440@hotmail.com,+916401374896,12.981567,77.601273,Bengaluru,Shivajinagar,2021-02-15
U01441,Kavya,Swamy,kavya.swamy1441@yahoo.com,+916924610599,12.927642,77.533489,Bengaluru,Banashankari,2023-10-02
U01442,Nidhi,Sagar,nidhi.sagar1442@gmail.com,+914794050515,12.948872,77.714548,Bengaluru,Brookefield,2022-08-27
U01443,Megha,Prakash,megha.prakash1443@gmail.com,+915627061050,12.978635,77.583459,Bengaluru,Shivajinagar,2022-05-12
U01444,Leena,Suri,leena.suri1444@hotmail.com,+919537281774,12.99599,77.644371,Bengaluru,Indiranagar,2021-08-03
U01445,Darika,Bobal,darika.bobal1445@outlook.com,+919753115451,12.937288,77.62658,Bengaluru,Koramangala,2023-08-28
U01446,Nilima,Barad,nilima.barad1446@yahoo.com,+918367009741,13.093263,77.605137,Bengaluru,Yelahanka,2023-12-01
U01447,Jeet,Rajan,jeet.rajan1447@yahoo.com,+917571988723,12.962635,77.640552,Bengaluru,Domlur,2024-02-05
U01448,Nicholas,Hari,nicholas.hari1448@outlook.com,+918616584130,12.985127,77.635075,Bengaluru,Indiranagar,2023-08-28
U01449,Rajata,Kumer,rajata.kumer1449@yahoo.com,+910646206672,12.986767,77.64512,Bengaluru,Indiranagar,2021-12-03
U01450,Ijaya,Upadhyay,ijaya.upadhyay1450@gmail.com,+911028296380,12.992616,77.610354,Bengaluru,MG Road,2022-09-18
U01451,Vrinda,Pillay,vrinda.pillay1451@yahoo.com,+910315122658,12.905481,77.592473,Bengaluru,JP Nagar,2024-02-20
U01452,Dalbir,Rajan,dalbir.rajan1452@yahoo.com,+912578363681,12.918806,77.6368,Bengaluru,HSR Layout,2024-04-06
U01453,Panini,Koshy,panini.koshy1453@yahoo.com,+915260011812,12.920811,77.577514,Bengaluru,Jayanagar,2021-11-01
U01454,Xavier,Sridhar,xavier.sridhar1454@gmail.com,+912212436521,12.974124,77.696686,Bengaluru,Marathahalli,2021-06-06
U01455,Bakhshi,Pathak,bakhshi.pathak1455@outlook.com,+912050099119,12.963188,77.638746,Bengaluru,Indiranagar,2022-11-13
U01456,Ayaan,Divan,ayaan.divan1456@gmail.com,+915111504122,12.966155,77.699103,Bengaluru,Brookefield,2023-11-12
U01457,Advika,Shah,advika.shah1457@gmail.com,+912875082670,12.884136,77.579746,Bengaluru,Bannerghatta Road,2021-08-21
U01458,Manan,Kumar,manan.kumar1458@yahoo.com,+910799149371,12.91898,77.613305,Bengaluru,BTM Layout,2024-02-17
U01459,Yug,Edwin,yug.edwin1459@gmail.com,+911468817561,12.960957,77.611631,Bengaluru,MG Road,2022-09-13
U01460,Advik,Dada,advik.dada1460@outlook.com,+913591275362,12.980777,77.642799,Bengaluru,Indiranagar,2024-01-10
U01461,George,Rajagopalan,george.rajagopalan1461@gmail.com,+912334750917,12.855151,77.676028,Bengaluru,Electronic City,2022-12-26
U01462,Mitali,Buch,mitali.buch1462@yahoo.com,+914058588118,12.949857,77.647023,Bengaluru,Domlur,2023-02-12
U01463,Zarna,Gulati,zarna.gulati1463@hotmail.com,+917757662710,12.997708,77.566806,Bengaluru,Malleshwaram,2021-02-17
U01464,Pallavi,Gandhi,pallavi.gandhi1464@outlook.com,+910307353868,12.892538,77.634938,Bengaluru,Bommanahalli,2021-12-20
U01465,Prisha,Krishnan,prisha.krishnan1465@hotmail.com,+910078616900,12.943737,77.568158,Bengaluru,Jayanagar,2024-01-04
U01466,Chasmum,Tella,chasmum.tella1466@hotmail.com,+915074814443,12.854834,77.677982,Bengaluru,Sarjapur,2022-11-02
U01467,Lavanya,Morar,lavanya.morar1467@yahoo.com,+916263951981,12.974566,77.497105,Bengaluru,Nagarbhavi,2023-03-30
U01468,Nisha,Chakraborty,nisha.chakraborty1468@yahoo.com,+914941552992,12.908181,77.620133,Bengaluru,Bommanahalli,2022-01-22
U01469,Ikbal,Padmanabhan,ikbal.padmanabhan1469@hotmail.com,+913589961600,13.034401,77.61477,Bengaluru,Hebbal,2021-07-02
U01470,Luke,Luthra,luke.luthra1470@hotmail.com,+917187978929,12.900981,77.625096,Bengaluru,HSR Layout,2023-10-25
U01471,Shaurya,Rao,shaurya.rao1471@hotmail.com,+912584009062,12.943204,77.68147,Bengaluru,Marathahalli,2023-08-25
U01472,Darika,Ahuja,darika.ahuja1472@outlook.com,+916605068902,12.952022,77.715983,Bengaluru,Brookefield,2023-04-17
U01473,Om,Swamy,om.swamy1473@hotmail.com,+917840704190,13.011775,77.576129,Bengaluru,Malleshwaram,2022-02-09
U01474,Aarav,Chatterjee,aarav.chatterjee1474@hotmail.com,+917723797309,12.925791,77.594796,Bengaluru,JP Nagar,2021-08-02
U01475,Ekaraj,Sahni,ekaraj.sahni1475@yahoo.com,+911925186470,12.929031,77.614576,Bengaluru,Koramangala,2021-04-25
U01476,Omaja,Mani,omaja.mani1476@outlook.com,+912313744715,12.926716,77.684071,Bengaluru,Bellandur,2021-04-04
U01477,Raagini,Garde,raagini.garde1477@hotmail.com,+915007488382,12.937494,77.564657,Bengaluru,Basavanagudi,2021-07-22
U01478,Patrick,Prasad,patrick.prasad1478@gmail.com,+910215262076,13.101865,77.608055,Bengaluru,Yelahanka,2021-10-21
U01479,Quincy,Desai,quincy.desai1479@hotmail.com,+917186972500,13.003986,77.689638,Bengaluru,KR Puram,2022-10-04
U01480,Rudra,Sur,rudra.sur1480@hotmail.com,+918794923151,13.113082,77.595085,Bengaluru,Yelahanka,2022-12-03
U01481,Qabil,Thakkar,qabil.thakkar1481@gmail.com,+918313571909,12.952088,77.76517,Bengaluru,Whitefield,2023-10-08
U01482,Imaran,Seshadri,imaran.seshadri1482@hotmail.com,+917658818837,12.885596,77.628652,Bengaluru,Bommanahalli,2021-08-15
U01483,Simon,Grewal,simon.grewal1483@hotmail.com,+912550758493,12.959796,77.571954,Bengaluru,Basavanagudi,2021-06-08
U01484,Sai,Bhargava,sai.bhargava1484@yahoo.com,+914083444340,12.961801,77.625823,Bengaluru,MG Road,2023-05-09
U01485,Qadim,Handa,qadim.handa1485@outlook.com,+910877175663,12.921712,77.58399,Bengaluru,JP Nagar,2021-06-23
U01486,Aashi,Rege,aashi.rege1486@yahoo.com,+911868320073,12.989834,77.538036,Bengaluru,Rajajinagar,2023-11-06
U01487,Ridhi,Chopra,ridhi.chopra1487@outlook.com,+917011269928,12.969324,77.634841,Bengaluru,Domlur,2022-04-23
U01488,Ojas,Buch,ojas.buch1488@outlook.com,+917619348776,12.974125,77.60661,Bengaluru,MG Road,2024-03-17
U01489,Chaaya,Chada,chaaya.chada1489@hotmail.com,+914531157182,12.96388,77.626467,Bengaluru,Indiranagar,2021-09-27
U01490,Krishna,Dash,krishna.dash1490@hotmail.com,+910684666565,12.967359,77.49184,Bengaluru,Nagarbhavi,2021-08-28
U01491,Aradhana,Bhatt,aradhana.bhatt1491@gmail.com,+913749736456,12.951907,77.630905,Bengaluru,Domlur,2021-05-08
U01492,Hema,Balan,hema.balan1492@gmail.com,+914987641557,12.942738,77.534545,Bengaluru,Banashankari,2021-11-28
U01493,Wahab,Sridhar,wahab.sridhar1493@yahoo.com,+919139683902,12.882871,77.582502,Bengaluru,Bannerghatta Road,2021-05-14
U01494,Vedhika,Chaudhuri,vedhika.chaudhuri1494@hotmail.com,+912071135033,12.849154,77.684843,Bengaluru,Sarjapur,2021-12-28
U01495,Aditya,Bhat,aditya.bhat1495@outlook.com,+919278367744,13.097357,77.605349,Bengaluru,Yelahanka,2022-08-13
U01496,Amaira,Amble,amaira.amble1496@outlook.com,+911955496847,12.914351,77.56327,Bengaluru,Banashankari,2023-07-14
U01497,Benjamin,Chatterjee,benjamin.chatterjee1497@gmail.com,+911281771716,12.925485,77.589929,Bengaluru,JP Nagar,2022-06-18
U01498,Siddharth,Vig,siddharth.vig1498@outlook.com,+914283963247,12.99004,77.61332,Bengaluru,Shivajinagar,2022-07-11
U01499,Abhimanyu,Prashad,abhimanyu.prashad1499@outlook.com,+914712007316,12.992908,77.63397,Bengaluru,Indiranagar,2022-10-22
U01500,Zinal,Lata,zinal.lata1500@yahoo.com,+912399776753,12.944434,77.622273,Bengaluru,Domlur,2022-07-07
U01501,Vedika,Solanki,vedika.solanki1501@yahoo.com,+911875990588,12.946649,77.586243,Bengaluru,Jayanagar,2024-03-28
U01502,Geetika,Sanghvi,geetika.sanghvi1502@outlook.com,+912464118803,12.85579,77.680016,Bengaluru,Electronic City,2023-11-17
U01503,Gayathri,Prabhakar,gayathri.prabhakar1503@gmail.com,+911693847381,12.863106,77.593866,Bengaluru,Bannerghatta Road,2023-05-16
U01504,Hemal,Murty,hemal.murty1504@hotmail.com,+917218508226,12.944581,77.620768,Bengaluru,Koramangala,2021-01-10
U01505,Wriddhish,Patel,wriddhish.patel1505@outlook.com,+916498590175,12.907988,77.631942,Bengaluru,HSR Layout,2022-08-01
U01506,Mohini,Radhakrishnan,mohini.radhakrishnan1506@gmail.com,+917550493578,12.91934,77.567404,Bengaluru,JP Nagar,2021-05-28
U01507,Dakshesh,Parekh,dakshesh.parekh1507@hotmail.com,+910153387928,12.962187,77.737347,Bengaluru,Whitefield,2023-09-22
U01508,Ganga,Chaudhry,ganga.chaudhry1508@gmail.com,+913811874007,12.971366,77.685463,Bengaluru,Marathahalli,2021-11-12
U01509,Aarush,Shan,aarush.shan1509@yahoo.com,+914323760356,12.915744,77.662562,Bengaluru,Bellandur,2024-01-04
U01510,Neelima,Dewan,neelima.dewan1510@outlook.com,+914722264728,12.942382,77.550142,Bengaluru,Banashankari,2021-10-26
U01511,Atharv,Das,atharv.das1511@yahoo.com,+916032227561,12.9642,77.687294,Bengaluru,Marathahalli,2021-11-21
U01512,Ati,Kothari,ati.kothari1512@outlook.com,+913441730981,12.931016,77.562067,Bengaluru,Banashankari,2023-12-17
U01513,Jyoti,Seth,jyoti.seth1513@yahoo.com,+912412963597,12.881943,77.604656,Bengaluru,Bannerghatta Road,2022-08-15
U01514,Vaishnavi,Varma,vaishnavi.varma1514@yahoo.com,+910939749800,12.990894,77.568159,Bengaluru,Malleshwaram,2021-11-02
U01515,Odika,Guha,odika.guha1515@hotmail.com,+918514554944,12.963943,77.609998,Bengaluru,MG Road,2023-06-18
U01516,Aarush,Nagy,aarush.nagy1516@hotmail.com,+917268323348,12.934094,77.662472,Bengaluru,Bellandur,2022-04-01
U01517,Anay,Parsa,anay.parsa1517@outlook.com,+913785139311,12.905901,77.616343,Bengaluru,BTM Layout,2023-07-06
U01518,Chakradev,Nanda,chakradev.nanda1518@hotmail.com,+915696757057,12.936476,77.560899,Bengaluru,Basavanagudi,2022-06-01
U01519,Sachi,Kaur,sachi.kaur1519@outlook.com,+918333356255,12.981359,77.749138,Bengaluru,Whitefield,2021-06-27
U01520,Vedhika,Ratta,vedhika.ratta1520@outlook.com,+910341137320,12.921606,77.618568,Bengaluru,Koramangala,2021-08-20
U01521,Finn,Pall,finn.pall1521@gmail.com,+917382260686,13.009861,77.681111,Bengaluru,KR Puram,2021-06-20
U01522,Priya,Soni,priya.soni1522@hotmail.com,+913070996488,12.975347,77.730508,Bengaluru,Brookefield,2023-05-13
U01523,Harish,Rajan,harish.rajan1523@hotmail.com,+916819299591,13.111386,77.611505,Bengaluru,Yelahanka,2022-10-03
U01524,Chaaya,Hayer,chaaya.hayer1524@outlook.com,+913835093275,12.928526,77.625533,Bengaluru,HSR Layout,2024-04-06
U01525,Luke,Venkatesh,luke.venkatesh1525@outlook.com,+916320130653,12.903226,77.617984,Bengaluru,BTM Layout,2023-10-23
U01526,Yamini,Balay,yamini.balay1526@hotmail.com,+911866411516,12.90478,77.613719,Bengaluru,BTM Layout,2021-05-25
U01527,Joshua,Tank,joshua.tank1527@outlook.com,+915923965978,12.85174,77.686908,Bengaluru,Electronic City,2023-04-26
U01528,Gagan,Mitra,gagan.mitra1528@gmail.com,+914703226008,12.928371,77.566477,Bengaluru,Jayanagar,2021-01-08
U01529,Unni,Ganguly,unni.ganguly1529@yahoo.com,+911349731053,12.871201,77.687729,Bengaluru,Sarjapur,2024-02-28
U01530,Sanaya,D’Alia,sanaya.d’alia1530@yahoo.com,+912904428236,12.961539,77.643933,Bengaluru,Domlur,2021-07-26
U01531,Vasatika,Zachariah,vasatika.zachariah1531@gmail.com,+912893821210,12.967329,77.759406,Bengaluru,Whitefield,2023-10-05
U01532,Wridesh,Kohli,wridesh.kohli1532@gmail.com,+910978497042,12.986607,77.759154,Bengaluru,Whitefield,2023-04-30
U01533,Siddharth,Garde,siddharth.garde1533@hotmail.com,+916310094531,12.879709,77.616654,Bengaluru,Bommanahalli,2023-04-11
U01534,Gaurav,Cherian,gaurav.cherian1534@outlook.com,+912365327147,12.983782,77.630139,Bengaluru,MG Road,2021-10-13
U01535,Radhika,Balakrishnan,radhika.balakrishnan1535@outlook.com,+917623327509,12.97829,77.510172,Bengaluru,Nagarbhavi,2021-01-27
U01536,Naveen,Narain,naveen.narain1536@outlook.com,+913174936016,12.996837,77.687611,Bengaluru,KR Puram,2023-11-20
U01537,Leela,Mand,leela.mand1537@hotmail.com,+910737225758,12.909305,77.639348,Bengaluru,HSR Layout,2022-04-03
U01538,Thomas,Kurian,thomas.kurian1538@gmail.com,+910138988102,12.926803,77.671903,Bengaluru,Bellandur,2023-06-29
U01539,Vamakshi,Dasgupta,vamakshi.dasgupta1539@yahoo.com,+913358623422,12.980367,77.5989,Bengaluru,Shivajinagar,2021-12-21
U01540,Laban,Warrior,laban.warrior1540@yahoo.com,+916410144230,12.970775,77.712109,Bengaluru,Marathahalli,2021-10-23
U01541,Vyanjana,Chana,vyanjana.chana1541@outlook.com,+917606125174,12.998817,77.563757,Bengaluru,Malleshwaram,2023-06-16
U01542,Gaurangi,Kapur,gaurangi.kapur1542@outlook.com,+919889390316,12.951965,77.68389,Bengaluru,Marathahalli,2022-04-26
U01543,Dhruv,Oza,dhruv.oza1543@gmail.com,+916874851176,12.972429,77.615732,Bengaluru,MG Road,2021-11-04
U01544,Krishna,Raj,krishna.raj1544@hotmail.com,+912476859766,13.021289,77.702185,Bengaluru,KR Puram,2021-08-23
U01545,Rajeshri,Kaul,rajeshri.kaul1545@hotmail.com,+919028277469,12.850153,77.67929,Bengaluru,Electronic City,2023-01-23
U01546,Udant,Lad,udant.lad1546@yahoo.com,+914576344782,12.963299,77.512749,Bengaluru,Nagarbhavi,2022-11-12
U01547,Jack,Mannan,jack.mannan1547@hotmail.com,+913528137242,12.962121,77.629697,Bengaluru,Indiranagar,2023-11-14
U01548,Gagan,Choudhury,gagan.choudhury1548@outlook.com,+915217057267,12.954965,77.497358,Bengaluru,Nagarbhavi,2022-04-11
U01549,Gaurav,Oak,gaurav.oak1549@gmail.com,+912030433077,13.038404,77.585944,Bengaluru,Hebbal,2021-04-08
U01550,Raghav,D’Alia,raghav.d’alia1550@gmail.com,+911532388409,12.999039,77.609002,Bengaluru,Shivajinagar,2021-09-24
U01551,Jhalak,Datta,jhalak.datta1551@hotmail.com,+917181063198,12.969798,77.613887,Bengaluru,MG Road,2021-11-27
U01552,Dhriti,Rai,dhriti.rai1552@gmail.com,+916764629065,12.995356,77.57655,Bengaluru,Malleshwaram,2023-06-04
U01553,Aarav,Mukhopadhyay,aarav.mukhopadhyay1553@hotmail.com,+914737042141,12.907965,77.623974,Bengaluru,HSR Layout,2022-10-16
U01554,David,Wason,david.wason1554@hotmail.com,+917000985450,12.9903,77.569677,Bengaluru,Malleshwaram,2023-12-19
U01555,Ranveer,Rama,ranveer.rama1555@outlook.com,+916338123543,13.105436,77.585685,Bengaluru,Yelahanka,2023-08-31
U01556,Pallavi,Nagarajan,pallavi.nagarajan1556@hotmail.com,+910376020707,12.94781,77.696581,Bengaluru,Brookefield,2021-11-13
U01557,Janya,Date,janya.date1557@hotmail.com,+910316976079,12.958014,77.711814,Bengaluru,Marathahalli,2024-01-05
U01558,Zinal,Kapadia,zinal.kapadia1558@hotmail.com,+910559319949,12.926868,77.620341,Bengaluru,Koramangala,2021-02-14
U01559,Hredhaan,Rana,hredhaan.rana1559@gmail.com,+911590287982,12.933849,77.601759,Bengaluru,BTM Layout,2023-03-08
U01560,Aditya,Yohannan,aditya.yohannan1560@outlook.com,+915741945089,13.106115,77.583318,Bengaluru,Yelahanka,2022-11-20
U01561,Triveni,Mutti,triveni.mutti1561@hotmail.com,+914091616931,12.976019,77.623701,Bengaluru,Indiranagar,2022-04-23
U01562,Maanav,Minhas,maanav.minhas1562@yahoo.com,+913452804332,12.974542,77.710574,Bengaluru,Marathahalli,2023-02-13
U01563,Theodore,Tata,theodore.tata1563@outlook.com,+918164946152,12.88075,77.586879,Bengaluru,Bannerghatta Road,2023-02-06
U01564,Tamanna,Din,tamanna.din1564@outlook.com,+915674079491,12.958256,77.714757,Bengaluru,Brookefield,2021-08-12
U01565,Bhanumati,Dhingra,bhanumati.dhingra1565@gmail.com,+910812570602,13.041338,77.610866,Bengaluru,Hebbal,2023-05-18
U01566,Bakhshi,Nagarajan,bakhshi.nagarajan1566@yahoo.com,+918971470675,12.9007,77.626885,Bengaluru,Bommanahalli,2022-06-28
U01567,Dayamai,Thakkar,dayamai.thakkar1567@gmail.com,+912197976470,12.971732,77.613556,Bengaluru,MG Road,2021-02-08
U01568,Jatin,Mahal,jatin.mahal1568@gmail.com,+916561246625,12.95127,77.714944,Bengaluru,Brookefield,2021-06-18
U01569,Vanya,Kale,vanya.kale1569@yahoo.com,+911628026142,13.118413,77.590786,Bengaluru,Yelahanka,2023-02-01
U01570,Warda,Manne,warda.manne1570@outlook.com,+914697851368,12.942069,77.598964,Bengaluru,Jayanagar,2023-10-20
U01571,Krisha,Bhargava,krisha.bhargava1571@gmail.com,+914635800272,12.915453,77.653283,Bengaluru,HSR Layout,2022-07-18
U01572,Gauri,Dua,gauri.dua1572@gmail.com,+912129058884,12.960968,77.605365,Bengaluru,MG Road,2021-08-05
U01573,Shivansh,Kar,shivansh.kar1573@hotmail.com,+916313494607,12.914606,77.627955,Bengaluru,HSR Layout,2021-12-11
U01574,Charles,Gola,charles.gola1574@outlook.com,+911938522293,12.845882,77.68699,Bengaluru,Sarjapur,2021-09-20
U01575,Vinaya,Ramanathan,vinaya.ramanathan1575@yahoo.com,+911154797049,12.986057,77.7431,Bengaluru,Whitefield,2022-04-06
U01576,Chandani,Dutta,chandani.dutta1576@yahoo.com,+912060539543,12.875938,77.598174,Bengaluru,Bannerghatta Road,2021-06-10
U01577,Anthony,Ramanathan,anthony.ramanathan1577@outlook.com,+911299387884,12.978813,77.519564,Bengaluru,Nagarbhavi,2022-12-12
U01578,Geetika,Sami,geetika.sami1578@gmail.com,+918764273009,12.901361,77.607875,Bengaluru,BTM Layout,2022-06-23
U01579,Urvashi,Pall,urvashi.pall1579@hotmail.com,+916983292401,12.891678,77.592307,Bengaluru,JP Nagar,2021-05-05
U01580,Mahika,Raman,mahika.raman1580@gmail.com,+916807328197,12.965387,77.762239,Bengaluru,Whitefield,2021-06-29
U01581,Ekbal,Wable,ekbal.wable1581@gmail.com,+917218890665,13.007632,77.572784,Bengaluru,Malleshwaram,2023-07-21
U01582,Barkha,Mandal,barkha.mandal1582@outlook.com,+913400267161,12.942112,77.706932,Bengaluru,Brookefield,2023-01-29
U01583,Robert,Ramesh,robert.ramesh1583@outlook.com,+919954316118,13.022653,77.595465,Bengaluru,Hebbal,2022-04-25
U01584,Gunbir,Deep,gunbir.deep1584@outlook.com,+911859293004,13.103758,77.582294,Bengaluru,Yelahanka,2021-12-19
U01585,Ekiya,Bhagat,ekiya.bhagat1585@yahoo.com,+914689761661,13.021029,77.698325,Bengaluru,KR Puram,2024-04-06
U01586,Daksha,Shankar,daksha.shankar1586@gmail.com,+910920737866,12.971078,77.748581,Bengaluru,Whitefield,2021-07-11
U01587,Nihal,Devan,nihal.devan1587@hotmail.com,+919557290341,12.985125,77.570381,Bengaluru,Rajajinagar,2021-08-25
U01588,Riya,Subramanian,riya.subramanian1588@outlook.com,+917673727259,12.948368,77.709957,Bengaluru,Brookefield,2021-05-28
U01589,Bishakha,Dhillon,bishakha.dhillon1589@outlook.com,+911215100999,12.879523,77.634826,Bengaluru,Bommanahalli,2022-03-25
U01590,Shaurya,Kamdar,shaurya.kamdar1590@yahoo.com,+918613110358,12.958088,77.762913,Bengaluru,Whitefield,2022-07-14
U01591,Rohan,Andra,rohan.andra1591@gmail.com,+919120459387,12.933565,77.63774,Bengaluru,Koramangala,2021-04-27
U01592,Janaki,Chaudry,janaki.chaudry1592@hotmail.com,+918453546819,12.970559,77.634536,Bengaluru,MG Road,2022-04-08
U01593,Manbir,Puri,manbir.puri1593@gmail.com,+913736375708,13.096334,77.608077,Bengaluru,Yelahanka,2021-01-19
U01594,Prisha,Ganguly,prisha.ganguly1594@gmail.com,+917833682614,12.905524,77.645914,Bengaluru,HSR Layout,2023-07-22
U01595,Daksh,Char,daksh.char1595@outlook.com,+915753100266,12.908661,77.611803,Bengaluru,Bommanahalli,2022-12-29
U01596,Ishani,Som,ishani.som1596@yahoo.com,+915714891255,12.964827,77.636664,Bengaluru,Domlur,2023-08-30
U01597,Praneel,Ben,praneel.ben1597@outlook.com,+919794474015,12.935112,77.590255,Bengaluru,Jayanagar,2022-02-20
U01598,Jacob,Varma,jacob.varma1598@hotmail.com,+914927254528,12.966179,77.650182,Bengaluru,Domlur,2023-12-14
U01599,Hamsini,Saraf,hamsini.saraf1599@yahoo.com,+910230891229,12.92883,77.618158,Bengaluru,BTM Layout,2022-07-16
U01600,Manthan,Raval,manthan.raval1600@outlook.com,+911023941429,12.828904,77.674841,Bengaluru,Electronic City,2021-03-16
U01601,Yash,Bandi,yash.bandi1601@gmail.com,+917749192832,12.962622,77.643265,Bengaluru,Indiranagar,2021-09-06
U01602,Jagat,Khosla,jagat.khosla1602@gmail.com,+919670249116,12.842285,77.688455,Bengaluru,Electronic City,2021-01-13
U01603,Mekhala,Suresh,mekhala.suresh1603@outlook.com,+918776297467,12.999863,77.591037,Bengaluru,Shivajinagar,2023-07-26
U01604,Chasmum,Gera,chasmum.gera1604@hotmail.com,+911782192790,12.965123,77.601771,Bengaluru,MG Road,2021-10-28
U01605,Keya,Chakraborty,keya.chakraborty1605@outlook.com,+914287345763,12.907434,77.615458,Bengaluru,Bommanahalli,2023-03-17
U01606,Ubika,Raja,ubika.raja1606@hotmail.com,+911113549258,13.022299,77.694965,Bengaluru,KR Puram,2022-01-31
U01607,Anvi,Saxena,anvi.saxena1607@outlook.com,+913132815613,12.941512,77.56831,Bengaluru,Basavanagudi,2022-10-02
U01608,Jhalak,Apte,jhalak.apte1608@yahoo.com,+919046084674,13.100503,77.586194,Bengaluru,Yelahanka,2021-10-25
U01609,Jagdish,Dada,jagdish.dada1609@gmail.com,+918799971790,12.977327,77.63316,Bengaluru,Indiranagar,2021-08-11
U01610,Fitan,Dara,fitan.dara1610@outlook.com,+917711527507,12.971651,77.64075,Bengaluru,Domlur,2021-11-24
U01611,Vrinda,Upadhyay,vrinda.upadhyay1611@hotmail.com,+913204063223,12.966484,77.70226,Bengaluru,Brookefield,2021-06-19
U01612,Umang,Bajaj,umang.bajaj1612@gmail.com,+917991113073,12.930788,77.575031,Bengaluru,Basavanagudi,2024-04-05
U01613,Varsha,Mahal,varsha.mahal1613@hotmail.com,+911979697816,13.096451,77.607031,Bengaluru,Yelahanka,2023-07-27
U01614,Girindra,Golla,girindra.golla1614@outlook.com,+916826597007,12.904242,77.582828,Bengaluru,JP Nagar,2021-05-12
U01615,Leena,Sule,leena.sule1615@gmail.com,+917121519709,12.932148,77.627723,Bengaluru,BTM Layout,2021-10-10
U01616,Radha,Misra,radha.misra1616@gmail.com,+917349928426,12.951765,77.573313,Bengaluru,Basavanagudi,2023-05-29
U01617,Jeremiah,Chaudhary,jeremiah.chaudhary1617@hotmail.com,+914054851206,12.926305,77.555258,Bengaluru,Banashankari,2023-10-22
U01618,Eshana,Bhatt,eshana.bhatt1618@hotmail.com,+917014498771,12.956359,77.745492,Bengaluru,Whitefield,2022-05-25
U01619,Qasim,Ravi,qasim.ravi1619@yahoo.com,+918125983399,12.903358,77.619849,Bengaluru,Bommanahalli,2023-10-06
U01620,Anmol,Ramesh,anmol.ramesh1620@yahoo.com,+918642151126,12.91487,77.652848,Bengaluru,HSR Layout,2023-05-10
U01621,Vrinda,Bhatt,vrinda.bhatt1621@gmail.com,+918277565399,12.929404,77.642058,Bengaluru,HSR Layout,2021-10-04
U01622,Zilmil,Yohannan,zilmil.yohannan1622@hotmail.com,+913264266773,12.968202,77.655855,Bengaluru,Domlur,2023-08-15
U01623,Jeet,Johal,jeet.johal1623@yahoo.com,+912794340716,12.920331,77.639779,Bengaluru,Koramangala,2022-11-28
U01624,Jacob,Golla,jacob.golla1624@hotmail.com,+917848605641,12.940426,77.583269,Bengaluru,Jayanagar,2022-06-16
U01625,Pranit,Ahluwalia,pranit.ahluwalia1625@hotmail.com,+910297294513,12.943966,77.68024,Bengaluru,Marathahalli,2023-03-17
U01626,Sanya,Murthy,sanya.murthy1626@gmail.com,+914806810659,12.86617,77.592384,Bengaluru,Bannerghatta Road,2021-06-05
U01627,Jason,Baral,jason.baral1627@yahoo.com,+913262375054,12.86652,77.577646,Bengaluru,Bannerghatta Road,2023-03-29
U01628,Kabir,Jhaveri,kabir.jhaveri1628@hotmail.com,+912784624068,12.904145,77.598754,Bengaluru,BTM Layout,2021-01-21
U01629,Neel,Chahal,neel.chahal1629@outlook.com,+918702307105,12.932853,77.621404,Bengaluru,BTM Layout,2023-01-01
U01630,Aahana,Banerjee,aahana.banerjee1630@hotmail.com,+914158679524,12.935607,77.583476,Bengaluru,Basavanagudi,2023-07-11
U01631,Frado,Dash,frado.dash1631@outlook.com,+915507576449,12.854214,77.596927,Bengaluru,Bannerghatta Road,2021-07-23
U01632,Yashawini,Misra,yashawini.misra1632@yahoo.com,+914819642404,12.947139,77.587958,Bengaluru,Basavanagudi,2021-07-16
U01633,Januja,Garg,januja.garg1633@outlook.com,+919160022265,12.96034,77.50017,Bengaluru,Nagarbhavi,2021-06-12
U01634,Pallavi,Acharya,pallavi.acharya1634@yahoo.com,+916243417814,12.893691,77.632452,Bengaluru,Bommanahalli,2023-05-11
U01635,Yuvraj,Mital,yuvraj.mital1635@hotmail.com,+918614692119,12.867784,77.670129,Bengaluru,Sarjapur,2023-01-09
U01636,Chakradhar,Venkataraman,chakradhar.venkataraman1636@hotmail.com,+917412287670,12.970555,77.693133,Bengaluru,Marathahalli,2023-01-13
U01637,Chaaya,Walla,chaaya.walla1637@hotmail.com,+918694139040,12.996024,77.687599,Bengaluru,KR Puram,2021-05-26
U01638,Sai,Dey,sai.dey1638@yahoo.com,+913557142709,12.944782,77.653675,Bengaluru,Domlur,2023-12-03
U01639,Vritti,Munshi,vritti.munshi1639@yahoo.com,+912595353241,12.931863,77.613541,Bengaluru,BTM Layout,2021-05-11
U01640,Indira,Yohannan,indira.yohannan1640@yahoo.com,+916856609028,12.920875,77.580122,Bengaluru,JP Nagar,2021-04-03
U01641,Yashvi,Kadakia,yashvi.kadakia1641@gmail.com,+911201502615,12.954824,77.631635,Bengaluru,Domlur,2021-06-07
U01642,Hardik,Basu,hardik.basu1642@yahoo.com,+917141045288,13.016513,77.558854,Bengaluru,Malleshwaram,2023-08-08
U01643,Warjas,Bansal,warjas.bansal1643@gmail.com,+914952605185,12.922226,77.55512,Bengaluru,Banashankari,2021-02-21
U01644,Raghav,Dhar,raghav.dhar1644@gmail.com,+917281122314,12.848313,77.672842,Bengaluru,Electronic City,2022-02-18
U01645,Chandani,Kale,chandani.kale1645@yahoo.com,+916802955485,12.927809,77.672017,Bengaluru,Bellandur,2023-05-01
U01646,Krish,Kalita,krish.kalita1646@hotmail.com,+912657005628,12.988937,77.50729,Bengaluru,Nagarbhavi,2022-11-06
U01647,Jagrati,Mall,jagrati.mall1647@yahoo.com,+919081160962,12.888929,77.631937,Bengaluru,Bommanahalli,2021-10-27
U01648,Kabir,Sami,kabir.sami1648@outlook.com,+911361510037,12.982281,77.622054,Bengaluru,MG Road,2023-06-08
U01649,Falan,Kumer,falan.kumer1649@yahoo.com,+912096986007,12.930294,77.688027,Bengaluru,Bellandur,2021-09-12
U01650,Abha,Raj,abha.raj1650@gmail.com,+915562394764,13.048185,77.590805,Bengaluru,Hebbal,2023-01-12
U01651,Nihal,Ratta,nihal.ratta1651@gmail.com,+915785909519,13.113009,77.603642,Bengaluru,Yelahanka,2022-08-01
U01652,Tanmayi,Chacko,tanmayi.chacko1652@outlook.com,+915603266251,12.873228,77.607939,Bengaluru,Bannerghatta Road,2021-05-06
U01653,Aachal,Sandal,aachal.sandal1653@yahoo.com,+918703302467,12.968782,77.635912,Bengaluru,Indiranagar,2021-02-21
U01654,Luke,Wason,luke.wason1654@hotmail.com,+918706410809,12.922681,77.551275,Bengaluru,Banashankari,2024-02-08
U01655,Samar,Bobal,samar.bobal1655@yahoo.com,+919672248551,13.021121,77.676776,Bengaluru,KR Puram,2024-02-28
U01656,Amruta,Hans,amruta.hans1656@yahoo.com,+913491710035,13.002591,77.554128,Bengaluru,Rajajinagar,2022-06-13
U01657,Kashish,Vaidya,kashish.vaidya1657@yahoo.com,+914943747506,12.942328,77.530268,Bengaluru,Banashankari,2022-03-26
U01658,Nihal,Saini,nihal.saini1658@outlook.com,+919928636934,12.913081,77.612206,Bengaluru,BTM Layout,2022-03-04
U01659,Mitesh,Mutti,mitesh.mutti1659@outlook.com,+915641650643,12.98988,77.678798,Bengaluru,KR Puram,2021-10-08
U01660,Radha,Raghavan,radha.raghavan1660@outlook.com,+910696514826,12.886688,77.635471,Bengaluru,Bommanahalli,2022-08-28
U01661,Atharv,Kota,atharv.kota1661@hotmail.com,+919300922411,12.949252,77.625785,Bengaluru,Domlur,2022-05-20
U01662,Faras,Madan,faras.madan1662@yahoo.com,+917317421152,12.924653,77.542035,Bengaluru,Banashankari,2023-05-29
U01663,Jeet,Wali,jeet.wali1663@yahoo.com,+919360997073,12.979377,77.760428,Bengaluru,Whitefield,2023-06-07
U01664,Imaran,Ray,imaran.ray1664@yahoo.com,+910398688635,12.979923,77.614802,Bengaluru,MG Road,2021-07-11
U01665,Dominic,Narayan,dominic.narayan1665@gmail.com,+915674537709,12.968218,77.606765,Bengaluru,MG Road,2023-08-26
U01666,Gaurav,Patil,gaurav.patil1666@outlook.com,+913851603121,12.933729,77.562403,Bengaluru,Basavanagudi,2023-04-28
U01667,Gauri,Mahajan,gauri.mahajan1667@outlook.com,+913814540327,12.975589,77.489923,Bengaluru,Nagarbhavi,2021-09-29
U01668,Madhav,Kara,madhav.kara1668@hotmail.com,+912255922719,12.888286,77.613234,Bengaluru,Bommanahalli,2022-05-30
U01669,Anusha,Anne,anusha.anne1669@outlook.com,+911148629783,12.924895,77.56554,Bengaluru,JP Nagar,2022-07-17
U01670,Guneet,Purohit,guneet.purohit1670@outlook.com,+918129166040,12.935753,77.59772,Bengaluru,Jayanagar,2022-01-30
U01671,Tristan,Radhakrishnan,tristan.radhakrishnan1671@gmail.com,+918936870172,12.909756,77.629898,Bengaluru,Bommanahalli,2024-04-01
U01672,Henry,Dasgupta,henry.dasgupta1672@outlook.com,+914400054312,12.927831,77.645886,Bengaluru,HSR Layout,2023-08-13
U01673,Parth,Vyas,parth.vyas1673@outlook.com,+912327244503,12.918681,77.595541,Bengaluru,Jayanagar,2024-04-09
U01674,Damini,Suri,damini.suri1674@hotmail.com,+914995232537,12.864208,77.676117,Bengaluru,Sarjapur,2023-05-20
U01675,Girish,Wadhwa,girish.wadhwa1675@yahoo.com,+917164843514,12.930842,77.556722,Bengaluru,Banashankari,2023-04-23
U01676,Ikshita,Manda,ikshita.manda1676@hotmail.com,+916055385558,13.017889,77.575838,Bengaluru,Malleshwaram,2021-10-03
U01677,Anika,Chaudhary,anika.chaudhary1677@gmail.com,+919034774499,12.855573,77.689175,Bengaluru,Sarjapur,2023-12-21
U01678,Chanakya,Garde,chanakya.garde1678@outlook.com,+919111308321,13.013382,77.584586,Bengaluru,Malleshwaram,2022-03-10
U01679,Eesha,Ramachandran,eesha.ramachandran1679@hotmail.com,+917625197310,12.893569,77.59526,Bengaluru,JP Nagar,2021-07-27
U01680,Pratyush,Pai,pratyush.pai1680@yahoo.com,+911265281007,12.941367,77.589641,Bengaluru,Jayanagar,2022-03-24
U01681,Neha,Sood,neha.sood1681@hotmail.com,+910548404380,12.850758,77.686302,Bengaluru,Electronic City,2021-06-04
U01682,Joshua,Lad,joshua.lad1682@hotmail.com,+918153936223,12.979904,77.636499,Bengaluru,Indiranagar,2022-11-09
U01683,Aditya,Varghese,aditya.varghese1683@yahoo.com,+914695494659,12.961972,77.509122,Bengaluru,Nagarbhavi,2023-02-28
U01684,Nachiket,Date,nachiket.date1684@outlook.com,+917325791629,12.913344,77.576621,Bengaluru,Jayanagar,2021-04-16
U01685,Luke,Radhakrishnan,luke.radhakrishnan1685@hotmail.com,+916925232099,12.98905,77.693813,Bengaluru,KR Puram,2021-12-06
U01686,Amara,Bera,amara.bera1686@yahoo.com,+910701200840,12.954673,77.700169,Bengaluru,Brookefield,2022-11-28
U01687,Kamala,Krish,kamala.krish1687@yahoo.com,+912724859931,12.920752,77.561475,Bengaluru,Banashankari,2021-09-24
U01688,Omya,Shankar,omya.shankar1688@hotmail.com,+917340538676,12.926105,77.540837,Bengaluru,Banashankari,2023-11-01
U01689,Qadim,Sarna,qadim.sarna1689@yahoo.com,+913796728036,13.034202,77.579439,Bengaluru,Hebbal,2023-09-12
U01690,Irya,Sidhu,irya.sidhu1690@outlook.com,+915012357822,13.049512,77.604532,Bengaluru,Hebbal,2023-04-08
U01691,Yadavi,Mangat,yadavi.mangat1691@hotmail.com,+918340626295,12.921634,77.601885,Bengaluru,BTM Layout,2021-03-16
U01692,Anya,Sangha,anya.sangha1692@gmail.com,+918777459941,12.995337,77.687748,Bengaluru,KR Puram,2022-07-10
U01693,Veer,Mody,veer.mody1693@gmail.com,+919880932079,12.862705,77.682247,Bengaluru,Sarjapur,2024-01-15
U01694,Gagan,Mody,gagan.mody1694@gmail.com,+915525391255,12.934865,77.582885,Bengaluru,Basavanagudi,2023-09-02
U01695,Niharika,Munshi,niharika.munshi1695@gmail.com,+910897376027,12.945762,77.566815,Bengaluru,Jayanagar,2022-01-30
U01696,Gautam,Buch,gautam.buch1696@yahoo.com,+911583630392,12.860463,77.702936,Bengaluru,Sarjapur,2021-09-30
U01697,Faraj,Khatri,faraj.khatri1697@hotmail.com,+914360489883,12.873075,77.687492,Bengaluru,Sarjapur,2023-08-12
U01698,Girik,Gandhi,girik.gandhi1698@gmail.com,+915060947188,12.955218,77.705887,Bengaluru,Marathahalli,2023-06-18
U01699,Dakshesh,Chad,dakshesh.chad1699@outlook.com,+913191429673,12.843858,77.69267,Bengaluru,Sarjapur,2021-05-28
U01700,Bhavika,Tailor,bhavika.tailor1700@hotmail.com,+918646107812,12.953862,77.496104,Bengaluru,Nagarbhavi,2022-02-23
U01701,Advaith,Samra,advaith.samra1701@gmail.com,+916558988239,13.034248,77.600648,Bengaluru,Hebbal,2023-08-23
U01702,Yashoda,Deshpande,yashoda.deshpande1702@gmail.com,+919141856233,12.908335,77.62612,Bengaluru,HSR Layout,2022-08-25
U01703,Varsha,Tank,varsha.tank1703@yahoo.com,+916729003724,12.917748,77.624469,Bengaluru,BTM Layout,2021-08-14
U01704,Yutika,Walia,yutika.walia1704@outlook.com,+919513074552,12.957788,77.697026,Bengaluru,Brookefield,2021-09-01
U01705,Jeet,Ravi,jeet.ravi1705@outlook.com,+910570839226,12.958844,77.601989,Bengaluru,MG Road,2021-12-13
U01706,Akshay,Gupta,akshay.gupta1706@yahoo.com,+917837164294,12.969809,77.679479,Bengaluru,Marathahalli,2021-04-21
U01707,Abhimanyu,Sandal,abhimanyu.sandal1707@outlook.com,+919812331603,12.979589,77.490636,Bengaluru,Nagarbhavi,2023-09-28
U01708,Hemani,Konda,hemani.konda1708@yahoo.com,+916311402153,12.979817,77.644837,Bengaluru,Indiranagar,2023-02-01
U01709,Brijesh,Sen,brijesh.sen1709@outlook.com,+912761778128,12.99616,77.651819,Bengaluru,Indiranagar,2021-04-24
U01710,Om,Viswanathan,om.viswanathan1710@outlook.com,+914223177816,12.977796,77.587755,Bengaluru,Shivajinagar,2023-02-04
U01711,Umang,Gill,umang.gill1711@yahoo.com,+916565707621,12.918582,77.591437,Bengaluru,JP Nagar,2023-09-01
U01712,Falan,Peri,falan.peri1712@yahoo.com,+910214210611,12.887662,77.605245,Bengaluru,Bommanahalli,2022-10-04
U01713,Kiaan,Varkey,kiaan.varkey1713@hotmail.com,+915582009412,12.939221,77.69272,Bengaluru,Bellandur,2022-08-03
U01714,Ira,Behl,ira.behl1714@gmail.com,+916537092387,12.916828,77.66188,Bengaluru,Bellandur,2022-09-22
U01715,Pahal,Tandon,pahal.tandon1715@yahoo.com,+912367709895,12.986757,77.631292,Bengaluru,MG Road,2022-04-02
U01716,Ladli,Garde,ladli.garde1716@outlook.com,+917013588121,12.929811,77.627595,Bengaluru,BTM Layout,2021-05-16
U01717,Kashvi,Chowdhury,kashvi.chowdhury1717@outlook.com,+914899308713,12.998569,77.57706,Bengaluru,Malleshwaram,2021-10-03
U01718,Hamsini,Krish,hamsini.krish1718@gmail.com,+911121261090,12.944542,77.621053,Bengaluru,Koramangala,2022-09-25
U01719,Jacob,Mannan,jacob.mannan1719@yahoo.com,+916746977803,13.107332,77.580047,Bengaluru,Yelahanka,2024-03-16
U01720,Chandani,Subramanian,chandani.subramanian1720@hotmail.com,+919348355749,12.84247,77.665998,Bengaluru,Electronic City,2022-04-22
U01721,Chaaya,Lanka,chaaya.lanka1721@hotmail.com,+917715564896,12.936706,77.622334,Bengaluru,Koramangala,2021-06-20
U01722,Tanay,Agate,tanay.agate1722@outlook.com,+919631815899,12.916185,77.662838,Bengaluru,Bellandur,2023-03-15
U01723,Meera,Kalla,meera.kalla1723@yahoo.com,+913430926204,13.08257,77.600495,Bengaluru,Yelahanka,2023-03-06
U01724,Dalaja,Varma,dalaja.varma1724@outlook.com,+911738101897,12.84826,77.669319,Bengaluru,Sarjapur,2021-10-25
U01725,Balendra,Sheth,balendra.sheth1725@yahoo.com,+917152589996,12.967809,77.704397,Bengaluru,Marathahalli,2022-08-07
U01726,Vinaya,Bhandari,vinaya.bhandari1726@gmail.com,+911697281885,12.970421,77.516774,Bengaluru,Nagarbhavi,2022-01-24
U01727,Ishani,Ahuja,ishani.ahuja1727@hotmail.com,+914319085734,12.971243,77.703914,Bengaluru,Brookefield,2022-05-11
U01728,Triveni,Narasimhan,triveni.narasimhan1728@hotmail.com,+915897015422,12.946873,77.591177,Bengaluru,Basavanagudi,2023-08-03
U01729,Chanchal,Pandya,chanchal.pandya1729@outlook.com,+917720053688,13.009616,77.677924,Bengaluru,KR Puram,2023-02-06
U01730,Hredhaan,Ahluwalia,hredhaan.ahluwalia1730@hotmail.com,+913538201877,12.881395,77.579479,Bengaluru,Bannerghatta Road,2022-07-14
U01731,Inaya,Grewal,inaya.grewal1731@outlook.com,+911153091270,13.098766,77.581149,Bengaluru,Yelahanka,2022-06-01
U01732,Neelima,Pant,neelima.pant1732@yahoo.com,+916272447099,13.024761,77.592885,Bengaluru,Hebbal,2021-04-16
U01733,Aditya,Chaudhuri,aditya.chaudhuri1733@outlook.com,+917162392526,12.987546,77.503941,Bengaluru,Nagarbhavi,2021-01-28
U01734,Raagini,Swamy,raagini.swamy1734@outlook.com,+915768112005,12.999502,77.705569,Bengaluru,KR Puram,2023-06-29
U01735,Rudra,Chad,rudra.chad1735@outlook.com,+910407439387,13.112731,77.60301,Bengaluru,Yelahanka,2022-05-15
U01736,Yoshita,Dube,yoshita.dube1736@gmail.com,+915933592423,12.921709,77.581378,Bengaluru,JP Nagar,2023-09-01
U01737,Nirja,Dasgupta,nirja.dasgupta1737@yahoo.com,+912890171063,12.953688,77.640649,Bengaluru,Domlur,2022-05-21
U01738,Vinaya,Amble,vinaya.amble1738@gmail.com,+916893839543,12.926503,77.531524,Bengaluru,Banashankari,2024-01-23
U01739,Nachiket,Krishna,nachiket.krishna1739@hotmail.com,+912840384058,12.930288,77.691286,Bengaluru,Bellandur,2021-06-09
U01740,Upkaar,Singhal,upkaar.singhal1740@gmail.com,+913187323351,12.860101,77.668835,Bengaluru,Sarjapur,2024-03-08
U01741,Megha,Prasad,megha.prasad1741@hotmail.com,+913344059389,13.001794,77.584867,Bengaluru,Shivajinagar,2021-10-15
U01742,Chandani,Patla,chandani.patla1742@yahoo.com,+918733580582,12.951342,77.655509,Bengaluru,Domlur,2023-07-02
U01743,Priya,Gopal,priya.gopal1743@outlook.com,+918148805951,12.980244,77.630818,Bengaluru,MG Road,2024-03-10
U01744,Amruta,Chopra,amruta.chopra1744@hotmail.com,+912273006364,12.997419,77.567273,Bengaluru,Malleshwaram,2022-09-09
U01745,Reva,Sarna,reva.sarna1745@hotmail.com,+914280489192,13.019174,77.607971,Bengaluru,Hebbal,2021-05-03
U01746,Neel,Dey,neel.dey1746@hotmail.com,+913377993804,12.968095,77.62436,Bengaluru,MG Road,2023-05-15
U01747,Irya,Saraf,irya.saraf1747@yahoo.com,+913760491917,12.969442,77.488467,Bengaluru,Nagarbhavi,2021-01-19
U01748,Abdul,Parmer,abdul.parmer1748@outlook.com,+919731080271,12.977942,77.602468,Bengaluru,MG Road,2023-07-22
U01749,Rushil,Choudhry,rushil.choudhry1749@yahoo.com,+915784190322,12.975346,77.685381,Bengaluru,Marathahalli,2022-10-13
U01750,Ranveer,Mane,ranveer.mane1750@hotmail.com,+918660709419,12.915469,77.573736,Bengaluru,Jayanagar,2021-05-20
U01751,Banjeet,Deol,banjeet.deol1751@outlook.com,+916858453698,13.007627,77.555853,Bengaluru,Rajajinagar,2021-07-01
U01752,Megha,Sama,megha.sama1752@outlook.com,+914053474923,12.989665,77.677896,Bengaluru,KR Puram,2022-02-13
U01753,Garima,Balay,garima.balay1753@gmail.com,+919934565139,12.985139,77.625176,Bengaluru,Indiranagar,2023-08-23
U01754,Naveen,Issac,naveen.issac1754@yahoo.com,+917453396259,12.98795,77.693397,Bengaluru,KR Puram,2023-03-07
U01755,Varenya,Lata,varenya.lata1755@gmail.com,+917152273722,12.989142,77.598866,Bengaluru,Shivajinagar,2022-01-09
U01756,Jagat,Sama,jagat.sama1756@hotmail.com,+917168138358,13.089685,77.60573,Bengaluru,Yelahanka,2021-08-17
U01757,Vrinda,Tandon,vrinda.tandon1757@gmail.com,+912450357835,12.980113,77.750148,Bengaluru,Whitefield,2023-01-06
U01758,Joshua,Nair,joshua.nair1758@yahoo.com,+917961444005,12.828306,77.686027,Bengaluru,Electronic City,2022-11-24
U01759,Mugdha,Thaker,mugdha.thaker1759@outlook.com,+911522791107,13.038835,77.596555,Bengaluru,Hebbal,2022-03-28
U01760,Lopa,Deep,lopa.deep1760@gmail.com,+915302006865,12.837554,77.671276,Bengaluru,Electronic City,2023-04-12
U01761,Imaran,Chokshi,imaran.chokshi1761@outlook.com,+910422470428,12.945957,77.700533,Bengaluru,Brookefield,2021-10-06
U01762,Ansh,Date,ansh.date1762@gmail.com,+916724508932,12.839939,77.670383,Bengaluru,Electronic City,2022-02-16
U01763,Nachiket,Padmanabhan,nachiket.padmanabhan1763@outlook.com,+917521932694,12.855323,77.578392,Bengaluru,Bannerghatta Road,2024-02-01
U01764,Xiti,Arya,xiti.arya1764@gmail.com,+912912097658,12.931508,77.668431,Bengaluru,Bellandur,2021-02-10
U01765,Warjas,Ben,warjas.ben1765@hotmail.com,+916208927997,12.921292,77.609846,Bengaluru,BTM Layout,2023-12-04
U01766,Hema,Sanghvi,hema.sanghvi1766@yahoo.com,+914807426890,12.96451,77.621727,Bengaluru,MG Road,2024-03-13
U01767,Abhiram,Saraf,abhiram.saraf1767@hotmail.com,+915475031681,12.967905,77.734096,Bengaluru,Whitefield,2023-09-06
U01768,Varsha,Mann,varsha.mann1768@outlook.com,+919680120039,13.001578,77.565087,Bengaluru,Malleshwaram,2021-01-29
U01769,Baghyawati,Sunder,baghyawati.sunder1769@gmail.com,+910476595440,12.951822,77.625583,Bengaluru,Koramangala,2023-08-02
U01770,Fitan,Sanghvi,fitan.sanghvi1770@gmail.com,+917219304180,12.962352,77.638723,Bengaluru,Domlur,2022-02-08
U01771,Yug,Dua,yug.dua1771@hotmail.com,+914620873843,12.866917,77.688671,Bengaluru,Sarjapur,2021-02-05
U01772,Yasti,Grover,yasti.grover1772@hotmail.com,+914397682523,12.918846,77.578985,Bengaluru,Jayanagar,2022-04-18
U01773,Zaid,Mand,zaid.mand1773@hotmail.com,+913299557553,12.846838,77.696195,Bengaluru,Sarjapur,2022-09-21
U01774,Ishwar,Lall,ishwar.lall1774@outlook.com,+911390744329,12.851649,77.669724,Bengaluru,Sarjapur,2022-06-02
U01775,Yug,Sanghvi,yug.sanghvi1775@gmail.com,+912212370322,12.928073,77.553644,Bengaluru,Banashankari,2022-01-16
U01776,Rushil,Som,rushil.som1776@hotmail.com,+912600520610,12.861455,77.687814,Bengaluru,Sarjapur,2021-05-02
U01777,Harshil,Thakkar,harshil.thakkar1777@gmail.com,+919777532386,12.98342,77.497341,Bengaluru,Nagarbhavi,2023-03-02
U01778,Pratyush,Gulati,pratyush.gulati1778@yahoo.com,+914217857228,12.922525,77.609537,Bengaluru,BTM Layout,2023-04-06
U01779,Manthan,Karnik,manthan.karnik1779@outlook.com,+916917423808,12.877333,77.578295,Bengaluru,Bannerghatta Road,2022-04-03
U01780,Jai,Deo,jai.deo1780@gmail.com,+910981745527,13.104195,77.581498,Bengaluru,Yelahanka,2023-12-07
U01781,Nandini,Barad,nandini.barad1781@gmail.com,+914102336286,12.964822,77.494162,Bengaluru,Nagarbhavi,2021-02-19
U01782,Anusha,Handa,anusha.handa1782@yahoo.com,+917038931364,12.855676,77.661473,Bengaluru,Electronic City,2023-10-03
U01783,Madhav,Sandhu,madhav.sandhu1783@outlook.com,+911688972931,12.969544,77.59178,Bengaluru,Shivajinagar,2023-07-12
U01784,Andrew,Iyengar,andrew.iyengar1784@gmail.com,+915540574487,12.958681,77.603104,Bengaluru,MG Road,2024-01-16
U01785,Gavin,Behl,gavin.behl1785@gmail.com,+911747490792,12.948909,77.638752,Bengaluru,Koramangala,2023-10-15
U01786,Lajita,Reddy,lajita.reddy1786@yahoo.com,+913623057620,12.946232,77.692721,Bengaluru,Marathahalli,2023-09-18
U01787,Damini,Kashyap,damini.kashyap1787@hotmail.com,+911858521862,12.908967,77.606898,Bengaluru,Bommanahalli,2022-05-12
U01788,Tristan,Nayar,tristan.nayar1788@hotmail.com,+919487422434,12.993081,77.562592,Bengaluru,Malleshwaram,2022-03-14
U01789,Pooja,Srinivas,pooja.srinivas1789@yahoo.com,+912692634448,12.970865,77.612976,Bengaluru,Shivajinagar,2022-06-05
U01790,Darsh,Uppal,darsh.uppal1790@gmail.com,+914589601937,12.89883,77.596114,Bengaluru,BTM Layout,2023-01-29
U01791,Prisha,Behl,prisha.behl1791@hotmail.com,+915668073457,12.935851,77.534887,Bengaluru,Banashankari,2023-10-20
U01792,Daksha,Choudhary,daksha.choudhary1792@gmail.com,+915502647223,12.952639,77.735663,Bengaluru,Whitefield,2023-04-17
U01793,Amruta,Patla,amruta.patla1793@outlook.com,+910207657966,12.903012,77.635737,Bengaluru,HSR Layout,2021-11-12
U01794,Avni,Panchal,avni.panchal1794@yahoo.com,+913447762369,12.969685,77.505799,Bengaluru,Nagarbhavi,2022-09-06
U01795,Omya,Koshy,omya.koshy1795@hotmail.com,+912045977674,12.939284,77.56572,Bengaluru,Basavanagudi,2021-09-03
U01796,Ekaja,Batta,ekaja.batta1796@gmail.com,+919251911556,12.969492,77.63535,Bengaluru,Indiranagar,2023-03-22
U01797,Qabil,Baria,qabil.baria1797@yahoo.com,+917813624804,13.007138,77.566871,Bengaluru,Rajajinagar,2021-10-16
U01798,Aadi,Ben,aadi.ben1798@yahoo.com,+918395027862,13.099828,77.611394,Bengaluru,Yelahanka,2022-02-12
U01799,Ekanta,Kala,ekanta.kala1799@gmail.com,+911350397851,13.019617,77.683763,Bengaluru,KR Puram,2022-06-26
U01800,Bhavika,Sodhi,bhavika.sodhi1800@gmail.com,+919067736852,12.851351,77.665359,Bengaluru,Electronic City,2021-06-01
U01801,Ati,Chaudhuri,ati.chaudhuri1801@outlook.com,+916115584973,12.995478,77.710052,Bengaluru,KR Puram,2023-08-09
U01802,Raagini,Goyal,raagini.goyal1802@gmail.com,+910521240766,12.874861,77.66895,Bengaluru,Sarjapur,2021-06-03
U01803,Zayyan,Swamy,zayyan.swamy1803@gmail.com,+916645338373,12.926422,77.554053,Bengaluru,Banashankari,2023-12-25
U01804,Januja,Natt,januja.natt1804@outlook.com,+916031077735,12.903021,77.621083,Bengaluru,BTM Layout,2023-06-16
U01805,Daksha,Choudhury,daksha.choudhury1805@gmail.com,+914127579880,12.94959,77.69414,Bengaluru,Marathahalli,2022-07-08
U01806,Gunbir,Arya,gunbir.arya1806@yahoo.com,+912512098755,12.906273,77.570228,Bengaluru,JP Nagar,2022-11-10
U01807,Kalpit,Narula,kalpit.narula1807@gmail.com,+914758701280,12.855496,77.673408,Bengaluru,Electronic City,2021-01-22
U01808,Jalsa,Pathak,jalsa.pathak1808@gmail.com,+916386101083,12.959418,77.627598,Bengaluru,Domlur,2021-09-04
U01809,Kamya,Khanna,kamya.khanna1809@yahoo.com,+918005608863,12.964119,77.629781,Bengaluru,Indiranagar,2023-07-09
U01810,Anya,Kade,anya.kade1810@gmail.com,+912841944746,12.977192,77.649518,Bengaluru,Domlur,2023-02-27
U01811,Leena,Chahal,leena.chahal1811@yahoo.com,+912183957685,12.958643,77.61465,Bengaluru,MG Road,2022-05-25
U01812,Hitesh,De,hitesh.de1812@outlook.com,+912419517863,12.917639,77.60045,Bengaluru,BTM Layout,2023-02-08
U01813,Jai,Barman,jai.barman1813@yahoo.com,+918698568796,12.97138,77.752868,Bengaluru,Whitefield,2023-08-07
U01814,Rayaan,Hans,rayaan.hans1814@outlook.com,+918808596652,12.894855,77.608184,Bengaluru,Bommanahalli,2023-02-24
U01815,Sanaya,Chaudhary,sanaya.chaudhary1815@yahoo.com,+918786480105,12.985542,77.762651,Bengaluru,Whitefield,2022-09-15
U01816,Falan,Oza,falan.oza1816@yahoo.com,+914102205835,12.975194,77.750104,Bengaluru,Whitefield,2023-02-08
U01817,Charvi,Som,charvi.som1817@hotmail.com,+918083526273,12.998991,77.594631,Bengaluru,Shivajinagar,2024-02-07
U01818,Saksham,Walla,saksham.walla1818@hotmail.com,+916706250917,13.019924,77.682988,Bengaluru,KR Puram,2021-02-03
U01819,Mitesh,Bassi,mitesh.bassi1819@hotmail.com,+911980956069,12.876941,77.583639,Bengaluru,Bannerghatta Road,2021-07-21
U01820,Joshua,Handa,joshua.handa1820@yahoo.com,+916736540197,12.96615,77.608205,Bengaluru,MG Road,2022-02-02
U01821,Omya,Krishnan,omya.krishnan1821@yahoo.com,+912722163174,12.902896,77.595332,Bengaluru,BTM Layout,2021-02-16
U01822,Idika,Pau,idika.pau1822@yahoo.com,+919273340958,13.011368,77.67994,Bengaluru,KR Puram,2024-01-27
U01823,Saumya,Dalal,saumya.dalal1823@yahoo.com,+912662429966,12.933399,77.567263,Bengaluru,Basavanagudi,2022-05-27
U01824,Rajata,Bir,rajata.bir1824@hotmail.com,+912663389122,12.962374,77.710665,Bengaluru,Marathahalli,2022-07-22
U01825,Vasudha,Saini,vasudha.saini1825@yahoo.com,+917060931417,12.874986,77.669572,Bengaluru,Sarjapur,2022-04-01
U01826,Yahvi,Bains,yahvi.bains1826@hotmail.com,+912393381894,12.99583,77.707594,Bengaluru,KR Puram,2021-08-19
U01827,Ojas,Mahal,ojas.mahal1827@hotmail.com,+911523858972,13.008112,77.548069,Bengaluru,Rajajinagar,2022-12-21
U01828,Kai,Mann,kai.mann1828@hotmail.com,+911322370903,12.985858,77.578193,Bengaluru,Malleshwaram,2023-07-25
U01829,Chakradev,Bhat,chakradev.bhat1829@outlook.com,+913901533958,12.960434,77.765342,Bengaluru,Whitefield,2022-08-21
U01830,Ranveer,Rao,ranveer.rao1830@yahoo.com,+915090128184,12.971316,77.713064,Bengaluru,Marathahalli,2023-05-18
U01831,Warda,Walia,warda.walia1831@hotmail.com,+915903006799,12.968406,77.716951,Bengaluru,Brookefield,2022-09-06
U01832,Yochana,Borde,yochana.borde1832@outlook.com,+918060656121,12.91709,77.652553,Bengaluru,HSR Layout,2023-04-17
U01833,Noah,Sarma,noah.sarma1833@hotmail.com,+916723406887,13.019781,77.706796,Bengaluru,KR Puram,2021-10-12
U01834,Yashodhara,Rajagopalan,yashodhara.rajagopalan1834@outlook.com,+918668970734,12.912969,77.556695,Bengaluru,Banashankari,2022-02-11
U01835,Madhavi,Rattan,madhavi.rattan1835@gmail.com,+919316982379,12.975982,77.69858,Bengaluru,Brookefield,2023-11-12
U01836,Anita,Jhaveri,anita.jhaveri1836@outlook.com,+910566807352,12.974626,77.500382,Bengaluru,Nagarbhavi,2021-10-01
U01837,Qarin,Aggarwal,qarin.aggarwal1837@outlook.com,+919805303610,12.940816,77.591403,Bengaluru,Basavanagudi,2021-12-28
U01838,Nathaniel,Kamdar,nathaniel.kamdar1838@gmail.com,+911001995009,12.949321,77.629069,Bengaluru,Koramangala,2022-11-12
U01839,Aditya,Varghese,aditya.varghese1839@outlook.com,+912716752059,12.969756,77.626805,Bengaluru,Domlur,2023-05-08
U01840,Tamanna,Thakur,tamanna.thakur1840@outlook.com,+911572397424,12.974304,77.715343,Bengaluru,Marathahalli,2022-06-23
U01841,Aashi,Mitter,aashi.mitter1841@outlook.com,+919199597465,13.053547,77.58437,Bengaluru,Hebbal,2024-01-13
U01842,Thomas,Minhas,thomas.minhas1842@outlook.com,+913160328889,12.914276,77.631572,Bengaluru,HSR Layout,2023-02-15
U01843,Amrita,Dani,amrita.dani1843@hotmail.com,+919417263528,12.931857,77.691928,Bengaluru,Bellandur,2024-02-17
U01844,Onveer,Kapur,onveer.kapur1844@gmail.com,+912314302520,12.947851,77.653437,Bengaluru,Domlur,2023-12-21
U01845,Chakradev,Walla,chakradev.walla1845@gmail.com,+912698087825,12.940715,77.634415,Bengaluru,Koramangala,2022-08-17
U01846,Wazir,Manne,wazir.manne1846@gmail.com,+917850616131,12.950513,77.697225,Bengaluru,Marathahalli,2024-04-14
U01847,Balveer,Divan,balveer.divan1847@gmail.com,+912666987422,12.945549,77.69926,Bengaluru,Brookefield,2023-06-09
U01848,Arunima,Deol,arunima.deol1848@outlook.com,+914611795495,12.972676,77.710208,Bengaluru,Marathahalli,2022-09-16
U01849,Anamika,Behl,anamika.behl1849@gmail.com,+910494415361,12.869901,77.580024,Bengaluru,Bannerghatta Road,2023-06-23
U01850,Yuvraj,Kade,yuvraj.kade1850@yahoo.com,+913218167049,12.919757,77.65999,Bengaluru,Bellandur,2021-06-01
U01851,Jack,Agarwal,jack.agarwal1851@gmail.com,+910726076851,12.984725,77.746054,Bengaluru,Whitefield,2021-01-23
U01852,Idika,Pillay,idika.pillay1852@gmail.com,+914005844512,13.114084,77.58878,Bengaluru,Yelahanka,2023-05-21
U01853,Ekta,Chacko,ekta.chacko1853@yahoo.com,+912898116649,12.874967,77.704344,Bengaluru,Sarjapur,2022-06-20
U01854,Aishani,Deol,aishani.deol1854@yahoo.com,+915957485913,12.913442,77.538513,Bengaluru,Banashankari,2021-11-14
U01855,Nilima,Menon,nilima.menon1855@yahoo.com,+914582388187,12.931543,77.604761,Bengaluru,BTM Layout,2022-04-03
U01856,Ekta,Bhandari,ekta.bhandari1856@hotmail.com,+916892924768,12.966103,77.741,Bengaluru,Whitefield,2022-12-07
U01857,Advaith,Parekh,advaith.parekh1857@hotmail.com,+911315463676,12.977407,77.634672,Bengaluru,Indiranagar,2023-01-01
U01858,Theodore,Mammen,theodore.mammen1858@gmail.com,+912949447272,12.916542,77.590485,Bengaluru,Jayanagar,2023-06-07
U01859,Patrick,Kunda,patrick.kunda1859@hotmail.com,+918751194893,12.834664,77.683009,Bengaluru,Electronic City,2024-04-11
U01860,Amol,Yogi,amol.yogi1860@yahoo.com,+916014471599,12.994282,77.68451,Bengaluru,KR Puram,2024-03-05
U01861,Hitesh,Raja,hitesh.raja1861@gmail.com,+914459596140,13.003502,77.700199,Bengaluru,KR Puram,2024-03-24
U01862,Aarini,Jhaveri,aarini.jhaveri1862@outlook.com,+918412640535,12.98975,77.618056,Bengaluru,MG Road,2021-06-22
U01863,Riya,Kannan,riya.kannan1863@yahoo.com,+917697305721,12.948063,77.573757,Bengaluru,Jayanagar,2021-10-04
U01864,Ekta,Luthra,ekta.luthra1864@yahoo.com,+916169174993,12.858908,77.680743,Bengaluru,Sarjapur,2021-09-23
U01865,Samar,Rana,samar.rana1865@yahoo.com,+917918055470,12.965606,77.704906,Bengaluru,Brookefield,2021-12-07
U01866,Nachiket,Sehgal,nachiket.sehgal1866@hotmail.com,+910296205633,12.985875,77.637776,Bengaluru,Indiranagar,2022-04-30
U01867,Vincent,Saraf,vincent.saraf1867@hotmail.com,+912827128826,12.955455,77.558525,Bengaluru,Basavanagudi,2023-04-16
U01868,Jyoti,Divan,jyoti.divan1868@hotmail.com,+917254077488,12.945519,77.705753,Bengaluru,Marathahalli,2024-01-24
U01869,Varenya,Chander,varenya.chander1869@hotmail.com,+912043281277,12.880558,77.580243,Bengaluru,Bannerghatta Road,2023-11-06
U01870,Warhi,Golla,warhi.golla1870@hotmail.com,+912789437887,12.902672,77.608491,Bengaluru,BTM Layout,2022-08-30
U01871,Tripti,Goyal,tripti.goyal1871@gmail.com,+910650580953,12.89952,77.581804,Bengaluru,JP Nagar,2022-07-13
U01872,Patrick,Gulati,patrick.gulati1872@gmail.com,+919488753407,12.967194,77.74262,Bengaluru,Whitefield,2023-02-05
U01873,Vritti,Gole,vritti.gole1873@yahoo.com,+914568893228,12.962842,77.728695,Bengaluru,Brookefield,2024-01-06
U01874,Baghyawati,Bail,baghyawati.bail1874@gmail.com,+912281940334,12.916548,77.638173,Bengaluru,HSR Layout,2024-01-29
U01875,Dayita,Gaba,dayita.gaba1875@yahoo.com,+916783588454,12.993938,77.599469,Bengaluru,Shivajinagar,2022-03-09
U01876,Peter,Ramesh,peter.ramesh1876@hotmail.com,+911382311967,12.969964,77.602586,Bengaluru,Shivajinagar,2023-12-12
U01877,Raghav,Boase,raghav.boase1877@hotmail.com,+918335663882,12.978897,77.511174,Bengaluru,Nagarbhavi,2022-10-08
U01878,Luke,Bora,luke.bora1878@hotmail.com,+917777308429,12.849356,77.684676,Bengaluru,Sarjapur,2024-04-03
U01879,Pooja,Korpal,pooja.korpal1879@hotmail.com,+912368104636,12.854675,77.670775,Bengaluru,Sarjapur,2021-03-21
U01880,Suhani,Rau,suhani.rau1880@gmail.com,+914612149122,12.9958,77.703277,Bengaluru,KR Puram,2022-12-07
U01881,Harish,Vyas,harish.vyas1881@hotmail.com,+911941949265,12.978817,77.643563,Bengaluru,Domlur,2022-01-23
U01882,Laksh,Arora,laksh.arora1882@gmail.com,+910231521809,12.99073,77.695636,Bengaluru,KR Puram,2021-12-29
U01883,Harish,Purohit,harish.purohit1883@yahoo.com,+911843597309,13.085014,77.589477,Bengaluru,Yelahanka,2021-05-07
U01884,Leena,Bail,leena.bail1884@yahoo.com,+913801658456,12.845343,77.680097,Bengaluru,Sarjapur,2023-09-16
U01885,Imaran,Arya,imaran.arya1885@outlook.com,+910536065681,12.905164,77.601122,Bengaluru,BTM Layout,2022-08-14
U01886,Caleb,Deo,caleb.deo1886@outlook.com,+911772962292,12.964852,77.509528,Bengaluru,Nagarbhavi,2021-11-19
U01887,Yuvraj,Chacko,yuvraj.chacko1887@hotmail.com,+911844617327,12.96711,77.689594,Bengaluru,Marathahalli,2023-09-12
U01888,Amrita,Dhar,amrita.dhar1888@hotmail.com,+917400184766,12.830655,77.682725,Bengaluru,Electronic City,2023-02-26
U01889,Agastya,Andra,agastya.andra1889@yahoo.com,+919607124084,12.990336,77.609849,Bengaluru,Shivajinagar,2022-12-07
U01890,Hitesh,Nigam,hitesh.nigam1890@yahoo.com,+915622471803,13.00409,77.689412,Bengaluru,KR Puram,2021-03-01
U01891,Frederick,Jain,frederick.jain1891@gmail.com,+913710458260,12.975681,77.713466,Bengaluru,Brookefield,2022-08-19
U01892,Liam,Srinivasan,liam.srinivasan1892@gmail.com,+915079752217,12.983276,77.584289,Bengaluru,Shivajinagar,2023-07-21
U01893,Sachi,Gade,sachi.gade1893@hotmail.com,+918189301636,12.843721,77.68334,Bengaluru,Sarjapur,2022-09-16
U01894,Damyanti,Narula,damyanti.narula1894@hotmail.com,+913618913559,12.877766,77.678377,Bengaluru,Sarjapur,2022-05-10
U01895,Varenya,Dubey,varenya.dubey1895@yahoo.com,+912878184147,12.979312,77.500098,Bengaluru,Nagarbhavi,2023-08-12
U01896,Yagnesh,Bhalla,yagnesh.bhalla1896@yahoo.com,+910267094618,12.931256,77.58512,Bengaluru,Basavanagudi,2023-11-10
U01897,Amara,Dasgupta,amara.dasgupta1897@hotmail.com,+911814604991,13.099141,77.59572,Bengaluru,Yelahanka,2022-07-25
U01898,Ansh,Basu,ansh.basu1898@hotmail.com,+912280297980,12.933897,77.598512,Bengaluru,Jayanagar,2022-02-14
U01899,Harshil,Minhas,harshil.minhas1899@yahoo.com,+919673866751,12.901249,77.631604,Bengaluru,HSR Layout,2021-03-28
U01900,Harshil,Vaidya,harshil.vaidya1900@hotmail.com,+910392749914,12.973119,77.609253,Bengaluru,MG Road,2023-07-26
U01901,Ojasvi,Dhar,ojasvi.dhar1901@hotmail.com,+910530833601,12.974913,77.687926,Bengaluru,Marathahalli,2022-10-16
U01902,Aarav,Kapur,aarav.kapur1902@hotmail.com,+915118888270,12.837359,77.689079,Bengaluru,Electronic City,2021-08-18
U01903,Arjun,Karan,arjun.karan1903@outlook.com,+919136043745,12.946831,77.70938,Bengaluru,Marathahalli,2023-11-02
U01904,Prisha,Rajan,prisha.rajan1904@yahoo.com,+914081927584,13.001266,77.563923,Bengaluru,Malleshwaram,2024-03-12
U01905,Manan,Pandit,manan.pandit1905@hotmail.com,+919479227019,12.897256,77.606555,Bengaluru,Bommanahalli,2023-01-26
U01906,Bhavini,Kara,bhavini.kara1906@outlook.com,+917963371193,12.921977,77.579314,Bengaluru,Jayanagar,2022-10-07
U01907,Leena,Chowdhury,leena.chowdhury1907@hotmail.com,+916508170376,12.976458,77.554696,Bengaluru,Rajajinagar,2021-08-15
U01908,Vyanjana,Gara,vyanjana.gara1908@yahoo.com,+911694538455,12.90141,77.62677,Bengaluru,HSR Layout,2024-02-03
U01909,Imaran,Kapur,imaran.kapur1909@hotmail.com,+914475398792,12.827741,77.681789,Bengaluru,Electronic City,2021-10-01
U01910,Harsh,Manda,harsh.manda1910@yahoo.com,+913792599686,12.988214,77.686665,Bengaluru,KR Puram,2021-12-10
U01911,Ishanvi,Bose,ishanvi.bose1911@gmail.com,+911655865115,12.998581,77.690162,Bengaluru,KR Puram,2021-09-05
U01912,Gauri,Dani,gauri.dani1912@gmail.com,+910066056772,12.925763,77.619611,Bengaluru,Koramangala,2024-01-19
U01913,Jalsa,Chad,jalsa.chad1913@gmail.com,+918438006399,12.943878,77.729591,Bengaluru,Brookefield,2021-03-24
U01914,Caleb,Dora,caleb.dora1914@yahoo.com,+919109978721,12.958886,77.684366,Bengaluru,Marathahalli,2023-05-15
U01915,Pranav,Sangha,pranav.sangha1915@gmail.com,+916516800472,12.972384,77.596803,Bengaluru,Shivajinagar,2021-08-14
U01916,Gaurika,Golla,gaurika.golla1916@gmail.com,+919358717020,12.963559,77.743797,Bengaluru,Whitefield,2021-02-11
U01917,Pavani,Doctor,pavani.doctor1917@outlook.com,+910187890052,12.98417,77.635449,Bengaluru,Indiranagar,2023-01-18
U01918,Charvi,Mangat,charvi.mangat1918@yahoo.com,+915543349232,12.990606,77.592486,Bengaluru,Shivajinagar,2021-09-26
U01919,Ijaya,Chawla,ijaya.chawla1919@outlook.com,+910258330361,12.968285,77.728115,Bengaluru,Brookefield,2022-02-12
U01920,Anika,Tata,anika.tata1920@hotmail.com,+910474473098,12.945963,77.71475,Bengaluru,Marathahalli,2024-04-02
U01921,Jyoti,Lanka,jyoti.lanka1921@hotmail.com,+910876678453,12.956156,77.733004,Bengaluru,Whitefield,2024-02-14
U01922,Faraj,Agate,faraj.agate1922@yahoo.com,+917843701180,12.909049,77.615523,Bengaluru,BTM Layout,2022-12-20
U01923,Manthan,Din,manthan.din1923@gmail.com,+916375060503,12.90572,77.6275,Bengaluru,BTM Layout,2022-02-24
U01924,Ekaja,Divan,ekaja.divan1924@gmail.com,+916378457362,12.975558,77.712856,Bengaluru,Marathahalli,2021-08-19
U01925,Madhavi,Sekhon,madhavi.sekhon1925@yahoo.com,+912602732269,13.017059,77.558381,Bengaluru,Malleshwaram,2022-07-02
U01926,Vanya,Bhavsar,vanya.bhavsar1926@yahoo.com,+917022940097,12.962302,77.633215,Bengaluru,MG Road,2023-11-26
U01927,Isaiah,Sane,isaiah.sane1927@gmail.com,+919394099656,12.975127,77.570235,Bengaluru,Rajajinagar,2022-01-17
U01928,Arya,Dhillon,arya.dhillon1928@outlook.com,+914598171303,13.048538,77.599074,Bengaluru,Hebbal,2023-02-17
U01929,Gautam,Naidu,gautam.naidu1929@outlook.com,+912213843321,12.921937,77.570422,Bengaluru,JP Nagar,2022-09-03
U01930,Joshua,Gopal,joshua.gopal1930@gmail.com,+910429560302,12.962043,77.516821,Bengaluru,Nagarbhavi,2021-05-06
U01931,Lekha,Pandit,lekha.pandit1931@outlook.com,+917202075200,12.964755,77.601763,Bengaluru,MG Road,2023-10-29
U01932,Eiravati,Talwar,eiravati.talwar1932@yahoo.com,+918606231438,12.8847,77.613759,Bengaluru,Bommanahalli,2021-06-21
U01933,Panini,Srivastava,panini.srivastava1933@yahoo.com,+915359627630,12.917734,77.537116,Bengaluru,Banashankari,2021-01-15
U01934,Odika,Nath,odika.nath1934@hotmail.com,+913252739767,12.986886,77.658379,Bengaluru,Indiranagar,2023-02-22
U01935,Lakshit,Korpal,lakshit.korpal1935@yahoo.com,+911420375694,12.962616,77.50674,Bengaluru,Nagarbhavi,2024-03-30
U01936,Leela,Sahota,leela.sahota1936@outlook.com,+911398878429,12.922228,77.629836,Bengaluru,HSR Layout,2021-03-01
U01937,Widisha,Yohannan,widisha.yohannan1937@hotmail.com,+918942840888,12.993775,77.577815,Bengaluru,Malleshwaram,2021-07-31
U01938,Waida,Walia,waida.walia1938@gmail.com,+918521200416,12.999917,77.557683,Bengaluru,Malleshwaram,2022-01-10
U01939,Victor,Rajagopalan,victor.rajagopalan1939@outlook.com,+915596487032,12.9413,77.689421,Bengaluru,Bellandur,2021-07-10
U01940,Fiyaz,Sama,fiyaz.sama1940@outlook.com,+918888423594,12.970438,77.732437,Bengaluru,Whitefield,2021-03-25
U01941,Theodore,Chahal,theodore.chahal1941@hotmail.com,+918068135636,12.922067,77.635326,Bengaluru,Koramangala,2024-03-24
U01942,Wahab,Pathak,wahab.pathak1942@hotmail.com,+916556157723,12.917942,77.590461,Bengaluru,Jayanagar,2022-01-12
U01943,Aarnav,Jani,aarnav.jani1943@hotmail.com,+917484792705,12.995933,77.568629,Bengaluru,Rajajinagar,2021-09-28
U01944,Anay,Patil,anay.patil1944@outlook.com,+911735360684,12.990356,77.616272,Bengaluru,Shivajinagar,2023-02-13
U01945,Urvi,Deol,urvi.deol1945@hotmail.com,+914091260287,12.839844,77.683513,Bengaluru,Electronic City,2023-09-30
U01946,Imaran,Bhasin,imaran.bhasin1946@hotmail.com,+911064802325,12.942066,77.721028,Bengaluru,Brookefield,2021-05-14
U01947,Ikshita,Patel,ikshita.patel1947@gmail.com,+918814848946,13.014151,77.690789,Bengaluru,KR Puram,2021-05-07
U01948,Liam,Menon,liam.menon1948@gmail.com,+912422960691,13.020795,77.688343,Bengaluru,KR Puram,2021-05-20
U01949,Triveni,Dhawan,triveni.dhawan1949@gmail.com,+912952186678,12.969417,77.685923,Bengaluru,Marathahalli,2023-08-29
U01950,Oviya,Kibe,oviya.kibe1950@hotmail.com,+915676594863,12.920428,77.597947,Bengaluru,Jayanagar,2023-09-17
U01951,Shivansh,Kapur,shivansh.kapur1951@outlook.com,+919711897248,13.037853,77.608653,Bengaluru,Hebbal,2022-11-16
U01952,Daksh,Devi,daksh.devi1952@hotmail.com,+913787472673,12.970886,77.747871,Bengaluru,Whitefield,2022-02-12
U01953,Jacob,Dhar,jacob.dhar1953@gmail.com,+916159364076,12.919834,77.592081,Bengaluru,JP Nagar,2022-04-25
U01954,Krishna,Bal,krishna.bal1954@yahoo.com,+912074959624,12.914453,77.600909,Bengaluru,Jayanagar,2024-01-09
U01955,Panini,Prabhu,panini.prabhu1955@yahoo.com,+915912314142,12.916668,77.654073,Bengaluru,HSR Layout,2022-07-27
U01956,Chatura,Cherian,chatura.cherian1956@outlook.com,+915143438250,12.922817,77.639642,Bengaluru,HSR Layout,2022-06-07
U01957,Ethan,Sood,ethan.sood1957@yahoo.com,+915103415949,12.97938,77.648969,Bengaluru,Indiranagar,2021-03-15
U01958,Nakul,Balan,nakul.balan1958@yahoo.com,+919428352706,12.98168,77.514423,Bengaluru,Nagarbhavi,2022-08-02
U01959,Manan,Pau,manan.pau1959@gmail.com,+919764236917,12.933259,77.629793,Bengaluru,Koramangala,2022-07-18
U01960,Lohit,Brar,lohit.brar1960@yahoo.com,+912234177921,12.941775,77.723009,Bengaluru,Brookefield,2022-10-02
U01961,Yash,Bose,yash.bose1961@outlook.com,+914596090127,12.990789,77.678638,Bengaluru,KR Puram,2021-11-30
U01962,Advik,Saha,advik.saha1962@outlook.com,+912709431521,12.96913,77.762157,Bengaluru,Whitefield,2021-02-03
U01963,Mason,Gopal,mason.gopal1963@hotmail.com,+917862561563,12.920866,77.642784,Bengaluru,HSR Layout,2021-09-09
U01964,Upma,Dey,upma.dey1964@outlook.com,+915045696062,13.102494,77.612606,Bengaluru,Yelahanka,2023-03-02
U01965,Chandani,Singhal,chandani.singhal1965@hotmail.com,+919281871136,12.856009,77.682502,Bengaluru,Sarjapur,2022-09-26
U01966,Nisha,Nazareth,nisha.nazareth1966@gmail.com,+913112706454,12.953727,77.689801,Bengaluru,Marathahalli,2022-04-22
U01967,Sachi,Arya,sachi.arya1967@yahoo.com,+919049791030,12.939416,77.547826,Bengaluru,Banashankari,2024-03-15
U01968,Bhavini,Choudhry,bhavini.choudhry1968@gmail.com,+911850297670,12.86095,77.607435,Bengaluru,Bannerghatta Road,2023-04-09
U01969,Nachiket,Bhasin,nachiket.bhasin1969@gmail.com,+910577614069,12.968733,77.497173,Bengaluru,Nagarbhavi,2022-03-06
U01970,Azad,Ghose,azad.ghose1970@outlook.com,+912863574088,12.858926,77.578398,Bengaluru,Bannerghatta Road,2022-08-06
U01971,Yahvi,Dyal,yahvi.dyal1971@outlook.com,+914138825823,12.999143,77.692456,Bengaluru,KR Puram,2022-09-01
U01972,Advay,Randhawa,advay.randhawa1972@hotmail.com,+917338061779,12.9771,77.49936,Bengaluru,Nagarbhavi,2022-04-13
U01973,Pallavi,Sha,pallavi.sha1973@yahoo.com,+911006310595,12.976049,77.603313,Bengaluru,MG Road,2023-12-31
U01974,Aarna,Thaker,aarna.thaker1974@outlook.com,+914868716907,12.933816,77.621004,Bengaluru,Koramangala,2021-01-10
U01975,Damini,Karan,damini.karan1975@yahoo.com,+910920091149,12.976895,77.687513,Bengaluru,Marathahalli,2021-08-07
U01976,Pallavi,Dugar,pallavi.dugar1976@hotmail.com,+915098947939,12.872323,77.582564,Bengaluru,Bannerghatta Road,2024-02-11
U01977,Anita,Chanda,anita.chanda1977@hotmail.com,+916906109603,12.873535,77.676511,Bengaluru,Sarjapur,2022-06-11
U01978,Krishna,Dass,krishna.dass1978@yahoo.com,+918223537557,12.959814,77.684988,Bengaluru,Marathahalli,2022-03-06
U01979,Siddharth,Rattan,siddharth.rattan1979@yahoo.com,+910188720696,12.929543,77.567137,Bengaluru,Jayanagar,2022-10-12
U01980,Daksh,Kanda,daksh.kanda1980@hotmail.com,+916778871308,13.016257,77.579488,Bengaluru,Malleshwaram,2023-10-14
U01981,Manya,Gour,manya.gour1981@yahoo.com,+912006632956,12.94925,77.729189,Bengaluru,Brookefield,2023-10-14
U01982,Faras,Sidhu,faras.sidhu1982@outlook.com,+914893670619,12.863681,77.704443,Bengaluru,Sarjapur,2023-06-19
U01983,Vansha,Munshi,vansha.munshi1983@outlook.com,+910381404388,12.909066,77.618694,Bengaluru,Bommanahalli,2021-01-17
U01984,Nidhi,Rai,nidhi.rai1984@gmail.com,+910058353485,12.920379,77.637117,Bengaluru,Koramangala,2022-12-25
U01985,Nitesh,Bhagat,nitesh.bhagat1985@yahoo.com,+915614178437,12.972208,77.70546,Bengaluru,Brookefield,2022-11-08
U01986,Kamya,Samra,kamya.samra1986@yahoo.com,+915798169535,12.925615,77.584666,Bengaluru,Basavanagudi,2022-01-18
U01987,Robert,Madan,robert.madan1987@yahoo.com,+910425990401,12.922197,77.59194,Bengaluru,Jayanagar,2023-05-26
U01988,Ikbal,Chawla,ikbal.chawla1988@outlook.com,+919818432445,12.991102,77.634863,Bengaluru,MG Road,2024-02-22
U01989,Faras,Patil,faras.patil1989@outlook.com,+915951228695,12.933223,77.558565,Bengaluru,Banashankari,2022-01-10
U01990,Gautami,Bala,gautami.bala1990@yahoo.com,+910628685210,12.933834,77.591408,Bengaluru,Jayanagar,2021-07-31
U01991,Wriddhish,Manda,wriddhish.manda1991@gmail.com,+913257044148,12.985724,77.630866,Bengaluru,Indiranagar,2021-06-06
U01992,Nicholas,Chhabra,nicholas.chhabra1992@gmail.com,+915958885573,12.918147,77.593,Bengaluru,Jayanagar,2022-01-11
U01993,Dhruv,Kakar,dhruv.kakar1993@outlook.com,+916085502625,12.988068,77.6235,Bengaluru,MG Road,2021-12-11
U01994,Advay,More,advay.more1994@yahoo.com,+913959569172,12.990823,77.592571,Bengaluru,Shivajinagar,2022-10-11
U01995,Raghav,Jaggi,raghav.jaggi1995@hotmail.com,+918937363015,12.934165,77.615402,Bengaluru,Koramangala,2024-02-16
U01996,Bachittar,Khosla,bachittar.khosla1996@yahoo.com,+914811844878,12.946695,77.72792,Bengaluru,Brookefield,2023-08-17
U01997,Amruta,Chada,amruta.chada1997@gmail.com,+914409002558,12.999465,77.595865,Bengaluru,Shivajinagar,2024-01-17
U01998,Chaitanya,Sule,chaitanya.sule1998@hotmail.com,+911302203735,13.036178,77.590665,Bengaluru,Hebbal,2022-02-12
U01999,Chakradev,Bava,chakradev.bava1999@yahoo.com,+914016478506,12.823418,77.687141,Bengaluru,Electronic City,2022-02-16
U02000,Divya,Chander,divya.chander2000@yahoo.com,+911986585102,12.982878,77.648735,Bengaluru,Indiranagar,2023-10-20
U02001,Dayamai,Anand,dayamai.anand2001@gmail.com,+916548193220,12.910301,77.636787,Bengaluru,Bommanahalli,2022-08-15
U02002,Ishanvi,Mandal,ishanvi.mandal2002@yahoo.com,+910191779879,12.95823,77.559214,Bengaluru,Basavanagudi,2022-10-11
U02003,Mitali,Tella,mitali.tella2003@hotmail.com,+910622501775,12.972951,77.572707,Bengaluru,Rajajinagar,2021-03-06
U02004,Robert,Murty,robert.murty2004@gmail.com,+913936044707,12.960396,77.626384,Bengaluru,MG Road,2021-12-31
U02005,Mahika,Parekh,mahika.parekh2005@hotmail.com,+915796527398,12.880493,77.578285,Bengaluru,Bannerghatta Road,2021-04-15
U02006,Kai,Chatterjee,kai.chatterjee2006@yahoo.com,+919822189870,12.975958,77.705712,Bengaluru,Marathahalli,2022-10-29
U02007,Garima,Reddy,garima.reddy2007@outlook.com,+914516961370,12.967346,77.737513,Bengaluru,Whitefield,2022-06-06
U02008,Yahvi,Chaudhuri,yahvi.chaudhuri2008@outlook.com,+918531502743,12.950518,77.709114,Bengaluru,Marathahalli,2023-08-31
U02009,Yadavi,Doctor,yadavi.doctor2009@gmail.com,+911654594806,12.977578,77.604804,Bengaluru,Shivajinagar,2024-02-27
U02010,Arjun,Raja,arjun.raja2010@yahoo.com,+919586072509,12.914772,77.589974,Bengaluru,Jayanagar,2023-10-11
U02011,Vansha,Barad,vansha.barad2011@yahoo.com,+912068220538,12.905444,77.627917,Bengaluru,BTM Layout,2021-02-14
U02012,Bina,Edwin,bina.edwin2012@gmail.com,+914978575232,12.834024,77.664822,Bengaluru,Electronic City,2022-02-28
U02013,Max,Sheth,max.sheth2013@yahoo.com,+912118620502,12.938156,77.591951,Bengaluru,Basavanagudi,2024-02-01
U02014,Farhan,Chander,farhan.chander2014@yahoo.com,+919996294264,13.013652,77.561187,Bengaluru,Malleshwaram,2021-04-07
U02015,Vincent,Kale,vincent.kale2015@gmail.com,+910345621555,12.96216,77.722391,Bengaluru,Brookefield,2023-08-31
U02016,Lohit,Dyal,lohit.dyal2016@gmail.com,+919195759419,12.93026,77.575016,Bengaluru,Jayanagar,2023-03-29
U02017,Yachana,Varty,yachana.varty2017@gmail.com,+915478292409,12.853949,77.589219,Bengaluru,Bannerghatta Road,2023-06-10
U02018,Harita,Sem,harita.sem2018@hotmail.com,+911870074989,12.862227,77.697374,Bengaluru,Sarjapur,2021-06-01
U02019,Karan,Nori,karan.nori2019@gmail.com,+910315567752,12.917682,77.609789,Bengaluru,Koramangala,2021-11-10
U02020,Bina,Parsa,bina.parsa2020@outlook.com,+914445076547,12.987227,77.746692,Bengaluru,Whitefield,2021-11-19
U02021,Raagini,Baral,raagini.baral2021@gmail.com,+915939897751,12.879256,77.687036,Bengaluru,Sarjapur,2022-10-11
U02022,Lila,Khare,lila.khare2022@gmail.com,+914221203736,12.826701,77.692399,Bengaluru,Electronic City,2023-10-16
U02023,Sathvik,Borde,sathvik.borde2023@yahoo.com,+912329142041,12.917598,77.617371,Bengaluru,Koramangala,2022-05-11
U02024,Michael,Tank,michael.tank2024@outlook.com,+918430718466,12.928779,77.554667,Bengaluru,Banashankari,2022-03-26
U02025,Gunbir,Aurora,gunbir.aurora2025@outlook.com,+914903331393,12.939039,77.615274,Bengaluru,Koramangala,2021-08-14
U02026,Luke,More,luke.more2026@outlook.com,+912073115676,12.951218,77.589466,Bengaluru,Basavanagudi,2023-08-28
U02027,Gagan,Tara,gagan.tara2027@hotmail.com,+918263016180,12.993304,77.685068,Bengaluru,KR Puram,2023-01-06
U02028,Girindra,Sha,girindra.sha2028@yahoo.com,+917942634054,12.899839,77.620546,Bengaluru,BTM Layout,2023-12-09
U02029,Dipta,Gara,dipta.gara2029@outlook.com,+919832299181,12.971051,77.500409,Bengaluru,Nagarbhavi,2023-04-04
U02030,Chakrika,Edwin,chakrika.edwin2030@gmail.com,+911770198277,12.908048,77.587819,Bengaluru,JP Nagar,2024-02-29
U02031,Ekansh,Mammen,ekansh.mammen2031@outlook.com,+917858766121,12.974709,77.699063,Bengaluru,Brookefield,2023-04-09
U02032,Januja,Pandit,januja.pandit2032@outlook.com,+914156574375,12.894717,77.626619,Bengaluru,Bommanahalli,2022-06-13
U02033,Gaurav,Bobal,gaurav.bobal2033@gmail.com,+912818012955,12.976605,77.612248,Bengaluru,MG Road,2022-03-18
U02034,Praneel,Sharma,praneel.sharma2034@hotmail.com,+915264071491,12.853219,77.678488,Bengaluru,Sarjapur,2022-01-23
U02035,Aarna,Solanki,aarna.solanki2035@outlook.com,+917404564543,12.902474,77.601629,Bengaluru,BTM Layout,2021-10-21
U02036,Aahana,Sathe,aahana.sathe2036@yahoo.com,+912651294729,12.916409,77.6416,Bengaluru,HSR Layout,2023-12-18
U02037,Logan,Dasgupta,logan.dasgupta2037@yahoo.com,+910095113912,12.97353,77.610749,Bengaluru,Shivajinagar,2023-07-10
U02038,Vinaya,Baral,vinaya.baral2038@hotmail.com,+915842511874,12.91842,77.591714,Bengaluru,Jayanagar,2021-07-22
U02039,Januja,Mangat,januja.mangat2039@outlook.com,+913132975703,12.895465,77.569524,Bengaluru,JP Nagar,2023-11-05
U02040,Nandini,Rege,nandini.rege2040@hotmail.com,+918148543627,12.855051,77.660037,Bengaluru,Electronic City,2021-08-29
U02041,Kai,Sastry,kai.sastry2041@gmail.com,+917317852976,12.949702,77.725301,Bengaluru,Brookefield,2024-02-24
U02042,Jeevika,Vala,jeevika.vala2042@outlook.com,+918519261758,12.827742,77.692282,Bengaluru,Electronic City,2023-03-11
U02043,Dipta,Prakash,dipta.prakash2043@outlook.com,+919003916102,12.954565,77.562152,Bengaluru,Basavanagudi,2021-11-26
U02044,Fiyaz,Sachdev,fiyaz.sachdev2044@gmail.com,+910404787374,12.846353,77.701007,Bengaluru,Sarjapur,2023-10-01
U02045,Yashawini,Sengupta,yashawini.sengupta2045@hotmail.com,+912073970163,12.845175,77.673484,Bengaluru,Sarjapur,2021-01-08
U02046,Adya,Basak,adya.basak2046@gmail.com,+917719676741,12.967026,77.752739,Bengaluru,Whitefield,2021-04-17
U02047,Dakshesh,Konda,dakshesh.konda2047@gmail.com,+914858884442,13.001487,77.712179,Bengaluru,KR Puram,2023-04-10
U02048,Abhiram,Dubey,abhiram.dubey2048@hotmail.com,+915386845126,12.834185,77.691451,Bengaluru,Electronic City,2022-08-20
U02049,Henry,Mannan,henry.mannan2049@hotmail.com,+917315525417,13.004041,77.555765,Bengaluru,Rajajinagar,2023-05-14
U02050,Keya,Dutt,keya.dutt2050@gmail.com,+912681868506,12.978627,77.65345,Bengaluru,Domlur,2021-06-11
U02051,Mohini,Bora,mohini.bora2051@outlook.com,+919771045688,12.909336,77.626808,Bengaluru,BTM Layout,2023-05-04
U02052,Udant,Rama,udant.rama2052@outlook.com,+914235928870,12.905435,77.590356,Bengaluru,JP Nagar,2021-12-28
U02053,Turvi,Chander,turvi.chander2053@yahoo.com,+912725861821,12.929148,77.619072,Bengaluru,Koramangala,2023-03-19
U02054,Ikshita,Shukla,ikshita.shukla2054@outlook.com,+917426154712,12.916175,77.621275,Bengaluru,HSR Layout,2023-10-25
U02055,Upadhriti,Warrior,upadhriti.warrior2055@yahoo.com,+915733200611,12.921244,77.634418,Bengaluru,HSR Layout,2023-08-26
U02056,Udyati,Chopra,udyati.chopra2056@hotmail.com,+919529748023,12.964429,77.723298,Bengaluru,Brookefield,2024-02-08
U02057,Frederick,Gole,frederick.gole2057@yahoo.com,+918459638384,12.96396,77.692314,Bengaluru,Marathahalli,2022-10-16
U02058,Hritik,Ranganathan,hritik.ranganathan2058@gmail.com,+919815556139,12.926844,77.567183,Bengaluru,Basavanagudi,2023-03-17
U02059,Rachita,Iyengar,rachita.iyengar2059@outlook.com,+915104242584,13.109597,77.580149,Bengaluru,Yelahanka,2023-08-26
U02060,Neelima,Narasimhan,neelima.narasimhan2060@yahoo.com,+913571768538,12.938074,77.590896,Bengaluru,Basavanagudi,2022-02-14
U02061,Dhruv,Nadig,dhruv.nadig2061@gmail.com,+914772797280,12.928951,77.685997,Bengaluru,Bellandur,2023-12-08
U02062,Hema,Sunder,hema.sunder2062@hotmail.com,+914004640879,12.989001,77.619611,Bengaluru,MG Road,2021-05-31
U02063,Simon,Soni,simon.soni2063@hotmail.com,+918857524521,12.946505,77.637778,Bengaluru,Domlur,2021-08-14
U02064,Ishwar,Mallick,ishwar.mallick2064@gmail.com,+911808295485,12.935127,77.562736,Bengaluru,Basavanagudi,2021-07-11
U02065,Suhani,Barad,suhani.barad2065@gmail.com,+911594633381,12.915817,77.599698,Bengaluru,Jayanagar,2021-10-08
U02066,Nachiket,Singhal,nachiket.singhal2066@outlook.com,+917690177069,12.986389,77.504028,Bengaluru,Nagarbhavi,2021-10-30
U02067,Madhav,Kala,madhav.kala2067@yahoo.com,+917019363998,12.941966,77.723653,Bengaluru,Brookefield,2022-02-07
U02068,Ekaja,Balay,ekaja.balay2068@gmail.com,+913646296905,12.893135,77.613111,Bengaluru,Bommanahalli,2022-06-16
U02069,Lajita,Bhatia,lajita.bhatia2069@gmail.com,+912671258404,12.84775,77.665486,Bengaluru,Electronic City,2024-04-08
U02070,Janaki,Sani,janaki.sani2070@yahoo.com,+917354600797,12.922531,77.530898,Bengaluru,Banashankari,2021-02-25
U02071,Urvashi,Kala,urvashi.kala2071@hotmail.com,+918564492559,12.887653,77.623738,Bengaluru,Bommanahalli,2023-06-15
U02072,Chatura,Kakar,chatura.kakar2072@hotmail.com,+915468002209,12.949987,77.698567,Bengaluru,Marathahalli,2024-03-08
U02073,Arin,Sampath,arin.sampath2073@yahoo.com,+917595962742,13.032989,77.593045,Bengaluru,Hebbal,2021-05-22
U02074,Anamika,Krishnan,anamika.krishnan2074@gmail.com,+918343703752,12.906943,77.626004,Bengaluru,BTM Layout,2021-11-10
U02075,Patrick,Chacko,patrick.chacko2075@outlook.com,+915391691394,12.955828,77.585942,Bengaluru,Basavanagudi,2023-09-06
U02076,Lucky,Biswas,lucky.biswas2076@yahoo.com,+917661639848,12.94443,77.578737,Bengaluru,Basavanagudi,2021-09-19
U02077,Anusha,Ravel,anusha.ravel2077@yahoo.com,+911257481532,12.980129,77.748407,Bengaluru,Whitefield,2022-11-24
U02078,Finn,Misra,finn.misra2078@hotmail.com,+919818085542,12.837487,77.660867,Bengaluru,Electronic City,2022-04-10
U02079,Siya,Saini,siya.saini2079@yahoo.com,+910078949350,12.988263,77.622883,Bengaluru,Indiranagar,2023-03-20
U02080,Tanish,Lad,tanish.lad2080@yahoo.com,+918207511348,12.928128,77.574336,Bengaluru,Basavanagudi,2022-02-24
U02081,Qarin,Bhagat,qarin.bhagat2081@hotmail.com,+911032022401,12.968796,77.522301,Bengaluru,Nagarbhavi,2024-02-15
U02082,George,Sangha,george.sangha2082@gmail.com,+919543124674,12.915605,77.534566,Bengaluru,Banashankari,2022-10-16
U02083,Hema,Mishra,hema.mishra2083@outlook.com,+914378141195,12.942394,77.637526,Bengaluru,Koramangala,2021-01-14
U02084,Nitesh,Issac,nitesh.issac2084@yahoo.com,+910634051300,12.860215,77.701972,Bengaluru,Sarjapur,2023-05-09
U02085,Ikshita,Saini,ikshita.saini2085@outlook.com,+912791823316,13.001762,77.558088,Bengaluru,Malleshwaram,2022-02-26
U02086,Vasatika,Soman,vasatika.soman2086@hotmail.com,+911754814423,12.911874,77.564342,Bengaluru,Banashankari,2024-02-02
U02087,Naveen,Sarkar,naveen.sarkar2087@yahoo.com,+915602324746,12.953487,77.711795,Bengaluru,Marathahalli,2021-07-21
U02088,Isha,Ramachandran,isha.ramachandran2088@yahoo.com,+911855137035,12.87739,77.685881,Bengaluru,Sarjapur,2023-10-09
U02089,Advaith,Issac,advaith.issac2089@hotmail.com,+910878417867,12.907565,77.621825,Bengaluru,Bommanahalli,2024-01-16
U02090,Faras,Dhillon,faras.dhillon2090@yahoo.com,+919394995720,12.980983,77.609759,Bengaluru,MG Road,2023-06-11
U02091,Ekiya,Nadig,ekiya.nadig2091@yahoo.com,+910481146813,12.914649,77.597999,Bengaluru,Jayanagar,2021-09-06
U02092,Akshay,Dora,akshay.dora2092@yahoo.com,+911386349235,12.973421,77.649361,Bengaluru,Domlur,2022-05-15
U02093,Tara,Divan,tara.divan2093@outlook.com,+917104176285,12.902751,77.628517,Bengaluru,Bommanahalli,2022-02-08
U02094,Xalak,Nadig,xalak.nadig2094@gmail.com,+910164040397,12.910568,77.63625,Bengaluru,Bommanahalli,2022-05-27
U02095,Ishaan,Ray,ishaan.ray2095@gmail.com,+918806904389,12.988302,77.501408,Bengaluru,Nagarbhavi,2021-08-15
U02096,Adya,Verma,adya.verma2096@yahoo.com,+919912062441,12.897481,77.644183,Bengaluru,HSR Layout,2021-05-24
U02097,Aarush,Seshadri,aarush.seshadri2097@hotmail.com,+914150995756,12.854767,77.669352,Bengaluru,Sarjapur,2023-05-10
U02098,Jeremiah,Sengupta,jeremiah.sengupta2098@yahoo.com,+913153293149,12.873148,77.671263,Bengaluru,Sarjapur,2022-06-02
U02099,Gunbir,Bansal,gunbir.bansal2099@yahoo.com,+913596347262,12.962863,77.711606,Bengaluru,Marathahalli,2021-11-17
U02100,Tejas,Guha,tejas.guha2100@yahoo.com,+911652773087,12.863124,77.593607,Bengaluru,Bannerghatta Road,2024-03-16
U02101,Osha,Ganesan,osha.ganesan2101@gmail.com,+916480025406,12.883368,77.609971,Bengaluru,Bommanahalli,2022-04-24
U02102,Krishna,Kalita,krishna.kalita2102@hotmail.com,+916517277532,12.88819,77.632325,Bengaluru,Bommanahalli,2023-07-18
U02103,Ijaya,Kadakia,ijaya.kadakia2103@hotmail.com,+915644149300,12.972866,77.587744,Bengaluru,Shivajinagar,2022-10-27
U02104,Rayaan,Atwal,rayaan.atwal2104@gmail.com,+918240309228,12.920114,77.634152,Bengaluru,HSR Layout,2022-03-24
U02105,Kamala,Patla,kamala.patla2105@outlook.com,+915663090669,12.969257,77.686649,Bengaluru,Marathahalli,2022-09-08
U02106,Amol,Mittal,amol.mittal2106@outlook.com,+910664465157,12.991978,77.571551,Bengaluru,Rajajinagar,2022-07-09
U02107,Damyanti,Thakkar,damyanti.thakkar2107@yahoo.com,+910288349284,12.969274,77.752695,Bengaluru,Whitefield,2021-04-14
U02108,Jeet,Tata,jeet.tata2108@gmail.com,+914298280379,12.833841,77.686178,Bengaluru,Electronic City,2023-09-01
U02109,Tamanna,Sachdev,tamanna.sachdev2109@gmail.com,+911056897790,12.996858,77.677584,Bengaluru,KR Puram,2021-01-21
U02110,Nirja,Pandey,nirja.pandey2110@outlook.com,+914422169689,12.974889,77.705437,Bengaluru,Marathahalli,2023-02-11
U02111,Indira,Sandhu,indira.sandhu2111@hotmail.com,+917934859635,12.914823,77.580769,Bengaluru,JP Nagar,2024-04-09
U02112,Gautami,Comar,gautami.comar2112@yahoo.com,+915260579481,12.912109,77.557783,Bengaluru,Banashankari,2021-06-23
U02113,Patrick,Shanker,patrick.shanker2113@gmail.com,+911544751245,12.98866,77.557082,Bengaluru,Rajajinagar,2021-03-15
U02114,Priya,Prakash,priya.prakash2114@outlook.com,+910020328707,12.916063,77.553227,Bengaluru,Banashankari,2023-11-13
U02115,Peter,Gaba,peter.gaba2115@gmail.com,+918322509155,12.871276,77.699471,Bengaluru,Sarjapur,2023-09-08
U02116,Rajata,Raj,rajata.raj2116@yahoo.com,+913260175426,13.026059,77.585399,Bengaluru,Hebbal,2022-01-13
U02117,Bhavani,Sarkar,bhavani.sarkar2117@yahoo.com,+910991242348,12.992123,77.627235,Bengaluru,MG Road,2021-12-09
U02118,Bhanumati,Chaudhary,bhanumati.chaudhary2118@gmail.com,+911845672785,12.922147,77.615436,Bengaluru,BTM Layout,2023-05-07
U02119,Gagan,Chawla,gagan.chawla2119@yahoo.com,+918477146733,12.914688,77.533617,Bengaluru,Banashankari,2022-08-19
U02120,Gaurav,Babu,gaurav.babu2120@yahoo.com,+913701832740,12.961307,77.720978,Bengaluru,Brookefield,2021-09-08
U02121,Nisha,Chawla,nisha.chawla2121@outlook.com,+914341881576,12.933705,77.607831,Bengaluru,BTM Layout,2023-09-06
U02122,Watika,Chaudhry,watika.chaudhry2122@outlook.com,+915021864598,13.014477,77.710962,Bengaluru,KR Puram,2021-06-20
U02123,Sachi,Thakur,sachi.thakur2123@outlook.com,+917638618908,12.915895,77.576702,Bengaluru,Jayanagar,2021-06-22
U02124,Bachittar,Mann,bachittar.mann2124@yahoo.com,+913253555995,12.99594,77.549981,Bengaluru,Malleshwaram,2021-05-07
U02125,Osha,Kakar,osha.kakar2125@outlook.com,+910064209225,12.920109,77.598618,Bengaluru,BTM Layout,2023-04-28
U02126,Udant,Sha,udant.sha2126@hotmail.com,+910710601130,12.986505,77.591885,Bengaluru,Shivajinagar,2023-08-08
U02127,Lakshmi,Contractor,lakshmi.contractor2127@yahoo.com,+915433745365,12.945987,77.687,Bengaluru,Marathahalli,2022-05-27
U02128,Rohan,Singh,rohan.singh2128@hotmail.com,+911216382459,12.925954,77.56175,Bengaluru,Basavanagudi,2022-10-01
U02129,Jeet,Panchal,jeet.panchal2129@yahoo.com,+912484396099,12.957709,77.562837,Bengaluru,Basavanagudi,2023-09-26
U02130,Ucchal,Sachar,ucchal.sachar2130@yahoo.com,+911051507108,12.949721,77.585436,Bengaluru,Basavanagudi,2024-04-03
U02131,Meghana,Amble,meghana.amble2131@outlook.com,+915985153209,12.908441,77.65067,Bengaluru,HSR Layout,2022-02-14
U02132,Kavya,Kapur,kavya.kapur2132@yahoo.com,+912495015280,12.909903,77.588748,Bengaluru,JP Nagar,2022-07-12
U02133,Yashica,Mander,yashica.mander2133@hotmail.com,+915779932469,12.986581,77.637807,Bengaluru,Indiranagar,2021-09-08
U02134,Amrita,Lalla,amrita.lalla2134@yahoo.com,+919638999680,12.954509,77.704472,Bengaluru,Brookefield,2023-12-08
U02135,Damyanti,Sachdeva,damyanti.sachdeva2135@yahoo.com,+910547642494,12.958451,77.747068,Bengaluru,Whitefield,2021-04-21
U02136,Wyatt,Agrawal,wyatt.agrawal2136@gmail.com,+913255126691,12.82701,77.679245,Bengaluru,Electronic City,2023-11-20
U02137,Oeshi,Bali,oeshi.bali2137@hotmail.com,+919721369086,12.930938,77.535351,Bengaluru,Banashankari,2021-11-18
U02138,Alexander,Bal,alexander.bal2138@hotmail.com,+911650124040,13.083195,77.613841,Bengaluru,Yelahanka,2022-04-14
U02139,Mitesh,Prasad,mitesh.prasad2139@gmail.com,+916097137779,12.877813,77.588836,Bengaluru,Bannerghatta Road,2023-09-11
U02140,Zilmil,Nadkarni,zilmil.nadkarni2140@outlook.com,+910420866478,12.917311,77.602816,Bengaluru,BTM Layout,2023-08-12
U02141,Gautami,Garde,gautami.garde2141@outlook.com,+910122694153,13.089288,77.603456,Bengaluru,Yelahanka,2022-05-26
U02142,Qushi,Khurana,qushi.khurana2142@gmail.com,+917050982216,12.99864,77.705753,Bengaluru,KR Puram,2023-10-31
U02143,Mahika,Hans,mahika.hans2143@yahoo.com,+912408407493,12.938841,77.598526,Bengaluru,Jayanagar,2021-12-22
U02144,Maya,Behl,maya.behl2144@hotmail.com,+913252874402,12.852147,77.700572,Bengaluru,Sarjapur,2021-10-14
U02145,Pushti,Dave,pushti.dave2145@yahoo.com,+917603921916,12.972844,77.59008,Bengaluru,Shivajinagar,2021-11-07
U02146,Madhavi,Ghose,madhavi.ghose2146@outlook.com,+918551299866,12.990218,77.539362,Bengaluru,Rajajinagar,2022-03-13
U02147,Neha,Nadkarni,neha.nadkarni2147@gmail.com,+918309769046,12.886997,77.60495,Bengaluru,Bommanahalli,2022-10-24
U02148,Zansi,Dutt,zansi.dutt2148@hotmail.com,+911885937753,12.928718,77.592931,Bengaluru,BTM Layout,2022-04-22
U02149,Rajeshri,Kashyap,rajeshri.kashyap2149@outlook.com,+919533243350,12.911249,77.616187,Bengaluru,BTM Layout,2021-04-02
U02150,Hardik,Date,hardik.date2150@outlook.com,+913389025471,12.945331,77.575743,Bengaluru,Basavanagudi,2022-09-15
U02151,Yamini,Dani,yamini.dani2151@gmail.com,+916448567868,13.019862,77.69354,Bengaluru,KR Puram,2023-03-18
U02152,Manya,Lad,manya.lad2152@outlook.com,+911270118360,12.963744,77.62866,Bengaluru,MG Road,2022-10-10
U02153,Nathan,Naidu,nathan.naidu2153@hotmail.com,+915545651541,12.96016,77.591519,Bengaluru,Basavanagudi,2021-01-25
U02154,Samar,Chander,samar.chander2154@hotmail.com,+914509413822,12.914033,77.665343,Bengaluru,Bellandur,2021-06-05
U02155,Girik,Bal,girik.bal2155@gmail.com,+910119050442,13.012897,77.552014,Bengaluru,Malleshwaram,2021-06-23
U02156,Rajeshri,Apte,rajeshri.apte2156@outlook.com,+910810635519,13.00654,77.691608,Bengaluru,KR Puram,2023-10-30
U02157,Michael,Bala,michael.bala2157@outlook.com,+915565824768,12.935754,77.543158,Bengaluru,Banashankari,2022-07-13
U02158,Farhan,Raja,farhan.raja2158@outlook.com,+919722050116,12.93765,77.596162,Bengaluru,Jayanagar,2023-01-02
U02159,Aryan,De,aryan.de2159@outlook.com,+916777619202,12.918007,77.611539,Bengaluru,Koramangala,2024-04-12
U02160,Sudiksha,Parmar,sudiksha.parmar2160@hotmail.com,+915557943193,12.998195,77.597464,Bengaluru,Shivajinagar,2023-07-04
U02161,Rachit,Khatri,rachit.khatri2161@gmail.com,+916253522938,12.959876,77.572805,Bengaluru,Basavanagudi,2021-07-07
U02162,Tristan,Mishra,tristan.mishra2162@gmail.com,+917937593727,12.930608,77.588651,Bengaluru,Basavanagudi,2024-01-04
U02163,Rishi,Wason,rishi.wason2163@outlook.com,+916207138947,13.019838,77.5575,Bengaluru,Malleshwaram,2023-12-02
U02164,Yatan,Radhakrishnan,yatan.radhakrishnan2164@outlook.com,+910794539341,13.003773,77.700607,Bengaluru,KR Puram,2022-09-06
U02165,Abha,Behl,abha.behl2165@hotmail.com,+916285069672,12.95845,77.739759,Bengaluru,Whitefield,2022-09-06
U02166,Anvi,Butala,anvi.butala2166@outlook.com,+914055037501,12.884544,77.591901,Bengaluru,Bannerghatta Road,2023-08-02
U02167,Maanas,Bajaj,maanas.bajaj2167@hotmail.com,+914787123728,12.868136,77.589225,Bengaluru,Bannerghatta Road,2021-03-30
U02168,Harshil,Choudhry,harshil.choudhry2168@hotmail.com,+915642965399,12.933074,77.541819,Bengaluru,Banashankari,2023-11-29
U02169,Tripti,Das,tripti.das2169@outlook.com,+911774168674,12.961382,77.717216,Bengaluru,Brookefield,2023-08-24
U02170,Hredhaan,Dhar,hredhaan.dhar2170@hotmail.com,+915160080443,12.888499,77.621244,Bengaluru,Bommanahalli,2021-09-01
U02171,Barkha,Lala,barkha.lala2171@outlook.com,+910067076034,13.011611,77.55791,Bengaluru,Malleshwaram,2021-08-06
U02172,Pranit,Chander,pranit.chander2172@gmail.com,+913415274212,12.98765,77.494996,Bengaluru,Nagarbhavi,2023-07-28
U02173,Faras,Talwar,faras.talwar2173@gmail.com,+913801808753,12.947272,77.627929,Bengaluru,Domlur,2022-08-30
U02174,Janaki,Johal,janaki.johal2174@yahoo.com,+910026745861,13.052826,77.582846,Bengaluru,Hebbal,2023-05-06
U02175,Mahika,Chaudhuri,mahika.chaudhuri2175@outlook.com,+910624887820,12.863913,77.692357,Bengaluru,Sarjapur,2021-09-25
U02176,Vritti,Bains,vritti.bains2176@yahoo.com,+915522053848,12.916817,77.570355,Bengaluru,JP Nagar,2023-05-30
U02177,Odika,Borah,odika.borah2177@outlook.com,+915716195467,12.968811,77.629066,Bengaluru,Indiranagar,2021-07-29
U02178,Vidhi,Bose,vidhi.bose2178@outlook.com,+911850711383,12.919626,77.566343,Bengaluru,Jayanagar,2022-09-15
U02179,Shivansh,Saini,shivansh.saini2179@hotmail.com,+915476584885,12.964217,77.697303,Bengaluru,Brookefield,2022-05-21
U02180,Keya,Murthy,keya.murthy2180@hotmail.com,+910693486737,12.849644,77.68518,Bengaluru,Electronic City,2021-12-31
U02181,Shravya,Dyal,shravya.dyal2181@hotmail.com,+911743264172,12.950111,77.613161,Bengaluru,Koramangala,2023-03-14
U02182,Pranit,Misra,pranit.misra2182@outlook.com,+918850182999,12.99367,77.689548,Bengaluru,KR Puram,2022-12-17
U02183,Advaith,Gokhale,advaith.gokhale2183@gmail.com,+912639001990,12.939216,77.606856,Bengaluru,Koramangala,2021-04-25
U02184,Azad,Dalal,azad.dalal2184@outlook.com,+918340390607,13.043683,77.599428,Bengaluru,Hebbal,2024-02-23
U02185,Hemal,Palan,hemal.palan2185@gmail.com,+917297034505,13.004099,77.707852,Bengaluru,KR Puram,2023-12-28
U02186,Veda,Ahluwalia,veda.ahluwalia2186@yahoo.com,+912446943974,12.976954,77.648235,Bengaluru,Domlur,2021-03-30
U02187,Nathan,Vig,nathan.vig2187@yahoo.com,+914214538233,12.895158,77.582853,Bengaluru,JP Nagar,2021-01-20
U02188,Aachal,Dara,aachal.dara2188@gmail.com,+919386822672,12.893061,77.591068,Bengaluru,JP Nagar,2021-05-21
U02189,Reyansh,Balan,reyansh.balan2189@outlook.com,+916147562978,12.953466,77.683015,Bengaluru,Marathahalli,2022-01-29
U02190,Arin,Vasa,arin.vasa2190@yahoo.com,+918444690488,12.948291,77.633565,Bengaluru,Domlur,2021-05-25
U02191,Yauvani,Dua,yauvani.dua2191@outlook.com,+911688017710,12.910693,77.599275,Bengaluru,BTM Layout,2023-09-28
U02192,Tarak,Patla,tarak.patla2192@hotmail.com,+914065002356,12.969437,77.65633,Bengaluru,Domlur,2023-01-22
U02193,Ishwar,Kalla,ishwar.kalla2193@gmail.com,+917142105435,12.864306,77.5806,Bengaluru,Bannerghatta Road,2023-08-24
U02194,Ayushman,Narang,ayushman.narang2194@hotmail.com,+918349799229,12.881932,77.58069,Bengaluru,Bannerghatta Road,2021-07-25
U02195,Lakshit,Kannan,lakshit.kannan2195@gmail.com,+917858599192,12.95391,77.763902,Bengaluru,Whitefield,2023-06-23
U02196,Fiyaz,Date,fiyaz.date2196@gmail.com,+916960383478,12.864607,77.692935,Bengaluru,Sarjapur,2023-08-05
U02197,Amrita,Mahal,amrita.mahal2197@gmail.com,+911501860503,13.087865,77.588179,Bengaluru,Yelahanka,2023-03-23
U02198,Vasatika,Iyengar,vasatika.iyengar2198@gmail.com,+918611407670,13.007528,77.569818,Bengaluru,Rajajinagar,2023-10-19
U02199,George,Pall,george.pall2199@gmail.com,+918263746462,12.951943,77.703032,Bengaluru,Marathahalli,2021-03-11
U02200,Chaitaly,Sibal,chaitaly.sibal2200@hotmail.com,+917621989383,12.936662,77.578307,Bengaluru,Jayanagar,2022-06-18
U02201,Warhi,Sarin,warhi.sarin2201@gmail.com,+916849707199,12.87815,77.598136,Bengaluru,Bannerghatta Road,2021-06-03
U02202,Yauvani,Ratta,yauvani.ratta2202@gmail.com,+911440342875,12.925815,77.577575,Bengaluru,Jayanagar,2023-07-27
U02203,Reyansh,Krishna,reyansh.krishna2203@gmail.com,+910176602791,12.954666,77.702151,Bengaluru,Brookefield,2021-08-06
U02204,Oscar,Hora,oscar.hora2204@outlook.com,+910985691039,12.991781,77.691423,Bengaluru,KR Puram,2022-07-22
U02205,Avni,Ramaswamy,avni.ramaswamy2205@gmail.com,+913453931742,12.909338,77.596489,Bengaluru,BTM Layout,2022-05-12
U02206,Harshil,Muni,harshil.muni2206@gmail.com,+915791367895,12.916148,77.578832,Bengaluru,Jayanagar,2021-06-23
U02207,Noah,Jha,noah.jha2207@yahoo.com,+910639682481,12.970888,77.710657,Bengaluru,Marathahalli,2024-01-13
U02208,Vinaya,Sant,vinaya.sant2208@yahoo.com,+911311582508,12.936803,77.551714,Bengaluru,Banashankari,2023-10-07
U02209,Sanaya,Sampath,sanaya.sampath2209@yahoo.com,+911218288291,12.850664,77.669032,Bengaluru,Electronic City,2021-07-11
U02210,Anita,Nagar,anita.nagar2210@hotmail.com,+915433212595,12.920291,77.689093,Bengaluru,Bellandur,2021-03-31
U02211,Hritik,Rajagopal,hritik.rajagopal2211@yahoo.com,+914392207810,12.969306,77.705463,Bengaluru,Brookefield,2022-07-20
U02212,Pushti,Iyengar,pushti.iyengar2212@outlook.com,+918167233693,12.998259,77.539069,Bengaluru,Rajajinagar,2021-04-18
U02213,Ira,Prakash,ira.prakash2213@hotmail.com,+918515343567,12.988695,77.583595,Bengaluru,Malleshwaram,2022-03-21
U02214,Devansh,Sengupta,devansh.sengupta2214@gmail.com,+916174556378,12.979077,77.595415,Bengaluru,Shivajinagar,2022-09-10
U02215,Oliver,Bandi,oliver.bandi2215@gmail.com,+911300634096,12.954689,77.505731,Bengaluru,Nagarbhavi,2022-10-30
U02216,Yasti,Kulkarni,yasti.kulkarni2216@yahoo.com,+912361815797,12.958093,77.755137,Bengaluru,Whitefield,2023-02-12
U02217,Nimrat,Memon,nimrat.memon2217@yahoo.com,+917885079047,13.032437,77.589341,Bengaluru,Hebbal,2022-02-17
U02218,Indira,Rao,indira.rao2218@gmail.com,+913501232900,12.997635,77.556795,Bengaluru,Malleshwaram,2022-05-14
U02219,Ayushman,Contractor,ayushman.contractor2219@outlook.com,+914158221215,12.978931,77.757289,Bengaluru,Whitefield,2022-04-28
U02220,Pranit,Naidu,pranit.naidu2220@gmail.com,+919506659356,12.897326,77.640759,Bengaluru,HSR Layout,2024-01-16
U02221,Pushti,Grewal,pushti.grewal2221@gmail.com,+911452860689,12.977391,77.763117,Bengaluru,Whitefield,2024-01-29
U02222,Ishita,Korpal,ishita.korpal2222@outlook.com,+917074952249,12.941859,77.583206,Bengaluru,Jayanagar,2022-06-21
U02223,Elijah,Kale,elijah.kale2223@hotmail.com,+913916007694,12.967103,77.623518,Bengaluru,MG Road,2023-03-29
U02224,Kamya,Prabhu,kamya.prabhu2224@hotmail.com,+911529506354,12.918548,77.632632,Bengaluru,HSR Layout,2021-02-24
U02225,Maanav,Murthy,maanav.murthy2225@hotmail.com,+918530445675,12.97465,77.767681,Bengaluru,Whitefield,2023-06-28
U02226,Jason,Andra,jason.andra2226@gmail.com,+916324335085,12.960932,77.72865,Bengaluru,Brookefield,2024-02-11
U02227,Eiravati,Apte,eiravati.apte2227@hotmail.com,+918162698520,12.92491,77.625475,Bengaluru,HSR Layout,2022-06-17
U02228,Falguni,Kala,falguni.kala2228@outlook.com,+919932197465,12.987594,77.552889,Bengaluru,Rajajinagar,2024-03-24
U02229,Udyati,Nagy,udyati.nagy2229@yahoo.com,+916902876197,12.932038,77.579513,Bengaluru,Basavanagudi,2023-02-01
U02230,Viraj,Bhatti,viraj.bhatti2230@yahoo.com,+919102087402,12.893372,77.620238,Bengaluru,Bommanahalli,2023-11-04
U02231,Lekha,Mander,lekha.mander2231@hotmail.com,+910031908578,12.964121,77.629068,Bengaluru,Domlur,2022-11-13
U02232,Simon,Vyas,simon.vyas2232@yahoo.com,+910865207748,12.948629,77.639556,Bengaluru,Domlur,2022-01-13
U02233,Teerth,Chauhan,teerth.chauhan2233@hotmail.com,+917811690972,12.926338,77.569527,Bengaluru,Basavanagudi,2022-04-21
U02234,Arunima,Borde,arunima.borde2234@outlook.com,+917797484085,13.026549,77.602618,Bengaluru,Hebbal,2023-02-03
U02235,Oviya,Saran,oviya.saran2235@hotmail.com,+919827260657,12.916817,77.571688,Bengaluru,JP Nagar,2021-06-26
U02236,Eesha,Nagarajan,eesha.nagarajan2236@hotmail.com,+912824197868,13.100832,77.605946,Bengaluru,Yelahanka,2023-08-22
U02237,Rudra,Hegde,rudra.hegde2237@hotmail.com,+919259867241,12.969874,77.641765,Bengaluru,Indiranagar,2023-11-13
U02238,Chandran,Tak,chandran.tak2238@outlook.com,+911762696728,12.970472,77.635117,Bengaluru,MG Road,2023-08-27
U02239,Wishi,Batra,wishi.batra2239@outlook.com,+915146599831,12.973734,77.600484,Bengaluru,Shivajinagar,2022-11-12
U02240,Anvi,Sama,anvi.sama2240@outlook.com,+912189315305,12.9149,77.65944,Bengaluru,Bellandur,2022-04-14
U02241,Jagdish,Dash,jagdish.dash2241@outlook.com,+918338806719,13.005412,77.709858,Bengaluru,KR Puram,2022-06-23
U02242,Sneha,Garg,sneha.garg2242@gmail.com,+916975667175,12.969543,77.738144,Bengaluru,Whitefield,2023-11-18
U02243,Eta,Rajagopal,eta.rajagopal2243@gmail.com,+915861393474,12.857908,77.608401,Bengaluru,Bannerghatta Road,2023-07-25
U02244,Warjas,Bail,warjas.bail2244@gmail.com,+914418500603,13.010932,77.689605,Bengaluru,KR Puram,2021-04-10
U02245,Bhavani,Badami,bhavani.badami2245@outlook.com,+916348615658,12.951941,77.640464,Bengaluru,Koramangala,2022-05-04
U02246,Aayush,Shenoy,aayush.shenoy2246@yahoo.com,+910486938413,12.878056,77.690279,Bengaluru,Sarjapur,2022-08-22
U02247,Bhavani,Deep,bhavani.deep2247@gmail.com,+913014118260,12.908192,77.54758,Bengaluru,Banashankari,2022-04-14
U02248,Neha,Bansal,neha.bansal2248@yahoo.com,+917976467057,13.107455,77.60631,Bengaluru,Yelahanka,2021-06-15
U02249,Balveer,Nazareth,balveer.nazareth2249@gmail.com,+918000182606,12.854308,77.659006,Bengaluru,Electronic City,2021-05-06
U02250,Amol,Boase,amol.boase2250@gmail.com,+918870909042,12.892039,77.569444,Bengaluru,JP Nagar,2023-02-25
U02251,Upma,Chandran,upma.chandran2251@hotmail.com,+914564504079,12.946488,77.694117,Bengaluru,Marathahalli,2022-04-03
U02252,Ojasvi,Mitra,ojasvi.mitra2252@outlook.com,+912021395207,12.997568,77.681803,Bengaluru,KR Puram,2021-10-17
U02253,Anvi,Nadig,anvi.nadig2253@yahoo.com,+919325618370,13.114954,77.612564,Bengaluru,Yelahanka,2022-12-05
U02254,Hiral,Ratta,hiral.ratta2254@hotmail.com,+914166214598,12.980022,77.748248,Bengaluru,Whitefield,2022-09-19
U02255,Fariq,Munshi,fariq.munshi2255@outlook.com,+911693617568,12.846353,77.677619,Bengaluru,Electronic City,2023-09-10
U02256,Wakeeta,Batta,wakeeta.batta2256@gmail.com,+911550145700,12.913989,77.588116,Bengaluru,JP Nagar,2022-06-13
U02257,Maya,Misra,maya.misra2257@hotmail.com,+913759112861,12.846184,77.689974,Bengaluru,Electronic City,2022-01-24
U02258,Suhani,Tak,suhani.tak2258@yahoo.com,+915701601619,12.945408,77.710766,Bengaluru,Marathahalli,2022-11-26
U02259,Jairaj,Prakash,jairaj.prakash2259@outlook.com,+915352537094,12.984409,77.627745,Bengaluru,MG Road,2021-12-13
U02260,Harshil,Balakrishnan,harshil.balakrishnan2260@outlook.com,+919544080995,12.913836,77.591288,Bengaluru,Jayanagar,2024-04-13
U02261,Udarsh,Batta,udarsh.batta2261@yahoo.com,+915496308397,12.96473,77.644265,Bengaluru,Domlur,2021-08-25
U02262,Advaith,Dewan,advaith.dewan2262@gmail.com,+918338953491,12.912522,77.558397,Bengaluru,Banashankari,2024-01-15
U02263,Henry,Naidu,henry.naidu2263@hotmail.com,+919354499707,12.966821,77.63679,Bengaluru,Indiranagar,2022-08-13
U02264,Rajata,Kara,rajata.kara2264@yahoo.com,+918223409170,13.00328,77.548454,Bengaluru,Rajajinagar,2023-12-29
U02265,Onkar,Chakrabarti,onkar.chakrabarti2265@outlook.com,+914382678282,12.971385,77.511986,Bengaluru,Nagarbhavi,2023-09-21
U02266,Rayaan,Pillay,rayaan.pillay2266@hotmail.com,+918079810513,13.030499,77.614748,Bengaluru,Hebbal,2023-02-10
U02267,Abdul,Ben,abdul.ben2267@yahoo.com,+919338634587,12.962845,77.752866,Bengaluru,Whitefield,2024-04-05
U02268,Aashi,Bassi,aashi.bassi2268@hotmail.com,+918584981145,12.89787,77.593532,Bengaluru,JP Nagar,2021-11-04
U02269,Indrajit,Bava,indrajit.bava2269@yahoo.com,+916880507451,12.920598,77.554694,Bengaluru,Banashankari,2023-12-25
U02270,Daksha,Borde,daksha.borde2270@gmail.com,+917100030035,12.9638,77.74246,Bengaluru,Whitefield,2023-12-16
U02271,Aishani,Narayan,aishani.narayan2271@outlook.com,+917286324948,12.991812,77.700225,Bengaluru,KR Puram,2021-07-20
U02272,Ladli,Madan,ladli.madan2272@yahoo.com,+910029845582,12.939206,77.553902,Bengaluru,Banashankari,2023-05-19
U02273,Onkar,Devi,onkar.devi2273@gmail.com,+912701891388,12.845946,77.69568,Bengaluru,Sarjapur,2023-08-12
U02274,Triveni,Dar,triveni.dar2274@hotmail.com,+918360696688,12.935691,77.533306,Bengaluru,Banashankari,2021-09-26
U02275,Jonathan,Nagar,jonathan.nagar2275@hotmail.com,+914931733220,12.980902,77.515112,Bengaluru,Nagarbhavi,2024-04-14
U02276,Manbir,Sachdev,manbir.sachdev2276@gmail.com,+912743585693,13.113117,77.588335,Bengaluru,Yelahanka,2023-08-08
U02277,Sanya,Das,sanya.das2277@outlook.com,+914205024090,12.957889,77.521829,Bengaluru,Nagarbhavi,2022-05-19
U02278,Wridesh,Sridhar,wridesh.sridhar2278@outlook.com,+910373509269,12.986578,77.572403,Bengaluru,Malleshwaram,2022-12-14
U02279,Vrishti,Mand,vrishti.mand2279@yahoo.com,+911751541882,12.902147,77.598161,Bengaluru,JP Nagar,2023-05-23
U02280,Ekanta,Subramanian,ekanta.subramanian2280@hotmail.com,+910213613999,12.884899,77.625641,Bengaluru,Bommanahalli,2021-03-07
U02281,Upkaar,Chanda,upkaar.chanda2281@hotmail.com,+914512276078,12.897301,77.598723,Bengaluru,JP Nagar,2022-07-28
U02282,Aishani,Minhas,aishani.minhas2282@hotmail.com,+914207077135,13.097955,77.612332,Bengaluru,Yelahanka,2022-08-19
U02283,Fitan,Pandit,fitan.pandit2283@yahoo.com,+911289985118,13.007617,77.682115,Bengaluru,KR Puram,2022-05-21
U02284,Xavier,Jha,xavier.jha2284@gmail.com,+914231126257,12.868874,77.601993,Bengaluru,Bannerghatta Road,2022-12-13
U02285,Faras,Borde,faras.borde2285@outlook.com,+916746550575,12.942482,77.692315,Bengaluru,Bellandur,2023-03-21
U02286,Warda,Bhasin,warda.bhasin2286@outlook.com,+915482508511,12.989268,77.686103,Bengaluru,KR Puram,2021-09-19
U02287,Simon,Arya,simon.arya2287@outlook.com,+915046534254,12.996128,77.57026,Bengaluru,Malleshwaram,2023-07-12
U02288,Tarak,Sidhu,tarak.sidhu2288@gmail.com,+912602974805,12.945598,77.700325,Bengaluru,Brookefield,2022-04-13
U02289,Lekha,Guha,lekha.guha2289@hotmail.com,+913520188976,13.039187,77.6039,Bengaluru,Hebbal,2022-02-09
U02290,Vinaya,Cheema,vinaya.cheema2290@hotmail.com,+913028665358,12.896665,77.645536,Bengaluru,HSR Layout,2023-06-06
U02291,Harini,Joshi,harini.joshi2291@outlook.com,+919172148688,12.913403,77.651426,Bengaluru,HSR Layout,2023-08-10
U02292,Yoshita,Munshi,yoshita.munshi2292@outlook.com,+911510934667,12.912694,77.585236,Bengaluru,JP Nagar,2022-12-08
U02293,Devika,Setty,devika.setty2293@gmail.com,+918081272746,12.942859,77.708681,Bengaluru,Marathahalli,2022-06-17
U02294,Mitesh,Thaman,mitesh.thaman2294@gmail.com,+916631108485,12.918677,77.63366,Bengaluru,Koramangala,2023-01-19
U02295,Hitesh,De,hitesh.de2295@yahoo.com,+918124014766,12.988628,77.559866,Bengaluru,Rajajinagar,2022-04-05
U02296,Theodore,Patla,theodore.patla2296@outlook.com,+911591014529,13.004099,77.592949,Bengaluru,Shivajinagar,2023-06-03
U02297,Lekha,Sethi,lekha.sethi2297@yahoo.com,+914311387509,13.041422,77.582686,Bengaluru,Hebbal,2021-01-17
U02298,Yochana,Jain,yochana.jain2298@hotmail.com,+917355997177,12.90122,77.592199,Bengaluru,BTM Layout,2021-08-03
U02299,Mugdha,Guha,mugdha.guha2299@hotmail.com,+910162595345,13.023435,77.583087,Bengaluru,Hebbal,2022-08-15
U02300,Ekapad,Mall,ekapad.mall2300@yahoo.com,+910893725956,12.924074,77.684448,Bengaluru,Bellandur,2023-12-30
U02301,Pallavi,Gala,pallavi.gala2301@yahoo.com,+915014810270,12.965902,77.751159,Bengaluru,Whitefield,2023-10-14
U02302,Damyanti,Chaudry,damyanti.chaudry2302@outlook.com,+915761052723,12.977858,77.501297,Bengaluru,Nagarbhavi,2023-04-11
U02303,Manan,Shenoy,manan.shenoy2303@outlook.com,+915477801526,13.019227,77.705864,Bengaluru,KR Puram,2022-02-07
U02304,Hredhaan,Choudhary,hredhaan.choudhary2304@hotmail.com,+919358839784,12.987395,77.687184,Bengaluru,KR Puram,2024-03-05
U02305,Wridesh,Babu,wridesh.babu2305@hotmail.com,+915914445032,13.039368,77.614631,Bengaluru,Hebbal,2023-03-30
U02306,Triveni,Grover,triveni.grover2306@gmail.com,+912742589159,12.885554,77.606268,Bengaluru,Bommanahalli,2022-06-07
U02307,Amara,Balakrishnan,amara.balakrishnan2307@yahoo.com,+913720416893,12.936134,77.568707,Bengaluru,Basavanagudi,2023-09-15
U02308,Vamakshi,Wali,vamakshi.wali2308@gmail.com,+915048900606,12.982617,77.607742,Bengaluru,MG Road,2023-12-09
U02309,Sneha,Pandey,sneha.pandey2309@hotmail.com,+912408283300,12.90807,77.547715,Bengaluru,Banashankari,2023-03-28
U02310,Alka,Dani,alka.dani2310@yahoo.com,+915289257026,13.007808,77.693376,Bengaluru,KR Puram,2023-12-03
U02311,Frado,Pandya,frado.pandya2311@yahoo.com,+917157731753,13.004865,77.678908,Bengaluru,KR Puram,2022-12-24
U02312,Raagini,Kala,raagini.kala2312@hotmail.com,+913618439682,12.932767,77.572812,Bengaluru,Basavanagudi,2021-03-29
U02313,Matthew,Ranganathan,matthew.ranganathan2313@yahoo.com,+916919571783,12.918735,77.583747,Bengaluru,JP Nagar,2022-03-02
U02314,Yadavi,Sankar,yadavi.sankar2314@outlook.com,+914415896897,12.919044,77.613489,Bengaluru,Koramangala,2023-02-16
U02315,Yashoda,Nath,yashoda.nath2315@hotmail.com,+918331839021,12.84066,77.682637,Bengaluru,Electronic City,2022-10-12
U02316,Chatresh,Sastry,chatresh.sastry2316@yahoo.com,+918361622879,12.997629,77.546626,Bengaluru,Rajajinagar,2021-01-14
U02317,Anjali,Pingle,anjali.pingle2317@gmail.com,+919820481611,12.838909,77.694178,Bengaluru,Electronic City,2021-02-01
U02318,Guneet,Bawa,guneet.bawa2318@outlook.com,+910158967196,12.907595,77.627691,Bengaluru,BTM Layout,2023-09-07
U02319,Lavanya,Sami,lavanya.sami2319@yahoo.com,+912669803273,12.990843,77.565283,Bengaluru,Malleshwaram,2021-01-20
U02320,Rishi,Menon,rishi.menon2320@hotmail.com,+916290913741,12.995626,77.616364,Bengaluru,Shivajinagar,2023-06-09
U02321,Ranbir,Rau,ranbir.rau2321@gmail.com,+915673508220,12.909425,77.572724,Bengaluru,JP Nagar,2023-06-25
U02322,Patrick,Majumdar,patrick.majumdar2322@yahoo.com,+911924907488,12.888375,77.624589,Bengaluru,Bommanahalli,2021-02-15
U02323,Wakeeta,Venkataraman,wakeeta.venkataraman2323@yahoo.com,+915672071901,12.899819,77.596471,Bengaluru,JP Nagar,2022-03-20
U02324,Rachita,Chopra,rachita.chopra2324@outlook.com,+917220895809,12.933229,77.665436,Bengaluru,Bellandur,2021-10-14
U02325,Chandresh,Kothari,chandresh.kothari2325@gmail.com,+914898622068,12.940836,77.619488,Bengaluru,Koramangala,2023-08-08
U02326,Indrajit,Kanda,indrajit.kanda2326@outlook.com,+918941523598,13.099802,77.593064,Bengaluru,Yelahanka,2022-05-04
U02327,Ishwar,Bera,ishwar.bera2327@gmail.com,+919016651517,12.987708,77.522369,Bengaluru,Nagarbhavi,2021-10-04
U02328,Balendra,Lata,balendra.lata2328@yahoo.com,+914366647984,12.925413,77.692211,Bengaluru,Bellandur,2022-05-13
U02329,William,Bhatti,william.bhatti2329@gmail.com,+913504680152,12.955624,77.706983,Bengaluru,Brookefield,2022-03-22
U02330,Harrison,Majumdar,harrison.majumdar2330@gmail.com,+910307585693,13.046431,77.593613,Bengaluru,Hebbal,2023-03-16
U02331,Upkaar,Ravel,upkaar.ravel2331@yahoo.com,+912991945763,12.97837,77.510076,Bengaluru,Nagarbhavi,2021-09-28
U02332,Manya,Ramaswamy,manya.ramaswamy2332@yahoo.com,+917123630619,12.974972,77.702768,Bengaluru,Brookefield,2024-04-06
U02333,Harrison,Kannan,harrison.kannan2333@hotmail.com,+916198780187,12.974727,77.695415,Bengaluru,Marathahalli,2021-05-07
U02334,Amrita,Tandon,amrita.tandon2334@yahoo.com,+911055672427,12.98938,77.708198,Bengaluru,KR Puram,2022-07-01
U02335,Samesh,Garg,samesh.garg2335@hotmail.com,+914271713756,12.912442,77.691111,Bengaluru,Bellandur,2023-11-16
U02336,Samar,Palan,samar.palan2336@hotmail.com,+914364893617,12.841957,77.674068,Bengaluru,Electronic City,2021-08-19
U02337,Bhavna,Mani,bhavna.mani2337@gmail.com,+918700251882,13.004475,77.559525,Bengaluru,Rajajinagar,2023-10-23
U02338,Aarush,Chandra,aarush.chandra2338@gmail.com,+915334411022,12.946894,77.65311,Bengaluru,Domlur,2021-12-09
U02339,Qasim,Thakur,qasim.thakur2339@gmail.com,+910922893709,12.963046,77.64306,Bengaluru,Indiranagar,2023-04-23
U02340,Vansha,Mody,vansha.mody2340@yahoo.com,+913329330023,12.875883,77.595131,Bengaluru,Bannerghatta Road,2023-05-08
U02341,William,Garde,william.garde2341@gmail.com,+914006224174,12.909341,77.576821,Bengaluru,JP Nagar,2021-10-17
U02342,Divya,Boase,divya.boase2342@hotmail.com,+919882476902,12.872408,77.579175,Bengaluru,Bannerghatta Road,2022-07-05
U02343,Ojas,Grover,ojas.grover2343@hotmail.com,+919990450820,12.969362,77.60946,Bengaluru,Shivajinagar,2023-04-02
U02344,Gaurangi,Shah,gaurangi.shah2344@hotmail.com,+917829725398,12.972926,77.722755,Bengaluru,Brookefield,2021-09-29
U02345,Lucky,Arya,lucky.arya2345@outlook.com,+917401268490,12.923733,77.609731,Bengaluru,BTM Layout,2022-04-08
U02346,Urvi,Sangha,urvi.sangha2346@yahoo.com,+916593124838,12.95529,77.63123,Bengaluru,Domlur,2021-01-20
U02347,Gaurika,Bail,gaurika.bail2347@hotmail.com,+914573485413,12.924773,77.587113,Bengaluru,JP Nagar,2022-10-10
U02348,Peter,Lalla,peter.lalla2348@gmail.com,+912523081973,12.9212,77.579521,Bengaluru,Jayanagar,2023-05-04
U02349,Faraj,Garde,faraj.garde2349@outlook.com,+915204524205,13.01392,77.711549,Bengaluru,KR Puram,2022-09-05
U02350,Aditya,Pandey,aditya.pandey2350@gmail.com,+916131876395,12.904688,77.582904,Bengaluru,JP Nagar,2023-07-14
U02351,Urvi,Agarwal,urvi.agarwal2351@yahoo.com,+910267886951,12.847729,77.659871,Bengaluru,Electronic City,2021-10-09
U02352,Vrinda,Kota,vrinda.kota2352@gmail.com,+917027303820,12.906982,77.599624,Bengaluru,JP Nagar,2022-10-05
U02353,Urmi,Choudhary,urmi.choudhary2353@gmail.com,+911080092821,12.960705,77.624159,Bengaluru,Indiranagar,2021-07-02
U02354,Chakradev,Badal,chakradev.badal2354@hotmail.com,+911514178926,12.987815,77.487132,Bengaluru,Nagarbhavi,2023-11-14
U02355,Bina,Kari,bina.kari2355@gmail.com,+912429555387,12.995376,77.551688,Bengaluru,Malleshwaram,2023-03-18
U02356,Yahvi,Ganesh,yahvi.ganesh2356@gmail.com,+914220583283,12.980937,77.657039,Bengaluru,Indiranagar,2022-10-12
U02357,Manan,Chandra,manan.chandra2357@hotmail.com,+914496324246,12.909855,77.542294,Bengaluru,Banashankari,2022-11-06
U02358,Harish,Modi,harish.modi2358@outlook.com,+914220900143,12.926691,77.574272,Bengaluru,Basavanagudi,2023-11-12
U02359,Gautami,Sethi,gautami.sethi2359@hotmail.com,+919706704302,12.986152,77.766574,Bengaluru,Whitefield,2021-05-05
U02360,Vritti,Panchal,vritti.panchal2360@yahoo.com,+910805423357,12.911635,77.691924,Bengaluru,Bellandur,2022-12-15
U02361,Aarini,Sur,aarini.sur2361@gmail.com,+914288151473,12.824593,77.663355,Bengaluru,Electronic City,2022-04-26
U02362,Zehaan,Patla,zehaan.patla2362@outlook.com,+917999155728,12.995272,77.603709,Bengaluru,Shivajinagar,2022-04-03
U02363,Tara,Arya,tara.arya2363@gmail.com,+911628261362,12.895887,77.620705,Bengaluru,Bommanahalli,2023-12-05
U02364,Ira,Mitra,ira.mitra2364@gmail.com,+911739593295,12.916122,77.667911,Bengaluru,Bellandur,2024-03-24
U02365,Gauri,Vasa,gauri.vasa2365@gmail.com,+915463218270,12.831489,77.692261,Bengaluru,Electronic City,2022-11-18
U02366,Veda,Chowdhury,veda.chowdhury2366@hotmail.com,+916861084476,12.94819,77.637508,Bengaluru,Koramangala,2021-10-12
U02367,Anamika,Venkataraman,anamika.venkataraman2367@hotmail.com,+918674333989,12.983424,77.657697,Bengaluru,Indiranagar,2021-11-19
U02368,Ansh,Divan,ansh.divan2368@yahoo.com,+918804962525,12.872279,77.698119,Bengaluru,Sarjapur,2022-10-18
U02369,Nirja,Kannan,nirja.kannan2369@yahoo.com,+915395313135,12.864984,77.597649,Bengaluru,Bannerghatta Road,2021-08-20
U02370,Lucky,Parikh,lucky.parikh2370@outlook.com,+915174319262,12.915201,77.591836,Bengaluru,Jayanagar,2023-09-18
U02371,Widisha,Balasubramanian,widisha.balasubramanian2371@yahoo.com,+914572654258,12.92615,77.654786,Bengaluru,HSR Layout,2021-08-03
U02372,Yash,Sankar,yash.sankar2372@gmail.com,+914611608107,13.002275,77.690639,Bengaluru,KR Puram,2024-03-13
U02373,Jagvi,Jhaveri,jagvi.jhaveri2373@outlook.com,+918615085511,12.845907,77.691633,Bengaluru,Electronic City,2022-09-16
U02374,Gaurav,Hari,gaurav.hari2374@gmail.com,+910615471057,12.991397,77.649843,Bengaluru,Indiranagar,2022-02-03
U02375,Krishna,Chokshi,krishna.chokshi2375@yahoo.com,+911311942710,12.959649,77.655862,Bengaluru,Domlur,2023-08-04
U02376,Anusha,Sengupta,anusha.sengupta2376@hotmail.com,+916328798815,12.967521,77.652283,Bengaluru,Indiranagar,2021-01-19
U02377,Parth,Lanka,parth.lanka2377@outlook.com,+910695599152,12.978625,77.615178,Bengaluru,Shivajinagar,2023-05-28
U02378,Ikshita,Narula,ikshita.narula2378@outlook.com,+919016153644,12.985113,77.493493,Bengaluru,Nagarbhavi,2021-05-01
U02379,Mahika,Sahni,mahika.sahni2379@yahoo.com,+910030045208,12.961271,77.489377,Bengaluru,Nagarbhavi,2022-03-29
U02380,Anya,More,anya.more2380@hotmail.com,+918883114963,12.959018,77.498252,Bengaluru,Nagarbhavi,2023-11-17
U02381,Rayaan,Barman,rayaan.barman2381@outlook.com,+914121917062,12.896816,77.618737,Bengaluru,Bommanahalli,2022-06-28
U02382,Zinal,Oza,zinal.oza2382@outlook.com,+916032003902,12.935322,77.583788,Bengaluru,Jayanagar,2021-09-16
U02383,Jason,Sant,jason.sant2383@yahoo.com,+919428398112,12.98902,77.61374,Bengaluru,MG Road,2022-12-22
U02384,Suhani,Palan,suhani.palan2384@gmail.com,+912442360256,12.952993,77.753154,Bengaluru,Whitefield,2021-06-25
U02385,Bhavya,Choudhary,bhavya.choudhary2385@yahoo.com,+917123209554,12.91607,77.561058,Bengaluru,Banashankari,2021-09-09
U02386,Abhiram,Tara,abhiram.tara2386@hotmail.com,+918691480306,12.939552,77.616567,Bengaluru,Koramangala,2023-11-12
U02387,Manan,Shukla,manan.shukla2387@yahoo.com,+910903875567,13.095897,77.607213,Bengaluru,Yelahanka,2021-02-10
U02388,Mason,Virk,mason.virk2388@yahoo.com,+912334430471,12.95646,77.565234,Bengaluru,Basavanagudi,2024-02-14
U02389,Bimala,Gaba,bimala.gaba2389@gmail.com,+911395414916,12.828095,77.663794,Bengaluru,Electronic City,2022-12-12
U02390,Chavvi,Sur,chavvi.sur2390@yahoo.com,+914256196232,12.974979,77.735102,Bengaluru,Whitefield,2023-12-18
U02391,Bhavya,Bhattacharyya,bhavya.bhattacharyya2391@yahoo.com,+911377276905,12.954596,77.714084,Bengaluru,Brookefield,2023-01-23
U02392,Chaitaly,Aurora,chaitaly.aurora2392@outlook.com,+913103446943,12.997968,77.550102,Bengaluru,Malleshwaram,2023-11-26
U02393,Sudiksha,Baria,sudiksha.baria2393@yahoo.com,+919768127888,12.993341,77.632956,Bengaluru,Indiranagar,2021-04-07
U02394,Teerth,Mandal,teerth.mandal2394@gmail.com,+912699519062,12.900756,77.636296,Bengaluru,Bommanahalli,2022-01-03
U02395,Jatin,Bera,jatin.bera2395@gmail.com,+912030657128,12.984851,77.612584,Bengaluru,MG Road,2023-01-29
U02396,Vrinda,Mohan,vrinda.mohan2396@outlook.com,+910801360494,12.920354,77.536268,Bengaluru,Banashankari,2023-11-03
U02397,Abdul,Sani,abdul.sani2397@yahoo.com,+914254827189,12.916915,77.557042,Bengaluru,Banashankari,2021-09-03
U02398,Indira,Acharya,indira.acharya2398@hotmail.com,+912296258470,12.943996,77.632201,Bengaluru,Domlur,2024-04-10
U02399,Chandresh,Krishnamurthy,chandresh.krishnamurthy2399@hotmail.com,+919053044319,12.932278,77.532966,Bengaluru,Banashankari,2023-01-15
U02400,Lakshit,Palla,lakshit.palla2400@yahoo.com,+919070097407,13.028611,77.581024,Bengaluru,Hebbal,2023-01-09
U02401,Bhanumati,Thakkar,bhanumati.thakkar2401@yahoo.com,+911090933186,12.949723,77.713525,Bengaluru,Marathahalli,2022-10-31
U02402,Mohammed,Chadha,mohammed.chadha2402@outlook.com,+911469366639,12.896987,77.609549,Bengaluru,Bommanahalli,2024-03-24
U02403,Anika,Dhar,anika.dhar2403@gmail.com,+911807321895,12.917997,77.641588,Bengaluru,HSR Layout,2024-04-08
U02404,Ronith,Sankaran,ronith.sankaran2404@hotmail.com,+914860717754,12.961591,77.764743,Bengaluru,Whitefield,2022-02-24
U02405,Faris,Mannan,faris.mannan2405@outlook.com,+918680477900,13.012962,77.550358,Bengaluru,Malleshwaram,2023-03-22
U02406,Theodore,Balay,theodore.balay2406@outlook.com,+917871913921,12.922779,77.643581,Bengaluru,HSR Layout,2024-03-26
U02407,Urvashi,Pant,urvashi.pant2407@outlook.com,+914669614797,12.986806,77.733881,Bengaluru,Whitefield,2024-04-04
U02408,Yuvraj,Raju,yuvraj.raju2408@yahoo.com,+919481335295,13.007366,77.708122,Bengaluru,KR Puram,2023-03-13
U02409,Pahal,Rastogi,pahal.rastogi2409@gmail.com,+915453042143,12.884306,77.587633,Bengaluru,Bannerghatta Road,2021-03-02
U02410,Guneet,Lal,guneet.lal2410@hotmail.com,+911899940364,12.918387,77.635966,Bengaluru,HSR Layout,2022-12-16
U02411,Chasmum,Mukhopadhyay,chasmum.mukhopadhyay2411@gmail.com,+918783326210,12.965421,77.642276,Bengaluru,Indiranagar,2023-06-07
U02412,Oscar,Sarin,oscar.sarin2412@outlook.com,+919472915515,12.925306,77.637393,Bengaluru,Koramangala,2023-11-07
U02413,Ekantika,Dewan,ekantika.dewan2413@yahoo.com,+912308172607,12.993238,77.697685,Bengaluru,KR Puram,2023-04-16
U02414,Ryan,Krishna,ryan.krishna2414@gmail.com,+914156820727,13.085694,77.588244,Bengaluru,Yelahanka,2022-09-25
U02415,Krishna,Saha,krishna.saha2415@outlook.com,+919401898926,13.018914,77.696981,Bengaluru,KR Puram,2024-03-16
U02416,Ryan,Mitra,ryan.mitra2416@yahoo.com,+917408656002,13.089039,77.611239,Bengaluru,Yelahanka,2023-02-20
U02417,Dalaja,Chada,dalaja.chada2417@hotmail.com,+913493553417,12.85984,77.589911,Bengaluru,Bannerghatta Road,2021-02-20
U02418,Chameli,Shenoy,chameli.shenoy2418@hotmail.com,+917993689195,12.926731,77.578367,Bengaluru,Basavanagudi,2023-03-17
U02419,Qadim,Prashad,qadim.prashad2419@outlook.com,+913477741546,12.891393,77.595712,Bengaluru,JP Nagar,2023-02-10
U02420,Rajeshri,Char,rajeshri.char2420@outlook.com,+919012802914,12.92112,77.599944,Bengaluru,BTM Layout,2021-09-09
U02421,Lakshit,Vyas,lakshit.vyas2421@yahoo.com,+917480155972,12.928427,77.601406,Bengaluru,BTM Layout,2021-04-21
U02422,Riya,Munshi,riya.munshi2422@yahoo.com,+911926807500,12.972896,77.634119,Bengaluru,Indiranagar,2023-07-22
U02423,Yahvi,Parmar,yahvi.parmar2423@yahoo.com,+918880697338,13.004442,77.599467,Bengaluru,Shivajinagar,2022-02-27
U02424,Upadhriti,Pandya,upadhriti.pandya2424@gmail.com,+912352881513,12.94847,77.583189,Bengaluru,Jayanagar,2023-06-25
U02425,Prisha,Shukla,prisha.shukla2425@hotmail.com,+910023977043,13.103957,77.600103,Bengaluru,Yelahanka,2021-07-20
U02426,Osha,Roy,osha.roy2426@outlook.com,+916388832899,12.901077,77.633678,Bengaluru,HSR Layout,2021-05-10
U02427,Triya,Bala,triya.bala2427@gmail.com,+917549811180,13.042238,77.605017,Bengaluru,Hebbal,2023-01-29
U02428,Avi,Sama,avi.sama2428@gmail.com,+919891128147,12.97771,77.616442,Bengaluru,MG Road,2024-01-23
U02429,Gaurang,Dey,gaurang.dey2429@outlook.com,+911154033596,12.961382,77.751764,Bengaluru,Whitefield,2021-03-08
U02430,Chasmum,Kibe,chasmum.kibe2430@hotmail.com,+915530962771,12.970774,77.614665,Bengaluru,Shivajinagar,2021-03-22
U02431,Yauvani,Prakash,yauvani.prakash2431@yahoo.com,+911776260949,12.957998,77.639315,Bengaluru,Domlur,2021-05-02
U02432,Joshua,Memon,joshua.memon2432@outlook.com,+913795696826,12.944858,77.598589,Bengaluru,Jayanagar,2023-01-30
U02433,Chatresh,Ramaswamy,chatresh.ramaswamy2433@yahoo.com,+910417958830,12.880598,77.615397,Bengaluru,Bommanahalli,2024-02-23
U02434,Jeremiah,Rau,jeremiah.rau2434@yahoo.com,+916600285503,12.949185,77.681239,Bengaluru,Marathahalli,2023-06-29
U02435,Abeer,Shere,abeer.shere2435@hotmail.com,+910689731736,12.97431,77.630786,Bengaluru,Domlur,2021-06-14
U02436,Zarna,Sharma,zarna.sharma2436@yahoo.com,+911010945975,13.047824,77.609746,Bengaluru,Hebbal,2022-05-26
U02437,Chatura,Chad,chatura.chad2437@yahoo.com,+917308163481,12.990741,77.6776,Bengaluru,KR Puram,2021-01-21
U02438,Christopher,Madan,christopher.madan2438@yahoo.com,+912577261958,12.894356,77.633107,Bengaluru,HSR Layout,2023-08-06
U02439,Hredhaan,Nath,hredhaan.nath2439@hotmail.com,+912735858243,12.889636,77.609626,Bengaluru,Bommanahalli,2021-08-19
U02440,Gunbir,Mannan,gunbir.mannan2440@gmail.com,+915762362391,12.840817,77.664502,Bengaluru,Electronic City,2023-11-10
U02441,Vasatika,Narula,vasatika.narula2441@outlook.com,+912485525687,13.108277,77.606449,Bengaluru,Yelahanka,2021-01-05
U02442,Darsh,Dara,darsh.dara2442@gmail.com,+913572989820,12.90728,77.602757,Bengaluru,Bommanahalli,2023-03-14
U02443,Yasti,Bera,yasti.bera2443@yahoo.com,+912912716431,12.996085,77.558315,Bengaluru,Malleshwaram,2024-01-25
U02444,Samarth,Varty,samarth.varty2444@gmail.com,+916841160201,12.954584,77.706932,Bengaluru,Brookefield,2021-05-04
U02445,Maanas,Tandon,maanas.tandon2445@yahoo.com,+918472387484,12.895013,77.569027,Bengaluru,JP Nagar,2022-12-29
U02446,Laban,Kapoor,laban.kapoor2446@yahoo.com,+919802250913,12.863954,77.693609,Bengaluru,Sarjapur,2023-04-18
U02447,Mohammed,Mitra,mohammed.mitra2447@gmail.com,+917421415709,13.008889,77.576086,Bengaluru,Malleshwaram,2022-03-17
U02448,Deepa,Ahuja,deepa.ahuja2448@gmail.com,+916059899261,12.971083,77.632749,Bengaluru,MG Road,2022-06-29
U02449,Vedhika,Iyer,vedhika.iyer2449@outlook.com,+916149434050,12.952679,77.742635,Bengaluru,Whitefield,2023-09-23
U02450,Ishwar,Bhavsar,ishwar.bhavsar2450@hotmail.com,+911945754523,12.901915,77.648681,Bengaluru,HSR Layout,2023-10-22
U02451,Aadi,Dua,aadi.dua2451@hotmail.com,+919550552411,12.985526,77.556454,Bengaluru,Rajajinagar,2021-09-15
U02452,Jai,Venkatesh,jai.venkatesh2452@gmail.com,+914099229346,12.935902,77.629636,Bengaluru,Koramangala,2022-10-27
U02453,Gunbir,Kota,gunbir.kota2453@outlook.com,+918354599572,12.930645,77.573023,Bengaluru,Basavanagudi,2022-08-27
U02454,Samarth,Chawla,samarth.chawla2454@outlook.com,+910023097296,13.089955,77.596996,Bengaluru,Yelahanka,2022-11-19
U02455,Urvi,Bakshi,urvi.bakshi2455@yahoo.com,+916619828590,13.003451,77.69589,Bengaluru,KR Puram,2024-01-15
U02456,Yashasvi,Sawhney,yashasvi.sawhney2456@outlook.com,+914102301301,12.909191,77.661999,Bengaluru,Bellandur,2022-03-25
U02457,Mahika,Bhakta,mahika.bhakta2457@yahoo.com,+919886849666,12.902393,77.634902,Bengaluru,HSR Layout,2022-05-21
U02458,Jairaj,Mital,jairaj.mital2458@outlook.com,+911539122190,12.857964,77.675832,Bengaluru,Sarjapur,2023-11-15
U02459,Nidhi,Sule,nidhi.sule2459@hotmail.com,+915690436444,12.914634,77.690242,Bengaluru,Bellandur,2021-03-08
U02460,Qarin,Keer,qarin.keer2460@hotmail.com,+914211067099,12.880447,77.60143,Bengaluru,Bannerghatta Road,2022-06-18
U02461,Abha,Sarna,abha.sarna2461@gmail.com,+912615187104,12.941712,77.707859,Bengaluru,Brookefield,2022-04-15
U02462,Jatin,Sankaran,jatin.sankaran2462@hotmail.com,+916389892284,12.941554,77.6175,Bengaluru,Koramangala,2022-06-20
U02463,Madhav,Bains,madhav.bains2463@outlook.com,+919057358054,12.996285,77.657002,Bengaluru,Indiranagar,2023-09-21
U02464,Qasim,Dhar,qasim.dhar2464@yahoo.com,+915006921539,12.967323,77.735665,Bengaluru,Whitefield,2023-06-28
U02465,Wridesh,Garde,wridesh.garde2465@outlook.com,+916748179890,12.940992,77.7277,Bengaluru,Brookefield,2021-02-18
U02466,Yasti,Iyer,yasti.iyer2466@gmail.com,+919375813012,12.922955,77.600535,Bengaluru,BTM Layout,2022-05-09
U02467,Vamakshi,Srinivasan,vamakshi.srinivasan2467@outlook.com,+919571813410,12.910138,77.642887,Bengaluru,HSR Layout,2022-08-04
U02468,Bimala,Mann,bimala.mann2468@gmail.com,+919185361067,12.920758,77.566177,Bengaluru,JP Nagar,2023-03-07
U02469,Harish,Tailor,harish.tailor2469@hotmail.com,+910258912717,12.934073,77.62076,Bengaluru,Koramangala,2023-09-13
U02470,Jhalak,Maharaj,jhalak.maharaj2470@hotmail.com,+915781052894,12.916335,77.556978,Bengaluru,Banashankari,2024-01-09
U02471,Mahika,Raju,mahika.raju2471@hotmail.com,+911855256767,12.908336,77.644713,Bengaluru,HSR Layout,2022-04-24
U02472,Hredhaan,Shetty,hredhaan.shetty2472@gmail.com,+914116691153,12.958687,77.644468,Bengaluru,Domlur,2022-10-21
U02473,Omaja,Sandal,omaja.sandal2473@outlook.com,+914269969697,12.822648,77.681976,Bengaluru,Electronic City,2021-10-24
U02474,Manbir,Bala,manbir.bala2474@gmail.com,+917828160413,13.101087,77.600455,Bengaluru,Yelahanka,2021-04-15
U02475,Bhanumati,Shankar,bhanumati.shankar2475@hotmail.com,+910497038341,12.928848,77.554325,Bengaluru,Banashankari,2022-07-09
U02476,Jai,Ramachandran,jai.ramachandran2476@gmail.com,+915770183078,12.925782,77.638023,Bengaluru,Koramangala,2023-01-27
U02477,Advay,Mitter,advay.mitter2477@yahoo.com,+915609432013,12.843948,77.659727,Bengaluru,Electronic City,2022-05-29
U02478,Bahadurjit,Saxena,bahadurjit.saxena2478@yahoo.com,+919354035713,12.965838,77.652458,Bengaluru,Indiranagar,2022-02-07
U02479,Brijesh,Pant,brijesh.pant2479@outlook.com,+912781219657,12.926132,77.601475,Bengaluru,BTM Layout,2023-09-23
U02480,Liam,Sidhu,liam.sidhu2480@outlook.com,+919606607664,12.970733,77.712309,Bengaluru,Marathahalli,2022-08-13
U02481,Tara,Malhotra,tara.malhotra2481@outlook.com,+918348549751,12.910846,77.538608,Bengaluru,Banashankari,2023-04-10
U02482,Aditya,Dutt,aditya.dutt2482@gmail.com,+915832697360,12.998828,77.694115,Bengaluru,KR Puram,2021-02-20
U02483,Ishita,Tella,ishita.tella2483@gmail.com,+917982109592,13.116912,77.586646,Bengaluru,Yelahanka,2021-05-25
U02484,Yahvi,Kade,yahvi.kade2484@yahoo.com,+918596834511,12.927542,77.537565,Bengaluru,Banashankari,2022-01-03
U02485,Ikshita,Vohra,ikshita.vohra2485@gmail.com,+915151382226,13.112927,77.58108,Bengaluru,Yelahanka,2023-02-26
U02486,Madhavi,Varghese,madhavi.varghese2486@outlook.com,+918349960520,12.934932,77.572887,Bengaluru,Jayanagar,2023-11-13
U02487,Dev,Ghosh,dev.ghosh2487@yahoo.com,+912679138851,12.886281,77.597286,Bengaluru,Bannerghatta Road,2022-10-11
U02488,Max,Pandey,max.pandey2488@gmail.com,+918718829917,13.003206,77.570465,Bengaluru,Malleshwaram,2022-09-04
U02489,Harinakshi,Sharaf,harinakshi.sharaf2489@hotmail.com,+911545806187,12.943114,77.648319,Bengaluru,Domlur,2023-05-09
U02490,Logan,Mallick,logan.mallick2490@yahoo.com,+915122016357,12.961381,77.625697,Bengaluru,Indiranagar,2023-04-27
U02491,Chavvi,Ramesh,chavvi.ramesh2491@outlook.com,+912598568421,12.94631,77.56543,Bengaluru,Basavanagudi,2023-07-02
U02492,Ekansh,Sule,ekansh.sule2492@outlook.com,+915414301942,12.884683,77.619333,Bengaluru,Bommanahalli,2022-03-03
U02493,Krisha,Sodhi,krisha.sodhi2493@yahoo.com,+913251531043,12.956416,77.573404,Bengaluru,Basavanagudi,2023-03-30
U02494,Pranit,Tripathi,pranit.tripathi2494@yahoo.com,+910025904754,12.936718,77.61698,Bengaluru,Koramangala,2021-07-03
U02495,Aashi,Dayal,aashi.dayal2495@gmail.com,+911359518469,12.907032,77.616604,Bengaluru,Bommanahalli,2023-08-12
U02496,Ekiya,Pall,ekiya.pall2496@outlook.com,+911271992724,12.882214,77.606297,Bengaluru,Bommanahalli,2023-08-27
U02497,Netra,Bir,netra.bir2497@hotmail.com,+913333065597,12.915376,77.640333,Bengaluru,HSR Layout,2024-01-08
U02498,Chakradev,Balan,chakradev.balan2498@outlook.com,+912022796177,12.967594,77.495709,Bengaluru,Nagarbhavi,2021-09-26
U02499,Nathan,Kata,nathan.kata2499@yahoo.com,+910855172948,12.987993,77.679645,Bengaluru,KR Puram,2023-12-30
U02500,Gopal,Cherian,gopal.cherian2500@yahoo.com,+911989683540,12.968512,77.640511,Bengaluru,Domlur,2021-08-24
U02501,Xalak,Soni,xalak.soni2501@hotmail.com,+910605643290,12.990079,77.561368,Bengaluru,Malleshwaram,2022-06-05
U02502,Ekiya,Kata,ekiya.kata2502@gmail.com,+911572750636,12.978788,77.644775,Bengaluru,Indiranagar,2024-03-24
U02503,Warjas,Cheema,warjas.cheema2503@yahoo.com,+915053865312,12.89529,77.584522,Bengaluru,JP Nagar,2021-11-28
U02504,Owen,Rajagopalan,owen.rajagopalan2504@outlook.com,+910941844462,12.90998,77.601667,Bengaluru,BTM Layout,2021-11-12
U02505,Osha,Bhatt,osha.bhatt2505@yahoo.com,+915797273139,12.954891,77.517856,Bengaluru,Nagarbhavi,2022-09-23
U02506,David,Krishna,david.krishna2506@gmail.com,+912938074385,12.919532,77.568367,Bengaluru,JP Nagar,2023-11-11
U02507,Ishwar,Barad,ishwar.barad2507@yahoo.com,+913216515567,12.988478,77.503502,Bengaluru,Nagarbhavi,2021-04-03
U02508,Elijah,Sathe,elijah.sathe2508@gmail.com,+917277876597,12.967749,77.695199,Bengaluru,Marathahalli,2021-04-10
U02509,Kavya,Balan,kavya.balan2509@outlook.com,+910502119250,12.946563,77.694507,Bengaluru,Marathahalli,2023-09-03
U02510,Owen,Nagi,owen.nagi2510@yahoo.com,+918251702455,12.881431,77.595998,Bengaluru,Bannerghatta Road,2023-03-23
U02511,Hritik,Sengupta,hritik.sengupta2511@hotmail.com,+916934432228,12.970283,77.70021,Bengaluru,Brookefield,2022-06-08
U02512,Krishna,Deol,krishna.deol2512@gmail.com,+910273220448,12.914634,77.598243,Bengaluru,BTM Layout,2022-02-07
U02513,Ryan,Hayre,ryan.hayre2513@outlook.com,+913444622792,12.822237,77.659894,Bengaluru,Electronic City,2022-12-29
U02514,Zayyan,Swaminathan,zayyan.swaminathan2514@yahoo.com,+913347720484,12.845967,77.674127,Bengaluru,Sarjapur,2022-07-20
U02515,Raksha,Mangal,raksha.mangal2515@hotmail.com,+918255994848,12.830527,77.688656,Bengaluru,Electronic City,2021-10-26
U02516,Umang,Jaggi,umang.jaggi2516@outlook.com,+916559876941,12.916696,77.59979,Bengaluru,JP Nagar,2024-03-28
U02517,Neel,Saraf,neel.saraf2517@hotmail.com,+910623591693,12.974804,77.679511,Bengaluru,Marathahalli,2021-07-11
U02518,Rehaan,Chadha,rehaan.chadha2518@outlook.com,+916495665660,12.957191,77.493618,Bengaluru,Nagarbhavi,2022-07-21
U02519,Arjun,Char,arjun.char2519@yahoo.com,+915130961273,12.913713,77.582986,Bengaluru,JP Nagar,2022-07-27
U02520,Samar,Bandi,samar.bandi2520@hotmail.com,+919418442654,12.847338,77.689103,Bengaluru,Electronic City,2022-09-26
U02521,Logan,Ahluwalia,logan.ahluwalia2521@gmail.com,+917549415874,12.991737,77.591024,Bengaluru,Shivajinagar,2023-01-24
U02522,Jagvi,Reddy,jagvi.reddy2522@gmail.com,+912295185897,12.929169,77.669676,Bengaluru,Bellandur,2021-12-21
U02523,Ekbal,Oak,ekbal.oak2523@outlook.com,+910891490876,12.943136,77.559492,Bengaluru,Basavanagudi,2022-12-22
U02524,Qasim,Wable,qasim.wable2524@hotmail.com,+918004869080,12.977913,77.630896,Bengaluru,MG Road,2022-07-25
U02525,Watika,Gupta,watika.gupta2525@yahoo.com,+914909342749,12.884085,77.630384,Bengaluru,Bommanahalli,2021-11-26
U02526,Sarthak,Som,sarthak.som2526@outlook.com,+912815515624,13.053005,77.589643,Bengaluru,Hebbal,2021-12-16
U02527,Xiti,Pandey,xiti.pandey2527@yahoo.com,+912043016042,12.979783,77.628326,Bengaluru,MG Road,2022-10-09
U02528,Ishanvi,Devi,ishanvi.devi2528@hotmail.com,+919972984685,13.113371,77.605248,Bengaluru,Yelahanka,2023-01-29
U02529,Ekalinga,Sarna,ekalinga.sarna2529@hotmail.com,+915057599753,12.872479,77.680902,Bengaluru,Sarjapur,2021-03-03
U02530,Prisha,Puri,prisha.puri2530@gmail.com,+918194054846,12.875721,77.583472,Bengaluru,Bannerghatta Road,2023-12-28
U02531,Ekavir,Brar,ekavir.brar2531@gmail.com,+919358058307,12.866286,77.583811,Bengaluru,Bannerghatta Road,2023-12-31
U02532,Joshua,Varughese,joshua.varughese2532@gmail.com,+914260244211,12.953891,77.561725,Bengaluru,Basavanagudi,2022-10-14
U02533,Chanchal,Chaudhuri,chanchal.chaudhuri2533@outlook.com,+912743684850,12.933439,77.555821,Bengaluru,Banashankari,2023-02-28
U02534,Jacob,Tara,jacob.tara2534@outlook.com,+912355044057,13.018597,77.587626,Bengaluru,Hebbal,2021-10-12
U02535,Vihaan,Behl,vihaan.behl2535@hotmail.com,+910802011041,12.87891,77.612139,Bengaluru,Bannerghatta Road,2021-09-22
U02536,Ganga,Bajaj,ganga.bajaj2536@hotmail.com,+914960225092,12.947189,77.584156,Bengaluru,Jayanagar,2021-04-01
U02537,Udarsh,Mann,udarsh.mann2537@outlook.com,+912617282702,12.988123,77.680284,Bengaluru,KR Puram,2022-11-20
U02538,Zayan,Ramakrishnan,zayan.ramakrishnan2538@outlook.com,+912797604027,12.892063,77.605195,Bengaluru,Bommanahalli,2024-03-01
U02539,Ishita,Bir,ishita.bir2539@yahoo.com,+911008495254,12.970985,77.756789,Bengaluru,Whitefield,2021-01-29
U02540,Nakul,Mani,nakul.mani2540@yahoo.com,+911889345764,12.991472,77.649653,Bengaluru,Indiranagar,2023-01-17
U02541,Falan,Warrior,falan.warrior2541@hotmail.com,+916911616466,12.979564,77.601203,Bengaluru,Shivajinagar,2021-11-14
U02542,Wyatt,Vasa,wyatt.vasa2542@hotmail.com,+913188297876,12.948736,77.564604,Bengaluru,Basavanagudi,2023-06-01
U02543,Xiti,Muni,xiti.muni2543@outlook.com,+914851662635,12.968029,77.62608,Bengaluru,Domlur,2023-12-01
U02544,Mohini,Bhandari,mohini.bhandari2544@outlook.com,+912405416833,13.046001,77.58967,Bengaluru,Hebbal,2022-11-07
U02545,Indrajit,Sinha,indrajit.sinha2545@outlook.com,+912380327055,12.98335,77.7383,Bengaluru,Whitefield,2023-08-16
U02546,Adya,Balan,adya.balan2546@outlook.com,+912432058920,12.831933,77.665083,Bengaluru,Electronic City,2021-07-11
U02547,Bachittar,Nigam,bachittar.nigam2547@gmail.com,+912661367634,12.880287,77.599544,Bengaluru,Bannerghatta Road,2022-06-19
U02548,Oviya,Lal,oviya.lal2548@outlook.com,+919580312013,12.972294,77.707934,Bengaluru,Brookefield,2021-10-27
U02549,Sai,Natt,sai.natt2549@hotmail.com,+915596521177,12.886207,77.604324,Bengaluru,Bannerghatta Road,2023-11-16
U02550,Daniel,Dewan,daniel.dewan2550@yahoo.com,+911059390306,12.873243,77.57821,Bengaluru,Bannerghatta Road,2023-10-23
U02551,Samarth,Narayan,samarth.narayan2551@hotmail.com,+912149290783,12.850759,77.663422,Bengaluru,Electronic City,2021-02-14
U02552,David,Keer,david.keer2552@hotmail.com,+915021098593,12.907738,77.658108,Bengaluru,Bellandur,2021-09-30
U02553,Wakeeta,Bora,wakeeta.bora2553@outlook.com,+918291353941,12.983216,77.647571,Bengaluru,Indiranagar,2022-02-08
U02554,Balendra,Pal,balendra.pal2554@hotmail.com,+917429331756,13.010364,77.680733,Bengaluru,KR Puram,2021-10-20
U02555,Ekavir,Saha,ekavir.saha2555@gmail.com,+915969554917,12.900421,77.656341,Bengaluru,HSR Layout,2021-08-22
U02556,Faris,Srinivas,faris.srinivas2556@outlook.com,+917634162531,12.945069,77.640373,Bengaluru,Domlur,2022-12-02
U02557,Kai,Madan,kai.madan2557@yahoo.com,+913930457412,13.092073,77.601613,Bengaluru,Yelahanka,2023-07-13
U02558,Benjamin,Chawla,benjamin.chawla2558@gmail.com,+917790542531,12.991387,77.621705,Bengaluru,MG Road,2022-05-25
U02559,Balendra,Taneja,balendra.taneja2559@hotmail.com,+917217887287,12.930497,77.563117,Bengaluru,Banashankari,2023-08-07
U02560,Yashica,Kar,yashica.kar2560@outlook.com,+910312354836,12.877671,77.696217,Bengaluru,Sarjapur,2021-01-19
U02561,Inaya,Sankar,inaya.sankar2561@hotmail.com,+911832395302,13.088137,77.586482,Bengaluru,Yelahanka,2023-10-02
U02562,Vanya,Mitter,vanya.mitter2562@yahoo.com,+913931591051,12.905898,77.6414,Bengaluru,HSR Layout,2021-11-16
U02563,Vedant,Bail,vedant.bail2563@hotmail.com,+917228108918,12.969135,77.632765,Bengaluru,Domlur,2024-03-07
U02564,Christopher,Bal,christopher.bal2564@outlook.com,+910038891132,12.896674,77.601197,Bengaluru,Bommanahalli,2021-04-10
U02565,Rohan,Warrior,rohan.warrior2565@hotmail.com,+913374961269,12.968736,77.623589,Bengaluru,Indiranagar,2021-03-01
U02566,Ladli,Badami,ladli.badami2566@gmail.com,+919344696909,12.933418,77.634985,Bengaluru,Koramangala,2023-08-22
U02567,Vasatika,Ben,vasatika.ben2567@yahoo.com,+919804460079,12.953525,77.739681,Bengaluru,Whitefield,2023-06-26
U02568,Lila,Purohit,lila.purohit2568@yahoo.com,+915920273049,12.925294,77.653733,Bengaluru,HSR Layout,2022-03-18
U02569,Jeremiah,Sani,jeremiah.sani2569@gmail.com,+915014430111,12.973707,77.506066,Bengaluru,Nagarbhavi,2022-11-04
U02570,Prisha,Devi,prisha.devi2570@outlook.com,+912107535354,12.97169,77.712419,Bengaluru,Brookefield,2021-08-04
U02571,Jack,Sarma,jack.sarma2571@hotmail.com,+913755849128,13.018725,77.703298,Bengaluru,KR Puram,2023-01-29
U02572,Jacob,Pillai,jacob.pillai2572@yahoo.com,+919148596189,12.90362,77.594914,Bengaluru,JP Nagar,2022-09-18
U02573,Indira,Hari,indira.hari2573@outlook.com,+917398930161,12.851833,77.670605,Bengaluru,Electronic City,2022-06-05
U02574,Hemal,Sarkar,hemal.sarkar2574@yahoo.com,+912628115071,12.924158,77.598783,Bengaluru,JP Nagar,2022-09-03
U02575,Dalbir,Khanna,dalbir.khanna2575@yahoo.com,+911711467530,13.101637,77.607957,Bengaluru,Yelahanka,2021-10-24
U02576,Vincent,Chanda,vincent.chanda2576@gmail.com,+915701430276,12.927661,77.648926,Bengaluru,HSR Layout,2022-11-08
U02577,Advaith,Karan,advaith.karan2577@gmail.com,+912440428324,13.041343,77.602673,Bengaluru,Hebbal,2023-11-14
U02578,Nitara,Yadav,nitara.yadav2578@outlook.com,+911084297967,12.925305,77.566685,Bengaluru,JP Nagar,2022-06-29
U02579,Chakradev,Aurora,chakradev.aurora2579@yahoo.com,+911325621274,12.935263,77.571593,Bengaluru,Basavanagudi,2022-03-05
U02580,Zaid,Bhandari,zaid.bhandari2580@outlook.com,+915516297729,12.925788,77.647052,Bengaluru,HSR Layout,2021-01-28
U02581,Faraj,Bhandari,faraj.bhandari2581@hotmail.com,+914961746487,12.90817,77.645125,Bengaluru,HSR Layout,2022-03-28
U02582,Jonathan,Sarna,jonathan.sarna2582@gmail.com,+919520757046,12.965802,77.713028,Bengaluru,Brookefield,2023-08-26
U02583,Pranit,Mandal,pranit.mandal2583@hotmail.com,+915303763174,12.926865,77.664672,Bengaluru,Bellandur,2021-06-14
U02584,Caleb,Murthy,caleb.murthy2584@hotmail.com,+914312182725,12.847167,77.694432,Bengaluru,Sarjapur,2023-07-28
U02585,Inaya,Konda,inaya.konda2585@outlook.com,+915317841647,12.999399,77.599365,Bengaluru,Shivajinagar,2023-10-17
U02586,Brinda,Dayal,brinda.dayal2586@gmail.com,+917541579614,12.865584,77.591145,Bengaluru,Bannerghatta Road,2022-11-08
U02587,Mitali,Srinivas,mitali.srinivas2587@yahoo.com,+912820978862,12.958766,77.520701,Bengaluru,Nagarbhavi,2022-07-18
U02588,Jason,Bose,jason.bose2588@yahoo.com,+912213286879,12.921755,77.577526,Bengaluru,Jayanagar,2022-07-22
U02589,Faraj,Krishna,faraj.krishna2589@outlook.com,+918960993947,13.019451,77.684367,Bengaluru,KR Puram,2024-03-09
U02590,Samesh,Talwar,samesh.talwar2590@yahoo.com,+914328019409,13.004784,77.572011,Bengaluru,Malleshwaram,2022-09-11
U02591,Ishanvi,Kannan,ishanvi.kannan2591@gmail.com,+917154894950,12.835052,77.674812,Bengaluru,Electronic City,2021-08-11
U02592,Sachi,Mittal,sachi.mittal2592@hotmail.com,+913607682637,12.994092,77.583167,Bengaluru,Malleshwaram,2021-09-16
U02593,Jeevika,Master,jeevika.master2593@outlook.com,+916465215724,12.855903,77.659675,Bengaluru,Electronic City,2024-03-13
U02594,Yash,Vyas,yash.vyas2594@hotmail.com,+914643989979,12.964917,77.634412,Bengaluru,Domlur,2022-10-29
U02595,Amara,Nagar,amara.nagar2595@gmail.com,+914666052261,12.898747,77.607987,Bengaluru,BTM Layout,2021-01-02
U02596,Yahvi,Chawla,yahvi.chawla2596@yahoo.com,+915206409191,12.941924,77.583265,Bengaluru,Jayanagar,2021-02-14
U02597,Chatura,Pal,chatura.pal2597@gmail.com,+916935489102,12.880794,77.593822,Bengaluru,Bannerghatta Road,2023-03-27
U02598,Nirja,Sunder,nirja.sunder2598@gmail.com,+915581673833,12.881643,77.605304,Bengaluru,Bommanahalli,2021-06-26
U02599,Ati,Brar,ati.brar2599@gmail.com,+919835632770,12.982401,77.634159,Bengaluru,MG Road,2022-08-22
U02600,Samar,Devan,samar.devan2600@yahoo.com,+918875257687,12.913205,77.62083,Bengaluru,BTM Layout,2021-11-03
U02601,Vihaan,Mody,vihaan.mody2601@outlook.com,+917979752542,13.018628,77.55621,Bengaluru,Malleshwaram,2022-05-27
U02602,Shivansh,Das,shivansh.das2602@gmail.com,+918495982634,12.985695,77.735153,Bengaluru,Whitefield,2023-05-01
U02603,Kashish,Dhar,kashish.dhar2603@outlook.com,+915375499049,12.899554,77.624405,Bengaluru,Bommanahalli,2021-03-28
U02604,Balendra,Keer,balendra.keer2604@gmail.com,+911010898726,12.952211,77.699194,Bengaluru,Brookefield,2022-06-07
U02605,Ria,Setty,ria.setty2605@outlook.com,+911373926669,12.993391,77.595639,Bengaluru,Shivajinagar,2023-07-10
U02606,Ishaan,Bail,ishaan.bail2606@gmail.com,+913703947312,13.012708,77.574382,Bengaluru,Malleshwaram,2023-12-22
U02607,Wishi,Bandi,wishi.bandi2607@outlook.com,+910751497674,12.981723,77.498854,Bengaluru,Nagarbhavi,2023-10-12
U02608,Anamika,Mall,anamika.mall2608@hotmail.com,+914160731985,12.962465,77.628318,Bengaluru,Indiranagar,2023-09-22
U02609,Leena,Mital,leena.mital2609@hotmail.com,+918255661282,12.990476,77.655083,Bengaluru,Indiranagar,2023-12-25
U02610,Frado,Bhasin,frado.bhasin2610@yahoo.com,+917274064708,12.988432,77.48877,Bengaluru,Nagarbhavi,2024-02-11
U02611,Arya,Rajagopalan,arya.rajagopalan2611@outlook.com,+911607302758,12.859436,77.677777,Bengaluru,Sarjapur,2024-03-18
U02612,Warhi,Bahl,warhi.bahl2612@yahoo.com,+915000943659,12.928739,77.5608,Bengaluru,Banashankari,2021-01-22
U02613,Lavanya,Rajagopalan,lavanya.rajagopalan2613@hotmail.com,+914542233606,13.109294,77.607606,Bengaluru,Yelahanka,2022-11-22
U02614,Sachi,Basu,sachi.basu2614@outlook.com,+912969321529,12.978475,77.496016,Bengaluru,Nagarbhavi,2023-06-28
U02615,Udarsh,Jha,udarsh.jha2615@hotmail.com,+917088548188,12.899328,77.621548,Bengaluru,Bommanahalli,2021-06-11
U02616,Ladli,Gour,ladli.gour2616@gmail.com,+911254724633,12.928357,77.587534,Bengaluru,Jayanagar,2022-05-29
U02617,Raagini,Walia,raagini.walia2617@outlook.com,+919430894366,12.987726,77.63369,Bengaluru,Indiranagar,2021-01-09
U02618,Charles,Mody,charles.mody2618@gmail.com,+914719961306,13.108056,77.596049,Bengaluru,Yelahanka,2022-11-13
U02619,Azad,Pall,azad.pall2619@hotmail.com,+913080287852,12.970583,77.62666,Bengaluru,MG Road,2021-09-11
U02620,Atharv,Nayar,atharv.nayar2620@outlook.com,+916953517171,12.932583,77.554863,Bengaluru,Banashankari,2021-03-05
U02621,Adweta,Kalita,adweta.kalita2621@gmail.com,+911723613280,12.971746,77.736493,Bengaluru,Whitefield,2022-05-23
U02622,Ayaan,Om,ayaan.om2622@outlook.com,+910874950334,12.918846,77.610276,Bengaluru,Koramangala,2022-09-05
U02623,Radha,Sane,radha.sane2623@hotmail.com,+916414022695,13.098478,77.591539,Bengaluru,Yelahanka,2022-02-17
U02624,Dakshesh,Chopra,dakshesh.chopra2624@gmail.com,+918461802882,13.111512,77.584624,Bengaluru,Yelahanka,2022-07-11
U02625,Lipika,Mani,lipika.mani2625@outlook.com,+917721183185,12.918869,77.611509,Bengaluru,BTM Layout,2022-01-31
U02626,Ubika,Samra,ubika.samra2626@yahoo.com,+919720486818,12.918906,77.632176,Bengaluru,HSR Layout,2021-03-10
U02627,Zilmil,Lad,zilmil.lad2627@gmail.com,+919250698321,12.914724,77.575921,Bengaluru,Jayanagar,2021-09-14
U02628,Nicholas,Raj,nicholas.raj2628@outlook.com,+918631468704,12.932984,77.682462,Bengaluru,Bellandur,2023-05-10
U02629,Unni,Khanna,unni.khanna2629@gmail.com,+911669553921,12.884799,77.580416,Bengaluru,Bannerghatta Road,2023-01-15
U02630,Kevin,Aurora,kevin.aurora2630@yahoo.com,+916488078899,12.946451,77.645576,Bengaluru,Domlur,2022-08-13
U02631,Avni,Mahal,avni.mahal2631@hotmail.com,+910983922282,12.978381,77.651388,Bengaluru,Indiranagar,2022-04-26
U02632,Frederick,Krish,frederick.krish2632@yahoo.com,+915234841719,12.974668,77.766719,Bengaluru,Whitefield,2021-08-29
U02633,Chakrika,Nazareth,chakrika.nazareth2633@outlook.com,+911779185064,12.945606,77.710464,Bengaluru,Marathahalli,2023-07-06
U02634,Megha,Barad,megha.barad2634@hotmail.com,+912036071498,12.973189,77.748277,Bengaluru,Whitefield,2022-04-07
U02635,Anusha,Pathak,anusha.pathak2635@outlook.com,+915767631413,13.019158,77.586321,Bengaluru,Hebbal,2022-07-24
U02636,Amruta,Krishna,amruta.krishna2636@yahoo.com,+912239478000,12.990615,77.698454,Bengaluru,KR Puram,2022-03-06
U02637,Advik,Dash,advik.dash2637@hotmail.com,+915663685688,12.986188,77.577271,Bengaluru,Malleshwaram,2021-08-24
U02638,Damyanti,Nagi,damyanti.nagi2638@hotmail.com,+914829045057,12.989216,77.678773,Bengaluru,KR Puram,2022-02-25
U02639,Aishani,Gola,aishani.gola2639@hotmail.com,+910562597223,12.903197,77.60682,Bengaluru,BTM Layout,2022-02-11
U02640,Sachi,Shere,sachi.shere2640@outlook.com,+912884583160,12.908474,77.556837,Bengaluru,Banashankari,2022-09-29
U02641,Anay,Sarraf,anay.sarraf2641@gmail.com,+913307726292,12.843463,77.686368,Bengaluru,Electronic City,2021-08-11
U02642,Aditya,Shukla,aditya.shukla2642@outlook.com,+913282485802,12.859844,77.670566,Bengaluru,Sarjapur,2023-01-04
U02643,Balhaar,Parmer,balhaar.parmer2643@outlook.com,+919397251089,12.890268,77.61546,Bengaluru,Bommanahalli,2023-11-16
U02644,Varsha,Kamdar,varsha.kamdar2644@yahoo.com,+918551895539,13.098247,77.581394,Bengaluru,Yelahanka,2024-01-24
U02645,Nilima,Bhardwaj,nilima.bhardwaj2645@yahoo.com,+918521461110,12.920169,77.667365,Bengaluru,Bellandur,2022-03-01
U02646,Fariq,Malhotra,fariq.malhotra2646@hotmail.com,+914223413242,12.866667,77.599011,Bengaluru,Bannerghatta Road,2024-03-10
U02647,Dipta,Bhatt,dipta.bhatt2647@yahoo.com,+915195654560,13.107378,77.584213,Bengaluru,Yelahanka,2023-02-09
U02648,Ridhi,Gole,ridhi.gole2648@hotmail.com,+919964176570,12.953675,77.693153,Bengaluru,Marathahalli,2022-01-31
U02649,Aarna,Majumdar,aarna.majumdar2649@outlook.com,+911200325866,12.923768,77.563936,Bengaluru,Banashankari,2024-04-06
U02650,Aashi,Talwar,aashi.talwar2650@hotmail.com,+918709126671,12.916017,77.598461,Bengaluru,BTM Layout,2024-03-03
U02651,Joshua,Karan,joshua.karan2651@yahoo.com,+919713027151,12.915421,77.533701,Bengaluru,Banashankari,2023-08-23
U02652,Owen,Din,owen.din2652@yahoo.com,+919018736376,12.930083,77.624808,Bengaluru,BTM Layout,2023-06-04
U02653,Chandran,Kaul,chandran.kaul2653@gmail.com,+916002191241,12.907144,77.575945,Bengaluru,JP Nagar,2024-01-11
U02654,Ishwar,Barad,ishwar.barad2654@hotmail.com,+918824893231,12.947772,77.59244,Bengaluru,Basavanagudi,2023-04-17
U02655,Qarin,Toor,qarin.toor2655@outlook.com,+917415203147,13.052939,77.588377,Bengaluru,Hebbal,2023-10-31
U02656,Ria,Nadig,ria.nadig2656@gmail.com,+911747383669,13.020166,77.574103,Bengaluru,Malleshwaram,2023-02-16
U02657,Benjamin,Kari,benjamin.kari2657@yahoo.com,+914998564725,12.839472,77.677498,Bengaluru,Electronic City,2022-08-06
U02658,Darsh,Lad,darsh.lad2658@hotmail.com,+915560592338,12.993968,77.579112,Bengaluru,Malleshwaram,2022-10-10
U02659,Aarini,Babu,aarini.babu2659@hotmail.com,+911306831292,12.995304,77.594519,Bengaluru,Shivajinagar,2024-04-11
U02660,Ira,Zachariah,ira.zachariah2660@gmail.com,+915907067151,12.855731,77.677194,Bengaluru,Sarjapur,2022-01-30
U02661,Chaitanya,Keer,chaitanya.keer2661@hotmail.com,+911700878132,12.977886,77.551147,Bengaluru,Rajajinagar,2022-01-08
U02662,Inaya,Chopra,inaya.chopra2662@gmail.com,+918279840582,12.978684,77.604559,Bengaluru,MG Road,2021-08-20
U02663,Faras,Tripathi,faras.tripathi2663@hotmail.com,+919898920858,12.916031,77.556197,Bengaluru,Banashankari,2022-12-28
U02664,Sachi,Chowdhury,sachi.chowdhury2664@outlook.com,+913163073359,12.899454,77.599013,Bengaluru,JP Nagar,2021-01-30
U02665,Yasti,Brahmbhatt,yasti.brahmbhatt2665@outlook.com,+912253769848,12.874542,77.589249,Bengaluru,Bannerghatta Road,2021-05-29
U02666,Warjas,Jani,warjas.jani2666@outlook.com,+910420710156,12.944891,77.585596,Bengaluru,Jayanagar,2021-07-05
U02667,Eshana,Prabhu,eshana.prabhu2667@gmail.com,+915764493229,12.949087,77.682951,Bengaluru,Marathahalli,2023-08-27
U02668,Ojasvi,Bora,ojasvi.bora2668@hotmail.com,+912328931049,12.905372,77.616057,Bengaluru,BTM Layout,2022-09-26
U02669,Pooja,Mandal,pooja.mandal2669@hotmail.com,+914406372136,12.986697,77.506487,Bengaluru,Nagarbhavi,2024-03-02
U02670,Luke,Bakshi,luke.bakshi2670@gmail.com,+919282249638,13.109952,77.614237,Bengaluru,Yelahanka,2023-02-01
U02671,Eta,Parsa,eta.parsa2671@hotmail.com,+916991755413,12.903004,77.578786,Bengaluru,JP Nagar,2021-07-14
U02672,Gautami,Reddy,gautami.reddy2672@gmail.com,+913001058991,12.89975,77.595996,Bengaluru,BTM Layout,2021-05-22
U02673,Kavya,Singhal,kavya.singhal2673@outlook.com,+914249415613,12.982602,77.74103,Bengaluru,Whitefield,2022-03-28
U02674,Chaitaly,Balasubramanian,chaitaly.balasubramanian2674@hotmail.com,+919073875656,13.016151,77.579384,Bengaluru,Malleshwaram,2022-02-08
U02675,Naveen,Pillay,naveen.pillay2675@gmail.com,+912949040127,12.981816,77.763074,Bengaluru,Whitefield,2021-07-10
U02676,Chaitanya,Mannan,chaitanya.mannan2676@gmail.com,+915028873381,12.94733,77.57681,Bengaluru,Jayanagar,2023-10-09
U02677,Mason,Bal,mason.bal2677@outlook.com,+912757777832,13.02723,77.589948,Bengaluru,Hebbal,2023-04-27
U02678,Hitesh,Kakar,hitesh.kakar2678@hotmail.com,+913372656837,12.916581,77.652181,Bengaluru,HSR Layout,2023-07-17
U02679,Dhriti,Vaidya,dhriti.vaidya2679@outlook.com,+916559151782,12.920876,77.567392,Bengaluru,JP Nagar,2021-05-14
U02680,Yashoda,Padmanabhan,yashoda.padmanabhan2680@outlook.com,+912142172199,13.026148,77.603875,Bengaluru,Hebbal,2021-04-20
U02681,Tanveer,Radhakrishnan,tanveer.radhakrishnan2681@yahoo.com,+917224282344,12.876184,77.699497,Bengaluru,Sarjapur,2022-03-27
U02682,Bachittar,Doctor,bachittar.doctor2682@gmail.com,+911223025300,12.882378,77.599994,Bengaluru,Bannerghatta Road,2023-06-19
U02683,Lakshmi,Brar,lakshmi.brar2683@yahoo.com,+918444405137,12.942697,77.536896,Bengaluru,Banashankari,2022-08-07
U02684,Faras,Kapur,faras.kapur2684@gmail.com,+915480057252,12.844674,77.678399,Bengaluru,Electronic City,2023-01-03
U02685,Yahvi,Sahota,yahvi.sahota2685@yahoo.com,+919982332153,12.99216,77.592136,Bengaluru,Shivajinagar,2021-04-18
U02686,Jairaj,Wable,jairaj.wable2686@yahoo.com,+913201861626,12.993031,77.707836,Bengaluru,KR Puram,2022-03-19
U02687,Charan,Sodhi,charan.sodhi2687@gmail.com,+918078721138,12.950419,77.730695,Bengaluru,Brookefield,2024-04-15
U02688,Zinal,Sastry,zinal.sastry2688@outlook.com,+912274930038,12.839406,77.689257,Bengaluru,Electronic City,2021-04-22
U02689,Edhitha,Luthra,edhitha.luthra2689@outlook.com,+913631573703,12.992895,77.70741,Bengaluru,KR Puram,2023-01-24
U02690,Robert,Memon,robert.memon2690@hotmail.com,+916033360635,12.968608,77.632898,Bengaluru,Domlur,2021-09-21
U02691,Yagnesh,Narasimhan,yagnesh.narasimhan2691@gmail.com,+917023175081,12.989116,77.604337,Bengaluru,Shivajinagar,2023-02-24
U02692,Xavier,Pathak,xavier.pathak2692@gmail.com,+912296522119,12.92874,77.618396,Bengaluru,Koramangala,2023-06-09
U02693,Vihaan,Shah,vihaan.shah2693@outlook.com,+911334181291,12.869454,77.679847,Bengaluru,Sarjapur,2023-08-31
U02694,Divya,D’Alia,divya.d’alia2694@hotmail.com,+916253613818,12.906818,77.614439,Bengaluru,Bommanahalli,2021-04-15
U02695,Wridesh,Saxena,wridesh.saxena2695@hotmail.com,+917711090933,12.926204,77.676324,Bengaluru,Bellandur,2023-10-20
U02696,Nimrat,Pathak,nimrat.pathak2696@hotmail.com,+912573169562,12.967018,77.700721,Bengaluru,Brookefield,2023-03-26
U02697,Fariq,Pandey,fariq.pandey2697@gmail.com,+919158209100,12.954478,77.644472,Bengaluru,Domlur,2023-04-12
U02698,Yashasvi,Bose,yashasvi.bose2698@hotmail.com,+918082733779,12.969954,77.694818,Bengaluru,Marathahalli,2022-11-02
U02699,Janaki,Sule,janaki.sule2699@yahoo.com,+915893657485,12.985538,77.617912,Bengaluru,MG Road,2021-05-25
U02700,Victor,Sen,victor.sen2700@hotmail.com,+912574433872,12.857958,77.680827,Bengaluru,Sarjapur,2022-04-13
U02701,Omya,Karpe,omya.karpe2701@outlook.com,+919399119686,12.907668,77.595801,Bengaluru,BTM Layout,2021-10-29
U02702,Jeremiah,Yogi,jeremiah.yogi2702@yahoo.com,+915964887206,12.921405,77.568673,Bengaluru,JP Nagar,2023-09-30
U02703,Yash,Reddy,yash.reddy2703@yahoo.com,+918428182695,12.929444,77.54556,Bengaluru,Banashankari,2022-02-13
U02704,Lakshit,Lad,lakshit.lad2704@gmail.com,+910380121924,12.997403,77.710753,Bengaluru,KR Puram,2021-06-02
U02705,Bhavini,Om,bhavini.om2705@yahoo.com,+910297399599,12.973598,77.709424,Bengaluru,Brookefield,2022-02-13
U02706,Dipta,Dalal,dipta.dalal2706@outlook.com,+913392132839,12.96538,77.723512,Bengaluru,Brookefield,2021-04-06
U02707,Finn,Rege,finn.rege2707@hotmail.com,+914005156393,13.019026,77.704072,Bengaluru,KR Puram,2023-12-25
U02708,Oviya,Tiwari,oviya.tiwari2708@gmail.com,+919949201330,12.989571,77.558215,Bengaluru,Malleshwaram,2022-04-23
U02709,Manbir,Talwar,manbir.talwar2709@yahoo.com,+919951824325,12.927254,77.603255,Bengaluru,BTM Layout,2024-01-17
U02710,Rudra,Gole,rudra.gole2710@outlook.com,+914645569903,12.936813,77.582362,Bengaluru,Basavanagudi,2024-01-30
U02711,Sudiksha,Aurora,sudiksha.aurora2711@outlook.com,+911574347975,12.912955,77.604739,Bengaluru,BTM Layout,2022-05-18
U02712,Ojas,Dara,ojas.dara2712@hotmail.com,+913299960432,13.093091,77.587152,Bengaluru,Yelahanka,2022-02-21
U02713,Omya,Lall,omya.lall2713@gmail.com,+911704379650,12.983718,77.627046,Bengaluru,Indiranagar,2021-11-11
U02714,Upma,Chaudhuri,upma.chaudhuri2714@hotmail.com,+914174909782,12.953051,77.627507,Bengaluru,Domlur,2021-09-27
U02715,Jonathan,Bandi,jonathan.bandi2715@hotmail.com,+916420743751,12.922425,77.548383,Bengaluru,Banashankari,2021-08-17
U02716,Raagini,Bajwa,raagini.bajwa2716@hotmail.com,+914251081658,13.003571,77.705689,Bengaluru,KR Puram,2023-11-10
U02717,Ojas,Bora,ojas.bora2717@gmail.com,+916747753162,12.960292,77.63671,Bengaluru,Domlur,2024-03-15
U02718,Kevin,Varma,kevin.varma2718@hotmail.com,+916699955154,13.020676,77.693325,Bengaluru,KR Puram,2021-03-29
U02719,Lipika,Sami,lipika.sami2719@yahoo.com,+912475366680,12.969309,77.656152,Bengaluru,Indiranagar,2023-06-10
U02720,Irya,Datta,irya.datta2720@hotmail.com,+914554511755,12.909841,77.587591,Bengaluru,JP Nagar,2021-07-26
U02721,Neelima,Khurana,neelima.khurana2721@yahoo.com,+915709564629,12.974252,77.505554,Bengaluru,Nagarbhavi,2021-07-11
U02722,Chaaya,Dani,chaaya.dani2722@yahoo.com,+918554436449,13.020054,77.565515,Bengaluru,Malleshwaram,2021-01-07
U02723,Gayathri,Nayar,gayathri.nayar2723@hotmail.com,+910887688384,12.958277,77.71486,Bengaluru,Marathahalli,2024-03-30
U02724,Hritik,Bath,hritik.bath2724@gmail.com,+917628948063,12.972337,77.603912,Bengaluru,Shivajinagar,2023-01-20
U02725,Ethan,Pant,ethan.pant2725@gmail.com,+916264778809,12.886282,77.627071,Bengaluru,Bommanahalli,2023-12-12
U02726,Saumya,Rege,saumya.rege2726@hotmail.com,+916177200231,12.924192,77.623252,Bengaluru,BTM Layout,2023-02-22
U02727,Shivani,Sarin,shivani.sarin2727@gmail.com,+911450162444,12.966093,77.60333,Bengaluru,MG Road,2021-02-14
U02728,Bimala,Sood,bimala.sood2728@gmail.com,+917224724243,12.952702,77.607466,Bengaluru,Koramangala,2022-04-12
U02729,Krish,Goswami,krish.goswami2729@hotmail.com,+915808230067,12.973076,77.654904,Bengaluru,Indiranagar,2021-02-10
U02730,Yashodhara,Chacko,yashodhara.chacko2730@outlook.com,+913955564226,12.99049,77.607541,Bengaluru,Shivajinagar,2023-03-16
U02731,Max,Amble,max.amble2731@gmail.com,+915970119080,12.951165,77.630576,Bengaluru,Koramangala,2023-07-06
U02732,Kala,Setty,kala.setty2732@outlook.com,+910515848882,12.942583,77.678996,Bengaluru,Bellandur,2024-04-04
U02733,Ladli,Nagi,ladli.nagi2733@gmail.com,+910272581141,13.003337,77.5812,Bengaluru,Malleshwaram,2022-01-14
U02734,Reva,Goda,reva.goda2734@hotmail.com,+917313285155,13.101018,77.590539,Bengaluru,Yelahanka,2022-12-18
U02735,Yashoda,Mammen,yashoda.mammen2735@yahoo.com,+916677190233,12.933113,77.575337,Bengaluru,Jayanagar,2023-12-02
U02736,Gunbir,Kata,gunbir.kata2736@hotmail.com,+910897079472,12.892135,77.606262,Bengaluru,Bommanahalli,2023-12-23
U02737,Chameli,Tak,chameli.tak2737@gmail.com,+917508639277,12.972749,77.656427,Bengaluru,Indiranagar,2023-10-10
U02738,Harita,Bava,harita.bava2738@outlook.com,+911124098604,12.892833,77.629393,Bengaluru,Bommanahalli,2022-01-21
U02739,Zarna,Vohra,zarna.vohra2739@outlook.com,+910411853564,12.955462,77.698489,Bengaluru,Marathahalli,2023-10-08
U02740,Yashoda,Sandhu,yashoda.sandhu2740@hotmail.com,+912196346108,12.921021,77.601548,Bengaluru,Jayanagar,2022-06-11
U02741,Bhavika,Naidu,bhavika.naidu2741@hotmail.com,+917863812405,13.029298,77.599389,Bengaluru,Hebbal,2021-02-19
U02742,Leena,Nagar,leena.nagar2742@yahoo.com,+918248375160,12.933274,77.559271,Bengaluru,Banashankari,2023-03-01
U02743,Pranav,Dhar,pranav.dhar2743@outlook.com,+913519573009,12.950032,77.587937,Bengaluru,Basavanagudi,2021-04-05
U02744,Benjamin,Kade,benjamin.kade2744@outlook.com,+914834831145,12.918132,77.557248,Bengaluru,Banashankari,2021-09-29
U02745,Qushi,Venkataraman,qushi.venkataraman2745@yahoo.com,+914956924013,12.952351,77.61765,Bengaluru,Koramangala,2022-03-13
U02746,Arunima,Murthy,arunima.murthy2746@outlook.com,+916468480852,12.878026,77.69997,Bengaluru,Sarjapur,2024-02-20
U02747,Hardik,Palan,hardik.palan2747@hotmail.com,+913236298259,12.932381,77.571765,Bengaluru,Jayanagar,2022-08-24
U02748,Bhavani,Gandhi,bhavani.gandhi2748@gmail.com,+910684000679,12.969516,77.613543,Bengaluru,MG Road,2022-07-20
U02749,Jagat,Mani,jagat.mani2749@gmail.com,+919120111628,12.838706,77.692658,Bengaluru,Electronic City,2024-03-19
U02750,Anusha,Sur,anusha.sur2750@outlook.com,+916419903970,12.921144,77.566889,Bengaluru,JP Nagar,2023-01-31
U02751,Reva,Kapur,reva.kapur2751@gmail.com,+919221056121,12.880219,77.599708,Bengaluru,Bannerghatta Road,2022-09-05
U02752,Omkaar,Mani,omkaar.mani2752@hotmail.com,+912547078835,12.981751,77.621966,Bengaluru,MG Road,2022-12-16
U02753,Aashi,Cherian,aashi.cherian2753@outlook.com,+917251212086,12.9902,77.623019,Bengaluru,MG Road,2022-07-12
U02754,Vincent,Mallick,vincent.mallick2754@outlook.com,+919907019430,12.968425,77.720106,Bengaluru,Brookefield,2021-01-12
U02755,Lohit,Char,lohit.char2755@hotmail.com,+916344151361,13.007722,77.569234,Bengaluru,Malleshwaram,2021-06-22
U02756,Samuel,Trivedi,samuel.trivedi2756@gmail.com,+916012782709,12.884066,77.636843,Bengaluru,Bommanahalli,2022-02-19
U02757,Om,Bala,om.bala2757@outlook.com,+912635688795,12.969472,77.733529,Bengaluru,Whitefield,2021-01-19
U02758,Balveer,Zacharia,balveer.zacharia2758@gmail.com,+916291696708,12.977908,77.559112,Bengaluru,Rajajinagar,2021-04-27
U02759,Robert,Ahuja,robert.ahuja2759@hotmail.com,+912508340017,12.903713,77.600393,Bengaluru,BTM Layout,2024-02-08
U02760,Vrinda,Bal,vrinda.bal2760@gmail.com,+913816060326,12.971546,77.637239,Bengaluru,Indiranagar,2021-01-25
U02761,Kala,Jani,kala.jani2761@yahoo.com,+917495688968,12.924545,77.630026,Bengaluru,HSR Layout,2022-04-04
U02762,Baghyawati,Sandhu,baghyawati.sandhu2762@outlook.com,+910724625999,12.907124,77.57334,Bengaluru,JP Nagar,2023-09-16
U02763,Sai,Verma,sai.verma2763@hotmail.com,+910550672823,12.928647,77.549147,Bengaluru,Banashankari,2021-09-26
U02764,Jonathan,Setty,jonathan.setty2764@outlook.com,+913391998627,12.924885,77.565302,Bengaluru,Basavanagudi,2021-12-18
U02765,Chakrika,Choudhary,chakrika.choudhary2765@gmail.com,+918748928231,12.895775,77.626584,Bengaluru,Bommanahalli,2021-10-10
U02766,Jagdish,Saxena,jagdish.saxena2766@hotmail.com,+919123065533,12.901453,77.616401,Bengaluru,BTM Layout,2024-03-07
U02767,Rachana,Tak,rachana.tak2767@outlook.com,+916468467194,12.988888,77.581609,Bengaluru,Malleshwaram,2024-04-10
U02768,Adya,Chadha,adya.chadha2768@yahoo.com,+911617240539,13.049561,77.589939,Bengaluru,Hebbal,2023-02-02
U02769,Laksh,Mallick,laksh.mallick2769@yahoo.com,+913336143456,12.924159,77.662641,Bengaluru,Bellandur,2021-05-09
U02770,Jackson,Pandya,jackson.pandya2770@hotmail.com,+911539573033,12.841068,77.691637,Bengaluru,Electronic City,2021-06-06
U02771,Farhan,Kapadia,farhan.kapadia2771@gmail.com,+916290709501,12.939944,77.659725,Bengaluru,Bellandur,2022-09-14
U02772,Falan,Narain,falan.narain2772@outlook.com,+916354057013,12.963304,77.504166,Bengaluru,Nagarbhavi,2021-12-15
U02773,Naksh,Tripathi,naksh.tripathi2773@yahoo.com,+914571596699,13.091446,77.613999,Bengaluru,Yelahanka,2024-01-11
U02774,Gautami,Majumdar,gautami.majumdar2774@yahoo.com,+910461617132,12.923459,77.642024,Bengaluru,HSR Layout,2022-12-01
U02775,Sudiksha,Varghese,sudiksha.varghese2775@hotmail.com,+911856306906,12.939062,77.561668,Bengaluru,Banashankari,2021-08-10
U02776,Ethan,Murty,ethan.murty2776@gmail.com,+911212988746,13.017117,77.701549,Bengaluru,KR Puram,2022-02-03
U02777,Balvan,Sant,balvan.sant2777@outlook.com,+916123461192,12.953744,77.71356,Bengaluru,Brookefield,2021-07-29
U02778,Harish,Verma,harish.verma2778@yahoo.com,+919065822830,12.931962,77.578184,Bengaluru,Basavanagudi,2021-03-19
U02779,Eesha,Gupta,eesha.gupta2779@yahoo.com,+918186955961,12.937956,77.616203,Bengaluru,Koramangala,2022-09-12
U02780,Balendra,Anand,balendra.anand2780@gmail.com,+919088992120,13.106916,77.605562,Bengaluru,Yelahanka,2022-06-30
U02781,Yatan,Devan,yatan.devan2781@yahoo.com,+913636567569,12.925366,77.592552,Bengaluru,BTM Layout,2023-07-31
U02782,Krisha,Kannan,krisha.kannan2782@gmail.com,+918227504465,12.937306,77.566063,Bengaluru,Basavanagudi,2022-11-01
U02783,Rohan,Lanka,rohan.lanka2783@gmail.com,+912998858491,12.885451,77.593797,Bengaluru,Bannerghatta Road,2023-05-06
U02784,Upma,Doshi,upma.doshi2784@outlook.com,+914416860525,12.960344,77.569673,Bengaluru,Basavanagudi,2021-05-09
U02785,Vedhika,Grover,vedhika.grover2785@outlook.com,+913083892449,13.02573,77.603253,Bengaluru,Hebbal,2021-01-25
U02786,Watika,Mandal,watika.mandal2786@gmail.com,+915422184323,12.888894,77.606922,Bengaluru,Bannerghatta Road,2021-05-15
U02787,Karan,Issac,karan.issac2787@outlook.com,+917453401074,13.020777,77.676654,Bengaluru,KR Puram,2023-10-25
U02788,Gaurang,Varty,gaurang.varty2788@outlook.com,+913597280466,12.991462,77.584705,Bengaluru,Shivajinagar,2023-10-07
U02789,Tanish,Aggarwal,tanish.aggarwal2789@yahoo.com,+915164998742,13.028414,77.608466,Bengaluru,Hebbal,2021-10-03
U02790,Radha,Bhavsar,radha.bhavsar2790@gmail.com,+919723985879,12.930956,77.529806,Bengaluru,Banashankari,2023-11-16
U02791,Vritti,Joshi,vritti.joshi2791@hotmail.com,+915248853034,12.845175,77.683045,Bengaluru,Sarjapur,2023-01-02
U02792,Pranav,Barad,pranav.barad2792@hotmail.com,+910400095365,13.102341,77.593695,Bengaluru,Yelahanka,2022-02-28
U02793,Omya,Lall,omya.lall2793@yahoo.com,+916876128844,12.95581,77.702076,Bengaluru,Brookefield,2022-01-09
U02794,Lajita,Keer,lajita.keer2794@yahoo.com,+910286908877,12.963014,77.745144,Bengaluru,Whitefield,2023-05-11
U02795,Ikshita,Sule,ikshita.sule2795@hotmail.com,+917359446342,13.007158,77.571311,Bengaluru,Rajajinagar,2023-12-25
U02796,Pranit,Mital,pranit.mital2796@outlook.com,+914620665273,12.86746,77.702004,Bengaluru,Sarjapur,2023-08-24
U02797,Vincent,Master,vincent.master2797@outlook.com,+912898001769,12.997927,77.561377,Bengaluru,Rajajinagar,2022-12-31
U02798,Vedhika,Suri,vedhika.suri2798@hotmail.com,+911563075925,12.958671,77.57097,Bengaluru,Basavanagudi,2023-10-21
U02799,Manya,Parikh,manya.parikh2799@hotmail.com,+918000273137,13.051011,77.595517,Bengaluru,Hebbal,2023-02-19
U02800,Vasana,Merchant,vasana.merchant2800@gmail.com,+915585799252,12.940349,77.592939,Bengaluru,Jayanagar,2021-10-03
U02801,Gopal,Kanda,gopal.kanda2801@yahoo.com,+911990643697,12.950602,77.70205,Bengaluru,Marathahalli,2021-06-23
U02802,Isaiah,Mani,isaiah.mani2802@hotmail.com,+914920503182,13.044469,77.589255,Bengaluru,Hebbal,2023-08-12
U02803,Oni,Sekhon,oni.sekhon2803@yahoo.com,+919167710866,12.938787,77.542386,Bengaluru,Banashankari,2021-08-05
U02804,Eshana,Kota,eshana.kota2804@yahoo.com,+910283927817,12.996128,77.592969,Bengaluru,Shivajinagar,2024-02-03
U02805,Pavani,D’Alia,pavani.d’alia2805@yahoo.com,+918690300451,12.864331,77.681393,Bengaluru,Sarjapur,2023-08-25
U02806,Patrick,Shetty,patrick.shetty2806@gmail.com,+917161370181,12.910909,77.598146,Bengaluru,JP Nagar,2023-04-29
U02807,Eiravati,Comar,eiravati.comar2807@outlook.com,+912784512710,12.952632,77.74789,Bengaluru,Whitefield,2022-12-14
U02808,Idika,Rao,idika.rao2808@yahoo.com,+919877894156,13.017194,77.575008,Bengaluru,Malleshwaram,2022-09-24
U02809,Kabir,Sule,kabir.sule2809@gmail.com,+916847625996,12.928939,77.553348,Bengaluru,Banashankari,2023-11-03
U02810,Vrinda,Sabharwal,vrinda.sabharwal2810@yahoo.com,+916178917710,13.023755,77.60697,Bengaluru,Hebbal,2022-09-19
U02811,Wahab,Balakrishnan,wahab.balakrishnan2811@hotmail.com,+916411894747,13.010216,77.678677,Bengaluru,KR Puram,2023-12-31
U02812,Bina,Loyal,bina.loyal2812@hotmail.com,+914878638246,12.910078,77.641482,Bengaluru,HSR Layout,2023-11-22
U02813,Yashica,Kale,yashica.kale2813@hotmail.com,+915513127731,12.977279,77.604956,Bengaluru,MG Road,2023-12-30
U02814,Nilima,Bhat,nilima.bhat2814@gmail.com,+919043612915,13.002235,77.542602,Bengaluru,Rajajinagar,2023-01-04
U02815,Ekantika,Lal,ekantika.lal2815@outlook.com,+911285891308,12.882742,77.614823,Bengaluru,Bommanahalli,2022-11-29
U02816,Eesha,Sabharwal,eesha.sabharwal2816@hotmail.com,+911598724834,12.976202,77.604682,Bengaluru,MG Road,2021-07-26
U02817,Mahika,Sathe,mahika.sathe2817@hotmail.com,+914167123988,12.975456,77.681319,Bengaluru,Marathahalli,2023-08-22
U02818,Pavani,Rastogi,pavani.rastogi2818@hotmail.com,+918878997243,12.961285,77.609413,Bengaluru,MG Road,2023-03-11
U02819,Abha,Bhagat,abha.bhagat2819@yahoo.com,+917523563710,12.912102,77.553766,Bengaluru,Banashankari,2023-06-09
U02820,Amrita,Sunder,amrita.sunder2820@hotmail.com,+913561308524,13.009839,77.710116,Bengaluru,KR Puram,2022-01-26
U02821,Theodore,Nori,theodore.nori2821@yahoo.com,+913077218716,12.910375,77.54227,Bengaluru,Banashankari,2022-12-19
U02822,Chakradev,Morar,chakradev.morar2822@hotmail.com,+914839974135,12.994062,77.687776,Bengaluru,KR Puram,2023-11-17
U02823,Sara,Rout,sara.rout2823@yahoo.com,+916929783701,12.945499,77.705061,Bengaluru,Marathahalli,2022-06-17
U02824,Timothy,Ganesan,timothy.ganesan2824@gmail.com,+911038333112,12.922885,77.583443,Bengaluru,Jayanagar,2021-05-03
U02825,Samuel,Choudhary,samuel.choudhary2825@hotmail.com,+914527696624,13.003697,77.615562,Bengaluru,Shivajinagar,2022-06-04
U02826,Forum,Dayal,forum.dayal2826@hotmail.com,+913788313066,12.931101,77.573083,Bengaluru,Jayanagar,2023-04-04
U02827,Anmol,Bail,anmol.bail2827@hotmail.com,+916894338364,12.911295,77.551588,Bengaluru,Banashankari,2023-12-26
U02828,Ladli,Chana,ladli.chana2828@yahoo.com,+913954816614,12.999823,77.687709,Bengaluru,KR Puram,2023-06-28
U02829,Gauri,Pandit,gauri.pandit2829@gmail.com,+918296829245,12.987473,77.600135,Bengaluru,Shivajinagar,2021-02-25
U02830,Dev,Bawa,dev.bawa2830@yahoo.com,+915563252588,12.959768,77.611347,Bengaluru,MG Road,2021-08-09
U02831,Zilmil,Kade,zilmil.kade2831@yahoo.com,+912402381404,12.856563,77.702946,Bengaluru,Sarjapur,2021-05-12
U02832,Janaki,Wason,janaki.wason2832@hotmail.com,+911331256809,12.98845,77.603398,Bengaluru,MG Road,2022-04-26
U02833,Rushil,Dugar,rushil.dugar2833@yahoo.com,+915945570172,12.933255,77.585078,Bengaluru,Basavanagudi,2023-05-02
U02834,Meghana,Karnik,meghana.karnik2834@hotmail.com,+915736414928,12.925948,77.541514,Bengaluru,Banashankari,2022-06-21
U02835,Bina,Edwin,bina.edwin2835@gmail.com,+911290021079,12.934735,77.556958,Bengaluru,Basavanagudi,2021-02-04
U02836,Kashvi,Narula,kashvi.narula2836@hotmail.com,+919020510932,13.106006,77.587076,Bengaluru,Yelahanka,2023-03-15
U02837,Odika,Kale,odika.kale2837@yahoo.com,+912855202981,12.872428,77.583479,Bengaluru,Bannerghatta Road,2022-12-29
U02838,Yuvraj,Arya,yuvraj.arya2838@yahoo.com,+918828557867,12.910669,77.596883,Bengaluru,BTM Layout,2022-05-19
U02839,Balendra,Bahri,balendra.bahri2839@gmail.com,+913598860000,12.971545,77.608922,Bengaluru,MG Road,2021-11-23
U02840,Harsh,Thaker,harsh.thaker2840@yahoo.com,+912415076523,12.927282,77.620669,Bengaluru,Koramangala,2023-01-06
U02841,Mitali,Sundaram,mitali.sundaram2841@gmail.com,+911650929806,12.860652,77.594993,Bengaluru,Bannerghatta Road,2024-04-02
U02842,Brijesh,Dugar,brijesh.dugar2842@outlook.com,+917012740129,12.891032,77.63501,Bengaluru,Bommanahalli,2021-10-01
U02843,Barkha,Mitra,barkha.mitra2843@hotmail.com,+912495476719,12.968589,77.514734,Bengaluru,Nagarbhavi,2022-06-29
U02844,Arjun,Karpe,arjun.karpe2844@outlook.com,+918221325880,12.941971,77.570747,Bengaluru,Jayanagar,2023-07-19
U02845,Yug,Bandi,yug.bandi2845@yahoo.com,+910653661211,12.922167,77.553305,Bengaluru,Banashankari,2023-09-06
U02846,Anita,Dasgupta,anita.dasgupta2846@yahoo.com,+911480229835,12.920582,77.582434,Bengaluru,Jayanagar,2023-10-27
U02847,Krishna,Rattan,krishna.rattan2847@outlook.com,+911240438428,12.871861,77.587093,Bengaluru,Bannerghatta Road,2022-07-03
U02848,Karan,Madan,karan.madan2848@yahoo.com,+911158270245,12.883753,77.596156,Bengaluru,Bannerghatta Road,2022-12-16
U02849,Frado,Bose,frado.bose2849@yahoo.com,+914463321119,12.908592,77.585486,Bengaluru,JP Nagar,2022-03-27
U02850,Ethan,Thaman,ethan.thaman2850@gmail.com,+912396319010,12.962428,77.488189,Bengaluru,Nagarbhavi,2023-10-11
U02851,Ojasvi,Bahri,ojasvi.bahri2851@hotmail.com,+915567123016,13.040579,77.584498,Bengaluru,Hebbal,2023-11-02
U02852,Alexander,Doshi,alexander.doshi2852@yahoo.com,+912120663267,12.942599,77.562449,Bengaluru,Banashankari,2021-03-10
U02853,Girish,Raman,girish.raman2853@outlook.com,+913286464126,12.962241,77.713799,Bengaluru,Marathahalli,2023-11-18
U02854,Rishi,Muni,rishi.muni2854@hotmail.com,+913282331777,13.091435,77.590455,Bengaluru,Yelahanka,2023-11-02
U02855,Ekiya,Sandal,ekiya.sandal2855@yahoo.com,+915468175579,12.956655,77.690021,Bengaluru,Marathahalli,2022-03-07
U02856,Yauvani,Bajaj,yauvani.bajaj2856@gmail.com,+916866096850,12.992184,77.56139,Bengaluru,Rajajinagar,2023-02-21
U02857,Chasmum,Mahal,chasmum.mahal2857@hotmail.com,+918623388410,12.920948,77.562717,Bengaluru,Banashankari,2022-03-06
U02858,Tara,Jain,tara.jain2858@outlook.com,+910495660356,13.021631,77.712385,Bengaluru,KR Puram,2024-01-03
U02859,Harish,Lalla,harish.lalla2859@gmail.com,+915557817946,12.885007,77.607837,Bengaluru,Bommanahalli,2021-11-12
U02860,Urishilla,Puri,urishilla.puri2860@gmail.com,+916747023756,12.904013,77.614081,Bengaluru,BTM Layout,2022-07-26
U02861,Bishakha,Sanghvi,bishakha.sanghvi2861@gmail.com,+912446241674,13.020204,77.698821,Bengaluru,KR Puram,2022-05-28
U02862,Girik,Kapadia,girik.kapadia2862@outlook.com,+913960483182,12.985431,77.602093,Bengaluru,Shivajinagar,2024-01-31
U02863,Niharika,Mallick,niharika.mallick2863@gmail.com,+918506187996,12.982886,77.517258,Bengaluru,Nagarbhavi,2022-09-03
U02864,Vasudha,Mane,vasudha.mane2864@outlook.com,+916088247922,12.950223,77.711292,Bengaluru,Marathahalli,2021-02-17
U02865,Yashawini,Konda,yashawini.konda2865@yahoo.com,+919917922939,12.911884,77.583058,Bengaluru,JP Nagar,2021-02-12
U02866,Lavanya,Badal,lavanya.badal2866@gmail.com,+915532777705,12.964346,77.646353,Bengaluru,Domlur,2023-11-15
U02867,Watika,Ramesh,watika.ramesh2867@yahoo.com,+911819624766,13.008916,77.55151,Bengaluru,Malleshwaram,2023-08-11
U02868,Kashish,Chokshi,kashish.chokshi2868@outlook.com,+914975744510,12.998378,77.697735,Bengaluru,KR Puram,2022-02-15
U02869,Sneha,Kapur,sneha.kapur2869@outlook.com,+915545623217,12.97452,77.744739,Bengaluru,Whitefield,2022-11-28
U02870,Aryan,Ranganathan,aryan.ranganathan2870@gmail.com,+918643571617,12.97233,77.607907,Bengaluru,Shivajinagar,2021-08-01
U02871,Vincent,Sekhon,vincent.sekhon2871@hotmail.com,+917202945546,12.950966,77.628105,Bengaluru,Koramangala,2022-01-02
U02872,Kala,Sood,kala.sood2872@gmail.com,+912448394175,12.995775,77.589194,Bengaluru,Shivajinagar,2022-06-26
U02873,Ikbal,Mukhopadhyay,ikbal.mukhopadhyay2873@hotmail.com,+912694465517,12.913375,77.530615,Bengaluru,Banashankari,2021-05-18
U02874,Gaurangi,Dhawan,gaurangi.dhawan2874@outlook.com,+913823892565,12.86119,77.582432,Bengaluru,Bannerghatta Road,2021-10-02
U02875,Fiyaz,Chandran,fiyaz.chandran2875@yahoo.com,+916828742594,12.951996,77.634403,Bengaluru,Domlur,2023-09-15
U02876,Omkaar,Johal,omkaar.johal2876@outlook.com,+911815808499,12.915881,77.600938,Bengaluru,BTM Layout,2024-03-09
U02877,Vrishti,Krish,vrishti.krish2877@yahoo.com,+913872488635,12.925375,77.680033,Bengaluru,Bellandur,2023-09-17
U02878,Fiyaz,Dhaliwal,fiyaz.dhaliwal2878@gmail.com,+919337536143,13.017668,77.681819,Bengaluru,KR Puram,2023-04-17
U02879,Neha,Solanki,neha.solanki2879@outlook.com,+917688240919,12.919443,77.599682,Bengaluru,JP Nagar,2022-03-23
U02880,Viraj,Bhargava,viraj.bhargava2880@yahoo.com,+919547034899,12.930274,77.661609,Bengaluru,Bellandur,2021-11-30
U02881,Wakeeta,Krishnan,wakeeta.krishnan2881@gmail.com,+916499289821,12.885417,77.629265,Bengaluru,Bommanahalli,2022-01-15
U02882,Nisha,Mukhopadhyay,nisha.mukhopadhyay2882@outlook.com,+919867392112,13.026842,77.589281,Bengaluru,Hebbal,2023-01-04
U02883,Geetika,Dora,geetika.dora2883@hotmail.com,+910010292718,12.972427,77.734314,Bengaluru,Whitefield,2022-01-19
U02884,Balhaar,Nagy,balhaar.nagy2884@gmail.com,+914467507504,12.917599,77.590565,Bengaluru,Jayanagar,2024-04-03
U02885,Niharika,Ahluwalia,niharika.ahluwalia2885@yahoo.com,+917141167396,12.954347,77.582347,Bengaluru,Basavanagudi,2022-06-01
U02886,Amrita,Kadakia,amrita.kadakia2886@hotmail.com,+911461177696,12.889529,77.602477,Bengaluru,Bommanahalli,2023-06-05
U02887,Vrinda,Tata,vrinda.tata2887@gmail.com,+919839739527,12.976386,77.585907,Bengaluru,Shivajinagar,2024-02-12
U02888,Dhriti,Keer,dhriti.keer2888@gmail.com,+910450474424,12.925264,77.609397,Bengaluru,BTM Layout,2022-01-25
U02889,Ekanta,Shenoy,ekanta.shenoy2889@yahoo.com,+910071365910,12.917481,77.623417,Bengaluru,BTM Layout,2024-04-11
U02890,Vasudha,Varkey,vasudha.varkey2890@outlook.com,+919694471079,13.086275,77.585648,Bengaluru,Yelahanka,2022-06-16
U02891,Finn,Cheema,finn.cheema2891@yahoo.com,+919551072545,12.902228,77.606532,Bengaluru,Bommanahalli,2023-01-05
U02892,Pavani,Brahmbhatt,pavani.brahmbhatt2892@yahoo.com,+911476228989,13.048281,77.585008,Bengaluru,Hebbal,2021-10-25
U02893,Keya,Datta,keya.datta2893@gmail.com,+911084617592,12.975546,77.59311,Bengaluru,Shivajinagar,2022-02-10
U02894,Agastya,Edwin,agastya.edwin2894@yahoo.com,+917888588281,13.117355,77.589614,Bengaluru,Yelahanka,2023-11-19
U02895,Zinal,Dara,zinal.dara2895@hotmail.com,+917185081463,12.863433,77.682775,Bengaluru,Sarjapur,2021-11-04
U02896,Ojas,Hora,ojas.hora2896@gmail.com,+917916339282,13.012244,77.56912,Bengaluru,Malleshwaram,2023-01-16
U02897,Raksha,Comar,raksha.comar2897@hotmail.com,+914380118038,12.976491,77.604368,Bengaluru,MG Road,2021-12-18
U02898,Balvan,Samra,balvan.samra2898@gmail.com,+916655751842,13.001153,77.678142,Bengaluru,KR Puram,2023-03-06
U02899,Warhi,Garde,warhi.garde2899@gmail.com,+919006663225,12.917526,77.615056,Bengaluru,BTM Layout,2022-09-21
U02900,Vidhi,Dey,vidhi.dey2900@yahoo.com,+913779945054,12.946846,77.636398,Bengaluru,Domlur,2021-11-04
U02901,Omya,Rastogi,omya.rastogi2901@yahoo.com,+912498679422,12.90844,77.622133,Bengaluru,Bommanahalli,2021-11-09
U02902,Aditya,Minhas,aditya.minhas2902@yahoo.com,+917513093732,12.930211,77.624688,Bengaluru,Koramangala,2023-10-04
U02903,Jacob,Saran,jacob.saran2903@gmail.com,+910226808146,12.985804,77.617048,Bengaluru,Shivajinagar,2022-09-05
U02904,Chaitaly,Madan,chaitaly.madan2904@outlook.com,+910666540791,12.879561,77.586493,Bengaluru,Bannerghatta Road,2022-11-07
U02905,Ekantika,Prabhu,ekantika.prabhu2905@gmail.com,+917113272356,12.968812,77.709251,Bengaluru,Marathahalli,2022-11-17
U02906,Noah,Dhaliwal,noah.dhaliwal2906@yahoo.com,+911684456552,13.08841,77.590035,Bengaluru,Yelahanka,2022-01-15
U02907,Bina,Virk,bina.virk2907@yahoo.com,+915737194020,12.988197,77.629832,Bengaluru,Indiranagar,2021-01-05
U02908,Samarth,Prabhu,samarth.prabhu2908@hotmail.com,+911910164608,12.91162,77.546101,Bengaluru,Banashankari,2023-10-14
U02909,Zilmil,Krishnamurthy,zilmil.krishnamurthy2909@yahoo.com,+919272657552,12.942575,77.592549,Bengaluru,Jayanagar,2021-08-17
U02910,Urmi,Shere,urmi.shere2910@yahoo.com,+916733022930,12.966594,77.628665,Bengaluru,MG Road,2023-09-30
U02911,Shivansh,Narayanan,shivansh.narayanan2911@outlook.com,+911160886216,12.953324,77.640169,Bengaluru,Domlur,2021-07-04
U02912,Krishna,Gala,krishna.gala2912@gmail.com,+917818325244,12.843847,77.6866,Bengaluru,Electronic City,2021-10-18
U02913,Urvi,Anne,urvi.anne2913@yahoo.com,+917268215567,12.974858,77.648967,Bengaluru,Domlur,2021-07-29
U02914,Eesha,Saha,eesha.saha2914@gmail.com,+912484417154,12.943262,77.72939,Bengaluru,Brookefield,2021-06-05
U02915,Praneel,Doctor,praneel.doctor2915@yahoo.com,+916189078315,12.854724,77.686298,Bengaluru,Electronic City,2024-04-15
U02916,Upma,Bhavsar,upma.bhavsar2916@yahoo.com,+912699519132,12.921381,77.586111,Bengaluru,Jayanagar,2023-09-30
U02917,Abdul,Muni,abdul.muni2917@hotmail.com,+918580482764,12.92919,77.61817,Bengaluru,Koramangala,2022-06-21
U02918,Raghav,Iyengar,raghav.iyengar2918@hotmail.com,+913909147200,12.946663,77.58943,Bengaluru,Jayanagar,2024-03-30
U02919,Girindra,Yogi,girindra.yogi2919@yahoo.com,+917378210567,12.973297,77.642991,Bengaluru,Domlur,2023-01-17
U02920,Tara,Narayanan,tara.narayanan2920@yahoo.com,+910665256705,12.888124,77.602581,Bengaluru,Bannerghatta Road,2023-11-18
U02921,Girindra,Bhat,girindra.bhat2921@outlook.com,+915356502671,12.883449,77.611861,Bengaluru,Bannerghatta Road,2022-02-02
U02922,Upadhriti,Dugar,upadhriti.dugar2922@outlook.com,+917404499271,12.980922,77.547907,Bengaluru,Rajajinagar,2022-11-18
U02923,Ekalinga,Palla,ekalinga.palla2923@yahoo.com,+919087980418,12.895209,77.639352,Bengaluru,HSR Layout,2023-09-14
U02924,Upkaar,Pai,upkaar.pai2924@outlook.com,+914880012539,13.095622,77.594799,Bengaluru,Yelahanka,2023-06-01
U02925,Akshay,Hans,akshay.hans2925@yahoo.com,+915963604024,12.972713,77.657367,Bengaluru,Indiranagar,2021-08-14
U02926,Anvi,Mane,anvi.mane2926@hotmail.com,+919494528315,13.010681,77.552764,Bengaluru,Malleshwaram,2021-06-23
U02927,Pooja,Mohan,pooja.mohan2927@hotmail.com,+911052822753,12.972934,77.697481,Bengaluru,Marathahalli,2021-01-23
U02928,Jhalak,Rau,jhalak.rau2928@outlook.com,+917567443632,12.936592,77.682283,Bengaluru,Bellandur,2023-11-27
U02929,Aachal,Jain,aachal.jain2929@yahoo.com,+914677817322,12.918826,77.590597,Bengaluru,JP Nagar,2021-10-23
U02930,Faras,Dua,faras.dua2930@gmail.com,+911873477784,12.937853,77.559719,Bengaluru,Basavanagudi,2022-08-29
U02931,Harshil,Kalita,harshil.kalita2931@outlook.com,+916201711142,12.926486,77.586685,Bengaluru,Jayanagar,2022-04-10
U02932,Ati,Gokhale,ati.gokhale2932@gmail.com,+913726034631,12.943164,77.706467,Bengaluru,Marathahalli,2024-02-15
U02933,Adya,Chaudry,adya.chaudry2933@yahoo.com,+917396369969,13.036338,77.579101,Bengaluru,Hebbal,2023-04-08
U02934,Jonathan,Vig,jonathan.vig2934@gmail.com,+911745388322,12.977839,77.751744,Bengaluru,Whitefield,2021-02-05
U02935,Leela,Narayanan,leela.narayanan2935@gmail.com,+918231643035,12.915972,77.651787,Bengaluru,HSR Layout,2021-11-12
U02936,Aradhana,Solanki,aradhana.solanki2936@gmail.com,+911021050253,12.89912,77.603706,Bengaluru,Bommanahalli,2023-11-18
U02937,Shaurya,Ganguly,shaurya.ganguly2937@gmail.com,+914697955936,12.945431,77.645309,Bengaluru,Domlur,2022-09-21
U02938,Aarnav,Kata,aarnav.kata2938@outlook.com,+912180859544,12.902228,77.612996,Bengaluru,Bommanahalli,2022-10-24
U02939,Tarak,Chand,tarak.chand2939@hotmail.com,+918329506081,12.859024,77.679327,Bengaluru,Sarjapur,2021-05-10
U02940,Manan,Dhar,manan.dhar2940@outlook.com,+912761988024,12.995486,77.643837,Bengaluru,Indiranagar,2022-10-30
U02941,Nitesh,Soman,nitesh.soman2941@outlook.com,+918424350481,12.945791,77.575401,Bengaluru,Jayanagar,2021-06-10
U02942,Aadi,Naik,aadi.naik2942@outlook.com,+915396831859,12.988227,77.51583,Bengaluru,Nagarbhavi,2024-01-20
U02943,Faras,Ben,faras.ben2943@yahoo.com,+917372577306,12.924977,77.587425,Bengaluru,JP Nagar,2022-07-26
U02944,Laksh,Vaidya,laksh.vaidya2944@hotmail.com,+919080634258,12.960933,77.692475,Bengaluru,Marathahalli,2021-05-20
U02945,Ria,Sandal,ria.sandal2945@yahoo.com,+912576229782,12.938187,77.545679,Bengaluru,Banashankari,2023-02-11
U02946,Urmi,Narain,urmi.narain2946@yahoo.com,+915537242009,12.92616,77.686711,Bengaluru,Bellandur,2022-09-07
U02947,Chasmum,Tella,chasmum.tella2947@hotmail.com,+912807077188,12.924294,77.590852,Bengaluru,JP Nagar,2022-12-08
U02948,Jacob,Khosla,jacob.khosla2948@yahoo.com,+917935625591,12.905865,77.632246,Bengaluru,HSR Layout,2021-10-30
U02949,Maya,Purohit,maya.purohit2949@outlook.com,+917097389391,13.094432,77.589441,Bengaluru,Yelahanka,2023-04-13
U02950,Lekha,Som,lekha.som2950@yahoo.com,+911101801380,12.990304,77.710344,Bengaluru,KR Puram,2023-11-14
U02951,Isha,Muni,isha.muni2951@yahoo.com,+917243440489,13.008221,77.550262,Bengaluru,Malleshwaram,2022-11-28
U02952,Edhitha,Wali,edhitha.wali2952@hotmail.com,+910744722764,12.92362,77.609709,Bengaluru,Koramangala,2021-12-27
U02953,Farhan,Kala,farhan.kala2953@yahoo.com,+918375198287,12.961716,77.683411,Bengaluru,Marathahalli,2021-12-07
U02954,Ojas,Mall,ojas.mall2954@outlook.com,+919389787261,12.945003,77.615673,Bengaluru,Koramangala,2022-12-12
U02955,Luke,Sarkar,luke.sarkar2955@hotmail.com,+916877541184,12.988192,77.617281,Bengaluru,MG Road,2021-05-31
U02956,Riya,Suri,riya.suri2956@hotmail.com,+919497916171,12.881888,77.591869,Bengaluru,Bannerghatta Road,2022-06-15
U02957,Zashil,Dara,zashil.dara2957@hotmail.com,+913090157304,12.982116,77.493441,Bengaluru,Nagarbhavi,2023-05-31
U02958,Radhika,Pall,radhika.pall2958@gmail.com,+914375746766,12.99043,77.582386,Bengaluru,Malleshwaram,2022-02-16
U02959,Pranav,Bakshi,pranav.bakshi2959@gmail.com,+916664507073,13.005771,77.548805,Bengaluru,Rajajinagar,2024-01-01
U02960,Jasmit,Shukla,jasmit.shukla2960@outlook.com,+912102090167,12.987058,77.767245,Bengaluru,Whitefield,2022-07-04
U02961,Hiral,Samra,hiral.samra2961@hotmail.com,+919353858240,12.85116,77.670029,Bengaluru,Electronic City,2021-07-03
U02962,Tanay,Halder,tanay.halder2962@yahoo.com,+911352462470,13.101234,77.598279,Bengaluru,Yelahanka,2023-12-02
U02963,Lavanya,Prasad,lavanya.prasad2963@hotmail.com,+912538369779,12.892213,77.582526,Bengaluru,JP Nagar,2021-04-29
U02964,Praneel,Anne,praneel.anne2964@yahoo.com,+910896958251,12.982322,77.732511,Bengaluru,Whitefield,2021-09-29
U02965,Rohan,Sathe,rohan.sathe2965@outlook.com,+915925346058,12.932942,77.551178,Bengaluru,Banashankari,2023-01-28
U02966,Jalsa,Vora,jalsa.vora2966@gmail.com,+912361377534,12.887939,77.601406,Bengaluru,Bannerghatta Road,2022-10-06
U02967,Robert,Ahluwalia,robert.ahluwalia2967@gmail.com,+915368586433,12.899067,77.59522,Bengaluru,JP Nagar,2021-10-31
U02968,Dayita,Narasimhan,dayita.narasimhan2968@yahoo.com,+912077083954,12.956082,77.761241,Bengaluru,Whitefield,2024-03-27
U02969,Girindra,Pillay,girindra.pillay2969@hotmail.com,+919841454830,12.932741,77.618115,Bengaluru,Koramangala,2021-03-01
U02970,Zehaan,Thakkar,zehaan.thakkar2970@hotmail.com,+915128121840,12.8605,77.593295,Bengaluru,Bannerghatta Road,2022-10-27
U02971,Agastya,Mahajan,agastya.mahajan2971@gmail.com,+919078243361,12.921579,77.546612,Bengaluru,Banashankari,2022-08-22
U02972,Bahadurjit,Maharaj,bahadurjit.maharaj2972@yahoo.com,+912583668240,12.924666,77.572109,Bengaluru,Basavanagudi,2021-05-08
U02973,Varenya,Rao,varenya.rao2973@yahoo.com,+916611749538,12.958548,77.588403,Bengaluru,Basavanagudi,2022-08-09
U02974,Caleb,Kulkarni,caleb.kulkarni2974@hotmail.com,+914433125475,13.032339,77.599496,Bengaluru,Hebbal,2023-04-21
U02975,Anusha,Bhandari,anusha.bhandari2975@hotmail.com,+917622414198,12.925241,77.557635,Bengaluru,Basavanagudi,2022-04-05
U02976,Azaan,Sinha,azaan.sinha2976@yahoo.com,+910785373350,12.882286,77.602861,Bengaluru,Bommanahalli,2022-10-06
U02977,Suhani,Swaminathan,suhani.swaminathan2977@yahoo.com,+918278146967,12.91745,77.580742,Bengaluru,JP Nagar,2022-02-17
U02978,Oscar,Solanki,oscar.solanki2978@yahoo.com,+916488788738,12.941498,77.567548,Bengaluru,Basavanagudi,2024-02-04
U02979,Hemang,Barad,hemang.barad2979@hotmail.com,+917602491246,12.923991,77.641307,Bengaluru,HSR Layout,2023-01-24
U02980,Kala,Balakrishnan,kala.balakrishnan2980@hotmail.com,+911664017489,13.003517,77.588889,Bengaluru,Shivajinagar,2024-01-01
U02981,Michael,Goel,michael.goel2981@gmail.com,+910287833206,12.993476,77.647991,Bengaluru,Indiranagar,2022-03-25
U02982,Karan,Butala,karan.butala2982@gmail.com,+916703128691,12.974827,77.7107,Bengaluru,Brookefield,2022-09-22
U02983,Oni,Dar,oni.dar2983@outlook.com,+915252843863,12.995953,77.681605,Bengaluru,KR Puram,2023-10-11
U02984,Daksh,Sawhney,daksh.sawhney2984@yahoo.com,+917050757804,12.920731,77.570337,Bengaluru,JP Nagar,2021-05-26
U02985,David,Murthy,david.murthy2985@outlook.com,+912642887970,12.937225,77.551959,Bengaluru,Banashankari,2021-05-13
U02986,Gunbir,Mall,gunbir.mall2986@hotmail.com,+916679016861,13.011698,77.558192,Bengaluru,Malleshwaram,2023-11-19
U02987,Rishi,Badal,rishi.badal2987@hotmail.com,+912214711952,12.946486,77.630321,Bengaluru,Domlur,2021-10-10
U02988,Gaurangi,Nadig,gaurangi.nadig2988@yahoo.com,+916773954475,13.11088,77.590828,Bengaluru,Yelahanka,2021-02-23
U02989,Omkaar,Peri,omkaar.peri2989@yahoo.com,+914277185516,13.019584,77.568292,Bengaluru,Malleshwaram,2022-11-03
U02990,Zaitra,Atwal,zaitra.atwal2990@gmail.com,+911848456480,12.967054,77.656699,Bengaluru,Domlur,2021-02-02
U02991,Neha,Saha,neha.saha2991@hotmail.com,+911564058734,12.954398,77.695161,Bengaluru,Marathahalli,2021-08-25
U02992,Darsh,Bhattacharyya,darsh.bhattacharyya2992@yahoo.com,+916181731430,12.895642,77.571688,Bengaluru,JP Nagar,2024-01-02
U02993,Reyansh,Thaker,reyansh.thaker2993@yahoo.com,+916818369124,12.98716,77.637635,Bengaluru,MG Road,2021-04-13
U02994,Manbir,Loke,manbir.loke2994@gmail.com,+917388724002,12.865861,77.685172,Bengaluru,Sarjapur,2022-05-17
U02995,Fiyaz,Gera,fiyaz.gera2995@gmail.com,+910491138081,12.857058,77.664572,Bengaluru,Electronic City,2022-12-04
U02996,Sachi,Basu,sachi.basu2996@hotmail.com,+917241742265,12.960105,77.703258,Bengaluru,Brookefield,2024-03-17
U02997,Anya,Issac,anya.issac2997@gmail.com,+910211334078,12.927846,77.669766,Bengaluru,Bellandur,2021-08-07
U02998,Yashasvi,Rout,yashasvi.rout2998@hotmail.com,+912759348755,12.903118,77.627354,Bengaluru,HSR Layout,2022-05-22
U02999,Oscar,Aggarwal,oscar.aggarwal2999@outlook.com,+918799632386,12.995621,77.688226,Bengaluru,KR Puram,2023-10-13
U03000,Deepa,Mahal,deepa.mahal3000@hotmail.com,+912244175396,13.113418,77.584489,Bengaluru,Yelahanka,2022-06-19
U03001,Indali,Dalal,indali.dalal3001@yahoo.com,+910273581079,12.924394,77.536704,Bengaluru,Banashankari,2021-09-02
U03002,Harita,Shukla,harita.shukla3002@outlook.com,+917077021474,12.965779,77.64024,Bengaluru,Indiranagar,2023-04-18
U03003,Gabriel,Sheth,gabriel.sheth3003@gmail.com,+914823479931,12.96629,77.498372,Bengaluru,Nagarbhavi,2021-06-14
U03004,Gaurang,Dada,gaurang.dada3004@hotmail.com,+914317067836,12.952599,77.632698,Bengaluru,Domlur,2022-10-27
U03005,Gautam,Gopal,gautam.gopal3005@gmail.com,+919687992863,12.938201,77.544117,Bengaluru,Banashankari,2023-03-14
U03006,Gabriel,Grewal,gabriel.grewal3006@yahoo.com,+910543167040,12.880341,77.607061,Bengaluru,Bommanahalli,2021-03-14
U03007,Eesha,Bahri,eesha.bahri3007@yahoo.com,+910666064064,12.938603,77.662547,Bengaluru,Bellandur,2022-06-02
U03008,Omkaar,Anne,omkaar.anne3008@hotmail.com,+913800331375,12.930372,77.575768,Bengaluru,Basavanagudi,2023-04-14
U03009,Teerth,Prasad,teerth.prasad3009@hotmail.com,+916775831312,12.86819,77.686751,Bengaluru,Sarjapur,2023-07-16
U03010,Triveni,Bumb,triveni.bumb3010@outlook.com,+919648939886,12.986397,77.596018,Bengaluru,Shivajinagar,2021-11-09
U03011,Yatin,Morar,yatin.morar3011@yahoo.com,+915434054162,12.983295,77.736001,Bengaluru,Whitefield,2023-01-03
U03012,Rayaan,Deo,rayaan.deo3012@gmail.com,+911786977288,13.006206,77.573883,Bengaluru,Rajajinagar,2023-11-15
U03013,Dayita,Bera,dayita.bera3013@outlook.com,+911035358399,13.045402,77.594551,Bengaluru,Hebbal,2021-08-04
U03014,Ladli,Mangat,ladli.mangat3014@gmail.com,+919631800986,12.977002,77.556061,Bengaluru,Rajajinagar,2021-02-23
U03015,Pranav,Mallick,pranav.mallick3015@hotmail.com,+915937350103,12.94821,77.682185,Bengaluru,Marathahalli,2023-03-10
U03016,Logan,Mutti,logan.mutti3016@outlook.com,+917301924418,12.844911,77.682977,Bengaluru,Sarjapur,2023-10-23
U03017,Odika,Kara,odika.kara3017@yahoo.com,+912471551515,12.963239,77.611752,Bengaluru,MG Road,2021-11-08
U03018,Raghav,Mahajan,raghav.mahajan3018@outlook.com,+918959871196,12.945821,77.713368,Bengaluru,Brookefield,2022-08-05
U03019,Ryan,Goel,ryan.goel3019@gmail.com,+911386861183,12.974194,77.724036,Bengaluru,Brookefield,2021-09-16
U03020,Chakrika,Lad,chakrika.lad3020@outlook.com,+917129042408,12.979823,77.605462,Bengaluru,Shivajinagar,2021-10-25
U03021,Ria,Lalla,ria.lalla3021@gmail.com,+914433730900,12.907722,77.578959,Bengaluru,JP Nagar,2023-05-19
U03022,George,Suri,george.suri3022@gmail.com,+919041040633,12.969956,77.589264,Bengaluru,Shivajinagar,2022-04-09
U03023,Isha,Patla,isha.patla3023@hotmail.com,+910091646191,12.961906,77.761152,Bengaluru,Whitefield,2022-02-19
U03024,Ikshita,Virk,ikshita.virk3024@gmail.com,+919674631945,12.992416,77.550801,Bengaluru,Rajajinagar,2023-11-30
U03025,Shivani,Garde,shivani.garde3025@yahoo.com,+912190361654,12.958898,77.51025,Bengaluru,Nagarbhavi,2023-05-28
U03026,Balhaar,Rajan,balhaar.rajan3026@yahoo.com,+913262376345,12.959398,77.688525,Bengaluru,Marathahalli,2023-06-11
U03027,Nachiket,Yogi,nachiket.yogi3027@hotmail.com,+915352277480,12.982826,77.588882,Bengaluru,Shivajinagar,2022-02-23
U03028,Shivansh,Saraf,shivansh.saraf3028@gmail.com,+916545925449,12.922924,77.543663,Bengaluru,Banashankari,2024-03-05
U03029,Idika,Mani,idika.mani3029@hotmail.com,+912493273848,12.998773,77.540496,Bengaluru,Rajajinagar,2022-09-01
U03030,Sarthak,Oommen,sarthak.oommen3030@gmail.com,+915948270690,12.971906,77.635791,Bengaluru,Domlur,2021-04-26
U03031,Yahvi,Luthra,yahvi.luthra3031@yahoo.com,+919728580208,12.959421,77.624724,Bengaluru,Domlur,2021-07-03
U03032,Gautam,Varghese,gautam.varghese3032@hotmail.com,+916028836857,12.891499,77.592956,Bengaluru,JP Nagar,2022-08-22
U03033,Shivansh,Kuruvilla,shivansh.kuruvilla3033@outlook.com,+910439398818,12.95768,77.646792,Bengaluru,Domlur,2023-12-08
U03034,Tejas,Sibal,tejas.sibal3034@outlook.com,+914464307720,13.115858,77.593333,Bengaluru,Yelahanka,2021-01-11
U03035,Advika,Balay,advika.balay3035@yahoo.com,+912739809988,13.041644,77.58071,Bengaluru,Hebbal,2024-01-22
U03036,Jack,Varughese,jack.varughese3036@yahoo.com,+917476930451,12.977411,77.507806,Bengaluru,Nagarbhavi,2023-09-09
U03037,Quincy,Soman,quincy.soman3037@yahoo.com,+918498600542,12.986008,77.642095,Bengaluru,Indiranagar,2023-09-25
U03038,Logan,Sibal,logan.sibal3038@gmail.com,+915077884399,12.987666,77.568166,Bengaluru,Malleshwaram,2022-12-18
U03039,Ekantika,Pradhan,ekantika.pradhan3039@gmail.com,+911498350265,13.008683,77.573469,Bengaluru,Malleshwaram,2023-12-27
U03040,Krishna,Bandi,krishna.bandi3040@gmail.com,+919730777810,12.944557,77.597161,Bengaluru,Jayanagar,2022-10-20
U03041,Ekantika,Cheema,ekantika.cheema3041@gmail.com,+917541003169,12.969645,77.62454,Bengaluru,Domlur,2023-01-31
U03042,Jagrati,Anand,jagrati.anand3042@gmail.com,+919238165142,12.993389,77.637544,Bengaluru,MG Road,2022-02-23
U03043,Nathan,Sama,nathan.sama3043@outlook.com,+919284064533,12.94914,77.700206,Bengaluru,Brookefield,2021-11-23
U03044,Vaishnavi,Natt,vaishnavi.natt3044@outlook.com,+919941973571,12.953905,77.633664,Bengaluru,Domlur,2023-07-10
U03045,Gayathri,Chaudhry,gayathri.chaudhry3045@yahoo.com,+915332319512,12.962471,77.65349,Bengaluru,Domlur,2023-11-29
U03046,Rachit,Parmar,rachit.parmar3046@hotmail.com,+919708746740,12.986989,77.743768,Bengaluru,Whitefield,2024-01-14
U03047,Damini,Gaba,damini.gaba3047@outlook.com,+915631082321,12.957938,77.615378,Bengaluru,MG Road,2022-03-20
U03048,Unni,Grewal,unni.grewal3048@yahoo.com,+918611416355,12.956181,77.743923,Bengaluru,Whitefield,2022-08-28
U03049,Anthony,Sarna,anthony.sarna3049@hotmail.com,+918414574735,12.981787,77.518013,Bengaluru,Nagarbhavi,2023-10-29
U03050,Tanmayi,Saran,tanmayi.saran3050@outlook.com,+916716344779,13.005283,77.566152,Bengaluru,Malleshwaram,2023-10-19
U03051,Mohini,Solanki,mohini.solanki3051@gmail.com,+917575304537,12.958996,77.627887,Bengaluru,Domlur,2024-03-21
U03052,Yagnesh,Krishnan,yagnesh.krishnan3052@hotmail.com,+913143969261,12.990519,77.632544,Bengaluru,Indiranagar,2021-07-21
U03053,Kashvi,Nazareth,kashvi.nazareth3053@yahoo.com,+919307504757,12.992593,77.601949,Bengaluru,Shivajinagar,2023-08-12
U03054,Vasudha,Rattan,vasudha.rattan3054@hotmail.com,+911417450115,12.855551,77.597951,Bengaluru,Bannerghatta Road,2022-09-17
U03055,Charita,Baria,charita.baria3055@yahoo.com,+918571975164,12.97045,77.623755,Bengaluru,MG Road,2021-05-28
U03056,Vivaan,Tripathi,vivaan.tripathi3056@outlook.com,+919443976210,12.936111,77.673495,Bengaluru,Bellandur,2024-01-26
U03057,Hritik,Sama,hritik.sama3057@hotmail.com,+918542084813,12.863799,77.69369,Bengaluru,Sarjapur,2022-06-20
U03058,Pooja,Luthra,pooja.luthra3058@outlook.com,+919047718673,12.994023,77.606547,Bengaluru,Shivajinagar,2021-08-11
U03059,Nandini,Balakrishnan,nandini.balakrishnan3059@hotmail.com,+916239241513,12.935982,77.63331,Bengaluru,Koramangala,2021-12-26
U03060,Nihal,Vala,nihal.vala3060@outlook.com,+911364125418,12.846046,77.661999,Bengaluru,Electronic City,2023-08-05
U03061,Ojas,Mital,ojas.mital3061@gmail.com,+914877397865,13.002543,77.58365,Bengaluru,Shivajinagar,2023-03-28
U03062,Rushil,Dewan,rushil.dewan3062@outlook.com,+915274704657,12.968019,77.739396,Bengaluru,Whitefield,2021-10-12
U03063,Kalpit,Nath,kalpit.nath3063@hotmail.com,+911578729306,12.91652,77.628997,Bengaluru,HSR Layout,2023-07-27
U03064,Chatura,Chana,chatura.chana3064@gmail.com,+910938296355,12.946644,77.625903,Bengaluru,Koramangala,2021-12-30
U03065,Dayamai,Dhaliwal,dayamai.dhaliwal3065@outlook.com,+917887022124,12.978589,77.495342,Bengaluru,Nagarbhavi,2023-10-27
U03066,Hiral,Shanker,hiral.shanker3066@outlook.com,+916166945948,12.936583,77.687944,Bengaluru,Bellandur,2021-07-30
U03067,Meghana,Gandhi,meghana.gandhi3067@outlook.com,+913991454228,12.925878,77.593157,Bengaluru,BTM Layout,2021-07-01
U03068,Triveni,Acharya,triveni.acharya3068@outlook.com,+916296117139,12.985776,77.590591,Bengaluru,Shivajinagar,2023-09-19
U03069,Manbir,Iyer,manbir.iyer3069@yahoo.com,+916622416567,12.92617,77.576735,Bengaluru,Basavanagudi,2021-05-21
U03070,Orinder,Mitra,orinder.mitra3070@hotmail.com,+910561062175,12.932907,77.625847,Bengaluru,BTM Layout,2024-02-07
U03071,Damyanti,Buch,damyanti.buch3071@yahoo.com,+913833124676,13.089188,77.599903,Bengaluru,Yelahanka,2022-02-27
U03072,Qasim,Keer,qasim.keer3072@yahoo.com,+919889008438,12.941716,77.555136,Bengaluru,Banashankari,2023-06-17
U03073,Samar,Sarkar,samar.sarkar3073@hotmail.com,+911322124954,12.927912,77.661635,Bengaluru,Bellandur,2024-02-04
U03074,Gautam,Konda,gautam.konda3074@gmail.com,+912536144380,12.932027,77.598066,Bengaluru,BTM Layout,2022-01-20
U03075,Mitesh,Prasad,mitesh.prasad3075@outlook.com,+917783404665,12.98765,77.56128,Bengaluru,Malleshwaram,2022-01-08
U03076,Abdul,Sood,abdul.sood3076@yahoo.com,+912823266808,12.970708,77.638438,Bengaluru,Indiranagar,2023-11-19
U03077,Nathaniel,Padmanabhan,nathaniel.padmanabhan3077@outlook.com,+917177674662,12.938694,77.581718,Bengaluru,Basavanagudi,2021-11-21
U03078,Harish,Sinha,harish.sinha3078@yahoo.com,+916609446978,12.905688,77.602284,Bengaluru,Bommanahalli,2022-11-20
U03079,Meera,Kala,meera.kala3079@gmail.com,+917962625789,12.982116,77.595525,Bengaluru,Shivajinagar,2022-06-08
U03080,Urmi,Puri,urmi.puri3080@yahoo.com,+916898192810,12.92225,77.551835,Bengaluru,Banashankari,2024-03-11
U03081,Ubika,Kibe,ubika.kibe3081@hotmail.com,+912156588680,12.859587,77.672461,Bengaluru,Sarjapur,2024-01-19
U03082,Gopal,Ram,gopal.ram3082@outlook.com,+911411363177,12.895972,77.580478,Bengaluru,JP Nagar,2023-08-27
U03083,Kabir,Nadkarni,kabir.nadkarni3083@gmail.com,+918357841708,13.089001,77.607913,Bengaluru,Yelahanka,2021-07-16
U03084,Kiaan,Ratta,kiaan.ratta3084@gmail.com,+915804695755,12.909832,77.538149,Bengaluru,Banashankari,2023-04-19
U03085,Eta,Mandal,eta.mandal3085@hotmail.com,+916415570991,13.005155,77.551657,Bengaluru,Rajajinagar,2023-06-13
U03086,Panini,Ramesh,panini.ramesh3086@outlook.com,+911743881804,12.959458,77.636802,Bengaluru,MG Road,2022-12-12
U03087,Ekbal,Palan,ekbal.palan3087@outlook.com,+913944532217,12.880097,77.60135,Bengaluru,Bommanahalli,2023-03-30
U03088,Vrinda,Bala,vrinda.bala3088@outlook.com,+916617596313,13.005838,77.707145,Bengaluru,KR Puram,2021-06-26
U03089,Tristan,Gokhale,tristan.gokhale3089@hotmail.com,+911976403932,13.10905,77.585527,Bengaluru,Yelahanka,2022-01-15
U03090,Wahab,Pillay,wahab.pillay3090@outlook.com,+914214547816,13.042725,77.594888,Bengaluru,Hebbal,2021-05-16
U03091,Janaki,Oak,janaki.oak3091@outlook.com,+912086207669,12.864724,77.683056,Bengaluru,Sarjapur,2022-12-18
U03092,Yachana,Agarwal,yachana.agarwal3092@gmail.com,+910188947578,12.912537,77.660011,Bengaluru,Bellandur,2021-01-24
U03093,Mitali,Brahmbhatt,mitali.brahmbhatt3093@gmail.com,+911636020962,12.930445,77.575019,Bengaluru,Basavanagudi,2023-12-20
U03094,Victor,Devi,victor.devi3094@hotmail.com,+914409997570,12.95811,77.64482,Bengaluru,Domlur,2021-04-13
U03095,Xalak,Guha,xalak.guha3095@outlook.com,+916886204378,13.086705,77.610709,Bengaluru,Yelahanka,2021-07-17
U03096,Chaitanya,Kakar,chaitanya.kakar3096@outlook.com,+911410882652,12.871854,77.697367,Bengaluru,Sarjapur,2023-12-23
U03097,Chasmum,Saran,chasmum.saran3097@hotmail.com,+917823944804,12.888754,77.593647,Bengaluru,Bannerghatta Road,2021-03-15
U03098,Girik,Nori,girik.nori3098@outlook.com,+911798575394,12.860647,77.678415,Bengaluru,Sarjapur,2023-07-23
U03099,Leena,Gole,leena.gole3099@outlook.com,+910825802982,12.931797,77.563846,Bengaluru,Basavanagudi,2022-01-03
U03100,Pavani,Dora,pavani.dora3100@yahoo.com,+911672796641,12.975355,77.553091,Bengaluru,Rajajinagar,2024-01-01
U03101,Bhavani,Mukhopadhyay,bhavani.mukhopadhyay3101@yahoo.com,+913449207310,12.947286,77.60829,Bengaluru,Koramangala,2023-11-04
U03102,Lila,Srivastava,lila.srivastava3102@gmail.com,+919053779985,12.851224,77.68606,Bengaluru,Sarjapur,2023-12-28
U03103,Bakhshi,Lal,bakhshi.lal3103@outlook.com,+918445406497,12.915569,77.635124,Bengaluru,HSR Layout,2021-11-09
U03104,Oviya,Gola,oviya.gola3104@gmail.com,+912384819500,13.033495,77.600912,Bengaluru,Hebbal,2022-03-12
U03105,Nihal,Rao,nihal.rao3105@hotmail.com,+915419893209,12.920764,77.619705,Bengaluru,Koramangala,2022-03-01
U03106,Zansi,Cherian,zansi.cherian3106@hotmail.com,+919552366264,12.975638,77.642111,Bengaluru,Domlur,2022-10-25
U03107,Udyati,Butala,udyati.butala3107@gmail.com,+917899370387,12.914745,77.617289,Bengaluru,BTM Layout,2022-10-11
U03108,Hiral,Chaudhuri,hiral.chaudhuri3108@gmail.com,+918829314487,12.9441,77.570618,Bengaluru,Jayanagar,2023-08-13
U03109,Nidhi,Arora,nidhi.arora3109@outlook.com,+916932572604,12.878422,77.604361,Bengaluru,Bannerghatta Road,2023-08-17
U03110,Naveen,Nagar,naveen.nagar3110@yahoo.com,+912280390988,12.84989,77.688851,Bengaluru,Electronic City,2022-12-22
U03111,Kabir,Tripathi,kabir.tripathi3111@yahoo.com,+912348471244,12.988843,77.492595,Bengaluru,Nagarbhavi,2023-01-23
U03112,Leena,Sha,leena.sha3112@hotmail.com,+916856550528,13.003709,77.600389,Bengaluru,Shivajinagar,2021-12-28
U03113,Advay,Sunder,advay.sunder3113@outlook.com,+914246452203,12.916234,77.657751,Bengaluru,Bellandur,2022-05-15
U03114,Neelima,Sami,neelima.sami3114@outlook.com,+913185437826,12.967978,77.60321,Bengaluru,MG Road,2022-05-25
U03115,Chatura,Mitter,chatura.mitter3115@outlook.com,+918385214957,12.946263,77.723257,Bengaluru,Brookefield,2022-12-03
U03116,Pavani,Kuruvilla,pavani.kuruvilla3116@hotmail.com,+917602440114,12.902708,77.623333,Bengaluru,Bommanahalli,2023-03-17
U03117,Jack,Seshadri,jack.seshadri3117@outlook.com,+918037217887,12.905049,77.593837,Bengaluru,BTM Layout,2023-12-14
U03118,Yadavi,Pradhan,yadavi.pradhan3118@outlook.com,+915682860748,12.954099,77.623473,Bengaluru,Domlur,2021-04-08
U03119,Urvashi,Nayak,urvashi.nayak3119@hotmail.com,+915542283924,13.001275,77.558404,Bengaluru,Rajajinagar,2023-08-02
U03120,Janya,Choudhury,janya.choudhury3120@gmail.com,+911727552589,12.934558,77.562719,Bengaluru,Banashankari,2023-12-27
U03121,Praneel,Samra,praneel.samra3121@outlook.com,+916237411121,12.962374,77.690575,Bengaluru,Marathahalli,2024-03-14
U03122,Leela,Buch,leela.buch3122@gmail.com,+916737497622,12.961503,77.710167,Bengaluru,Marathahalli,2021-08-12
U03123,Mason,Amble,mason.amble3123@outlook.com,+913899347584,12.966705,77.634754,Bengaluru,Indiranagar,2021-09-22
U03124,Geetika,Kuruvilla,geetika.kuruvilla3124@hotmail.com,+910620922751,12.915363,77.59222,Bengaluru,BTM Layout,2024-01-20
U03125,Rudra,Varma,rudra.varma3125@outlook.com,+913045142469,13.005134,77.56186,Bengaluru,Malleshwaram,2021-11-03
U03126,Suhani,Saran,suhani.saran3126@hotmail.com,+911249568819,13.090023,77.58176,Bengaluru,Yelahanka,2022-07-12
U03127,Chanakya,Shetty,chanakya.shetty3127@gmail.com,+914269411172,12.898027,77.648961,Bengaluru,HSR Layout,2023-07-11
U03128,Baghyawati,Baral,baghyawati.baral3128@hotmail.com,+913809013171,12.927828,77.615682,Bengaluru,BTM Layout,2021-02-03
U03129,Jairaj,Suri,jairaj.suri3129@gmail.com,+916313479219,12.878513,77.671836,Bengaluru,Sarjapur,2022-04-19
U03130,Triveni,Peri,triveni.peri3130@hotmail.com,+917185606714,12.968354,77.628029,Bengaluru,Indiranagar,2021-08-20
U03131,Chandresh,Pingle,chandresh.pingle3131@gmail.com,+913201073558,12.974345,77.651783,Bengaluru,Domlur,2023-01-18
U03132,Zayyan,Sandal,zayyan.sandal3132@gmail.com,+912128891694,12.930033,77.594874,Bengaluru,BTM Layout,2023-06-13
U03133,Geetika,Minhas,geetika.minhas3133@yahoo.com,+915088290311,12.969466,77.65785,Bengaluru,Indiranagar,2023-04-27
U03134,Arjun,Loke,arjun.loke3134@gmail.com,+911666650856,12.958082,77.652719,Bengaluru,Domlur,2024-04-04
U03135,Praneel,Memon,praneel.memon3135@outlook.com,+918109042985,12.921874,77.60026,Bengaluru,Jayanagar,2022-02-07
U03136,Ishanvi,Sahni,ishanvi.sahni3136@yahoo.com,+919727545814,12.935959,77.569769,Bengaluru,Basavanagudi,2023-08-28
U03137,Anay,Sekhon,anay.sekhon3137@yahoo.com,+915999274662,12.941327,77.714814,Bengaluru,Marathahalli,2022-08-11
U03138,Ekta,Mishra,ekta.mishra3138@hotmail.com,+915557605878,12.990753,77.705221,Bengaluru,KR Puram,2023-12-30
U03139,Balendra,Choudhury,balendra.choudhury3139@gmail.com,+919640821849,12.961752,77.615669,Bengaluru,MG Road,2021-11-09
U03140,Ishanvi,Bansal,ishanvi.bansal3140@gmail.com,+914599631887,13.008618,77.568944,Bengaluru,Malleshwaram,2023-04-07
U03141,Meghana,Kothari,meghana.kothari3141@hotmail.com,+918235196095,12.944226,77.714011,Bengaluru,Brookefield,2023-12-20
U03142,Parth,Chad,parth.chad3142@gmail.com,+915814791225,12.857382,77.670785,Bengaluru,Sarjapur,2022-11-15
U03143,Girindra,Date,girindra.date3143@gmail.com,+911588490289,12.963844,77.744163,Bengaluru,Whitefield,2024-04-12
U03144,Maanav,Tak,maanav.tak3144@gmail.com,+919792936258,12.978725,77.741147,Bengaluru,Whitefield,2021-04-05
U03145,Raagini,Maharaj,raagini.maharaj3145@outlook.com,+919337326080,12.854112,77.693666,Bengaluru,Electronic City,2021-02-05
U03146,Hemani,Shanker,hemani.shanker3146@yahoo.com,+918856566548,12.849755,77.684506,Bengaluru,Sarjapur,2022-02-18
U03147,Yagnesh,Viswanathan,yagnesh.viswanathan3147@hotmail.com,+916958000489,13.109488,77.580444,Bengaluru,Yelahanka,2022-03-22
U03148,Tara,Baria,tara.baria3148@outlook.com,+916511639931,12.908242,77.651455,Bengaluru,HSR Layout,2021-05-09
U03149,Faraj,Narain,faraj.narain3149@yahoo.com,+918689397770,12.9855,77.616602,Bengaluru,Shivajinagar,2021-04-09
U03150,Kashish,Barad,kashish.barad3150@gmail.com,+919529030695,12.851392,77.671596,Bengaluru,Electronic City,2024-03-09
U03151,Manan,Chaudhuri,manan.chaudhuri3151@hotmail.com,+911451873651,13.104544,77.603419,Bengaluru,Yelahanka,2022-09-17
U03152,Lavanya,Vala,lavanya.vala3152@outlook.com,+914592021348,13.016195,77.568169,Bengaluru,Malleshwaram,2022-05-04
U03153,Farhan,Nazareth,farhan.nazareth3153@yahoo.com,+918328028735,12.914782,77.575891,Bengaluru,Jayanagar,2022-02-09
U03154,Chasmum,Sami,chasmum.sami3154@gmail.com,+913717845875,12.964721,77.688616,Bengaluru,Marathahalli,2023-06-25
U03155,Nandini,Bains,nandini.bains3155@outlook.com,+914331164789,12.956702,77.627071,Bengaluru,Domlur,2023-08-30
U03156,Qarin,Kurian,qarin.kurian3156@yahoo.com,+910743398998,12.95883,77.558843,Bengaluru,Basavanagudi,2023-05-23
U03157,Fariq,Sant,fariq.sant3157@outlook.com,+914331599988,12.85475,77.577794,Bengaluru,Bannerghatta Road,2021-04-10
U03158,Jackson,Handa,jackson.handa3158@gmail.com,+919336883011,12.907818,77.543421,Bengaluru,Banashankari,2022-11-07
U03159,Advika,Mitter,advika.mitter3159@gmail.com,+914166813576,12.879742,77.592373,Bengaluru,Bannerghatta Road,2023-04-27
U03160,Yoshita,Zacharia,yoshita.zacharia3160@hotmail.com,+911831608874,12.970108,77.713933,Bengaluru,Marathahalli,2021-12-15
U03161,Yagnesh,Bawa,yagnesh.bawa3161@hotmail.com,+916385847726,13.014223,77.562143,Bengaluru,Malleshwaram,2024-02-07
U03162,Kavya,Solanki,kavya.solanki3162@yahoo.com,+915889053325,13.038708,77.609623,Bengaluru,Hebbal,2022-10-19
U03163,Tanveer,Sarkar,tanveer.sarkar3163@hotmail.com,+918876970422,12.990043,77.55993,Bengaluru,Rajajinagar,2022-10-01
U03164,Anvi,Grewal,anvi.grewal3164@outlook.com,+919023702402,12.966172,77.6329,Bengaluru,Indiranagar,2023-12-07
U03165,Aradhana,Thaker,aradhana.thaker3165@hotmail.com,+918785928686,12.942913,77.692506,Bengaluru,Bellandur,2024-03-20
U03166,Chakradev,Rastogi,chakradev.rastogi3166@gmail.com,+919680159885,12.935362,77.532939,Bengaluru,Banashankari,2023-06-03
U03167,Pratyush,Mane,pratyush.mane3167@gmail.com,+914252640517,12.951912,77.734437,Bengaluru,Whitefield,2023-12-30
U03168,Anjali,Ahluwalia,anjali.ahluwalia3168@gmail.com,+917595214620,12.969577,77.621982,Bengaluru,MG Road,2021-07-27
U03169,Niharika,Johal,niharika.johal3169@gmail.com,+917664007203,12.975521,77.614053,Bengaluru,MG Road,2023-06-30
U03170,Anirudh,Sachdeva,anirudh.sachdeva3170@outlook.com,+912828597121,12.915159,77.570695,Bengaluru,JP Nagar,2023-07-04
U03171,Kai,Maharaj,kai.maharaj3171@gmail.com,+918680498750,12.989092,77.550696,Bengaluru,Rajajinagar,2022-09-17
U03172,Amara,Shere,amara.shere3172@gmail.com,+919217767977,12.986066,77.60643,Bengaluru,MG Road,2023-03-01
U03173,Eesha,Chatterjee,eesha.chatterjee3173@yahoo.com,+910617789444,12.926694,77.632741,Bengaluru,HSR Layout,2021-03-08
U03174,Timothy,Kar,timothy.kar3174@hotmail.com,+913036873391,13.016642,77.552842,Bengaluru,Malleshwaram,2021-03-16
U03175,Andrew,Nair,andrew.nair3175@yahoo.com,+911313487422,12.963769,77.759997,Bengaluru,Whitefield,2021-03-31
U03176,Timothy,Bhatt,timothy.bhatt3176@yahoo.com,+912414398401,12.917408,77.549816,Bengaluru,Banashankari,2022-11-02
U03177,Bhavna,Sharma,bhavna.sharma3177@gmail.com,+914488019276,12.92818,77.630809,Bengaluru,Koramangala,2023-07-16
U03178,Osha,Narasimhan,osha.narasimhan3178@hotmail.com,+918250994241,12.957285,77.704863,Bengaluru,Marathahalli,2021-12-20
U03179,Lopa,Soni,lopa.soni3179@gmail.com,+913004063886,12.834692,77.693643,Bengaluru,Electronic City,2022-06-06
U03180,Advik,Oza,advik.oza3180@outlook.com,+915951865614,12.87693,77.602369,Bengaluru,Bannerghatta Road,2023-06-23
U03181,Harini,Nagarajan,harini.nagarajan3181@outlook.com,+914060053258,12.947179,77.6133,Bengaluru,Koramangala,2022-07-12
U03182,Hiral,Saxena,hiral.saxena3182@hotmail.com,+918697121069,12.986799,77.52289,Bengaluru,Nagarbhavi,2022-08-31
U03183,Max,Shere,max.shere3183@hotmail.com,+913978341270,12.872441,77.585179,Bengaluru,Bannerghatta Road,2023-07-17
U03184,Wishi,Kade,wishi.kade3184@hotmail.com,+910711025296,12.866068,77.67913,Bengaluru,Sarjapur,2022-03-11
U03185,Onkar,Ramakrishnan,onkar.ramakrishnan3185@hotmail.com,+913417205046,12.988391,77.545879,Bengaluru,Rajajinagar,2022-04-23
U03186,Aadhya,Rau,aadhya.rau3186@hotmail.com,+912713124013,13.001038,77.559537,Bengaluru,Malleshwaram,2023-02-15
U03187,Bachittar,Brar,bachittar.brar3187@hotmail.com,+913978503752,12.859981,77.589995,Bengaluru,Bannerghatta Road,2022-04-28
U03188,Vidhi,Pai,vidhi.pai3188@outlook.com,+910867501933,12.949886,77.692775,Bengaluru,Marathahalli,2022-01-13
U03189,Fiyaz,Johal,fiyaz.johal3189@yahoo.com,+915915327639,12.967815,77.705833,Bengaluru,Brookefield,2023-06-01
U03190,Kala,Modi,kala.modi3190@gmail.com,+912370485513,12.987949,77.556578,Bengaluru,Rajajinagar,2022-07-13
U03191,Bishakha,Murty,bishakha.murty3191@outlook.com,+916611358884,12.981686,77.766733,Bengaluru,Whitefield,2022-03-30
U03192,Siya,Sibal,siya.sibal3192@outlook.com,+912975998900,13.00286,77.566477,Bengaluru,Malleshwaram,2021-02-21
U03193,Ayushman,Dugal,ayushman.dugal3193@outlook.com,+915285893082,12.897693,77.640215,Bengaluru,HSR Layout,2021-03-01
U03194,Ojas,Pandey,ojas.pandey3194@gmail.com,+917798087456,12.95222,77.752635,Bengaluru,Whitefield,2023-11-03
U03195,Raagini,Sagar,raagini.sagar3195@yahoo.com,+912830093063,12.950995,77.702142,Bengaluru,Marathahalli,2023-07-01
U03196,Arin,Mander,arin.mander3196@gmail.com,+910222742178,12.961182,77.712116,Bengaluru,Marathahalli,2023-05-29
U03197,Vritti,Keer,vritti.keer3197@gmail.com,+915018325512,12.993575,77.693356,Bengaluru,KR Puram,2021-04-28
U03198,Keya,Yogi,keya.yogi3198@yahoo.com,+918339334622,12.900968,77.645327,Bengaluru,HSR Layout,2021-04-08
U03199,Karan,Radhakrishnan,karan.radhakrishnan3199@gmail.com,+911742591447,13.11381,77.583405,Bengaluru,Yelahanka,2021-03-11
U03200,Jatin,Chatterjee,jatin.chatterjee3200@yahoo.com,+917076280995,12.960869,77.706994,Bengaluru,Marathahalli,2023-03-30
U03201,Meghana,Kamdar,meghana.kamdar3201@outlook.com,+910847710027,13.083185,77.583223,Bengaluru,Yelahanka,2022-10-02
U03202,Siddharth,Choudhry,siddharth.choudhry3202@hotmail.com,+917781164902,12.998725,77.558085,Bengaluru,Rajajinagar,2024-01-12
U03203,Bimala,Gokhale,bimala.gokhale3203@hotmail.com,+915367630728,12.850579,77.678504,Bengaluru,Electronic City,2023-02-16
U03204,Nathan,Rattan,nathan.rattan3204@outlook.com,+913182913133,13.022454,77.606248,Bengaluru,Hebbal,2023-07-21
U03205,Nilima,Pandey,nilima.pandey3205@yahoo.com,+914622225446,12.956555,77.622849,Bengaluru,Domlur,2023-09-27
U03206,Teerth,Sahota,teerth.sahota3206@yahoo.com,+916691976963,12.969653,77.717177,Bengaluru,Brookefield,2021-10-06
U03207,Arya,Nagarajan,arya.nagarajan3207@gmail.com,+919844967948,12.89872,77.621089,Bengaluru,BTM Layout,2022-10-06
U03208,Janani,Cherian,janani.cherian3208@gmail.com,+917569485648,13.01635,77.687708,Bengaluru,KR Puram,2023-04-04
U03209,Eesha,Thakkar,eesha.thakkar3209@gmail.com,+911550640335,12.969579,77.705622,Bengaluru,Marathahalli,2024-02-01
U03210,Manya,Kar,manya.kar3210@outlook.com,+918595514957,12.953908,77.700789,Bengaluru,Brookefield,2021-04-08
U03211,Netra,Talwar,netra.talwar3211@gmail.com,+910596052671,12.948302,77.590483,Bengaluru,Jayanagar,2023-02-15
U03212,Ucchal,Mangat,ucchal.mangat3212@gmail.com,+916731481247,13.103788,77.594795,Bengaluru,Yelahanka,2023-10-15
U03213,Shivani,Dugar,shivani.dugar3213@gmail.com,+910206515720,12.982228,77.612587,Bengaluru,Shivajinagar,2022-10-27
U03214,Peter,Ratta,peter.ratta3214@gmail.com,+913626396385,12.898856,77.589519,Bengaluru,JP Nagar,2022-12-20
U03215,Bhavya,Aggarwal,bhavya.aggarwal3215@yahoo.com,+912566548190,12.86889,77.579167,Bengaluru,Bannerghatta Road,2023-02-13
U03216,Gaurika,Shetty,gaurika.shetty3216@gmail.com,+918211764399,12.980138,77.735786,Bengaluru,Whitefield,2023-08-28
U03217,Orinder,Chaudhari,orinder.chaudhari3217@yahoo.com,+917507129725,13.083673,77.595159,Bengaluru,Yelahanka,2022-06-25
U03218,Leela,Sahota,leela.sahota3218@yahoo.com,+912875428900,12.969448,77.63784,Bengaluru,Domlur,2021-10-07
U03219,Omya,Roy,omya.roy3219@yahoo.com,+914305044839,12.999331,77.560603,Bengaluru,Malleshwaram,2024-02-27
U03220,Ranbir,Balakrishnan,ranbir.balakrishnan3220@gmail.com,+918657879704,12.910563,77.627742,Bengaluru,HSR Layout,2021-02-14
U03221,Udarsh,Devi,udarsh.devi3221@yahoo.com,+914321596682,12.979091,77.748951,Bengaluru,Whitefield,2024-03-25
U03222,Yahvi,Buch,yahvi.buch3222@gmail.com,+913937073485,12.975377,77.600407,Bengaluru,Shivajinagar,2023-09-17
U03223,Nilima,Bajaj,nilima.bajaj3223@outlook.com,+919009749937,12.987083,77.504372,Bengaluru,Nagarbhavi,2024-03-06
U03224,Ekta,Krish,ekta.krish3224@hotmail.com,+918553166504,13.001202,77.570043,Bengaluru,Malleshwaram,2021-04-28
U03225,Ojas,Sodhi,ojas.sodhi3225@outlook.com,+916117716230,12.976276,77.709703,Bengaluru,Marathahalli,2023-04-01
U03226,Gavin,Prabhakar,gavin.prabhakar3226@yahoo.com,+918132027257,12.917943,77.58358,Bengaluru,JP Nagar,2024-03-18
U03227,Arin,Ramachandran,arin.ramachandran3227@yahoo.com,+915483152293,12.978157,77.552698,Bengaluru,Rajajinagar,2022-10-03
U03228,Yasti,Hans,yasti.hans3228@hotmail.com,+918514508549,12.991797,77.626767,Bengaluru,Indiranagar,2023-02-24
U03229,Neel,Shankar,neel.shankar3229@outlook.com,+916680015631,12.942901,77.728337,Bengaluru,Brookefield,2024-01-27
U03230,Jyoti,Khatri,jyoti.khatri3230@gmail.com,+913892044635,12.915327,77.674022,Bengaluru,Bellandur,2022-09-22
U03231,Parth,Sodhi,parth.sodhi3231@gmail.com,+911799207705,12.954897,77.62397,Bengaluru,Domlur,2021-04-17
U03232,Ryan,Naidu,ryan.naidu3232@yahoo.com,+915333565732,12.924814,77.554969,Bengaluru,Banashankari,2023-08-20
U03233,Kevin,Memon,kevin.memon3233@yahoo.com,+918452969338,12.979792,77.584034,Bengaluru,Shivajinagar,2023-11-17
U03234,Dhruv,Balasubramanian,dhruv.balasubramanian3234@hotmail.com,+917072790873,12.967044,77.627991,Bengaluru,MG Road,2024-04-15
U03235,Samuel,Shenoy,samuel.shenoy3235@gmail.com,+919750783886,12.922207,77.617789,Bengaluru,BTM Layout,2023-02-10
U03236,Tripti,Konda,tripti.konda3236@gmail.com,+915466522897,12.865826,77.590123,Bengaluru,Bannerghatta Road,2022-02-25
U03237,Sachi,Khurana,sachi.khurana3237@hotmail.com,+918601025698,13.004878,77.563865,Bengaluru,Rajajinagar,2024-02-24
U03238,Peter,Shenoy,peter.shenoy3238@hotmail.com,+919714689896,12.912154,77.591792,Bengaluru,JP Nagar,2024-03-16
U03239,Xiti,Choudhry,xiti.choudhry3239@hotmail.com,+915405550834,12.947177,77.699578,Bengaluru,Brookefield,2023-08-06
U03240,Garima,Dutta,garima.dutta3240@yahoo.com,+919955444792,12.952818,77.628184,Bengaluru,Domlur,2024-02-08
U03241,Yash,Shere,yash.shere3241@yahoo.com,+918981211858,12.968985,77.638035,Bengaluru,Domlur,2023-04-07
U03242,Ekaraj,Amble,ekaraj.amble3242@yahoo.com,+917865095256,12.954897,77.650128,Bengaluru,Domlur,2023-01-28
U03243,Bachittar,Ray,bachittar.ray3243@gmail.com,+910381074126,12.900765,77.611141,Bengaluru,BTM Layout,2021-03-14
U03244,Zinal,Singhal,zinal.singhal3244@gmail.com,+913128072994,12.967059,77.695226,Bengaluru,Brookefield,2021-04-19
U03245,Lekha,Bobal,lekha.bobal3245@outlook.com,+912269640763,12.966344,77.721998,Bengaluru,Brookefield,2023-02-22
U03246,Omisha,Lad,omisha.lad3246@hotmail.com,+914555470607,12.956925,77.643365,Bengaluru,Domlur,2022-04-11
U03247,Jai,Walla,jai.walla3247@hotmail.com,+912989979011,12.845341,77.679789,Bengaluru,Sarjapur,2021-08-19
U03248,Arjun,Sarna,arjun.sarna3248@outlook.com,+918731450331,12.933231,77.533973,Bengaluru,Banashankari,2023-10-25
U03249,Vasana,Bhasin,vasana.bhasin3249@yahoo.com,+913220812749,12.98995,77.584918,Bengaluru,Malleshwaram,2022-10-26
U03250,Brinda,Rao,brinda.rao3250@gmail.com,+911128401723,12.966283,77.604526,Bengaluru,MG Road,2021-01-15
U03251,Balveer,Patla,balveer.patla3251@hotmail.com,+919526890826,12.943253,77.666777,Bengaluru,Bellandur,2023-09-24
U03252,Mugdha,Vaidya,mugdha.vaidya3252@outlook.com,+913829196988,12.846473,77.697504,Bengaluru,Sarjapur,2021-11-08
U03253,Ria,Sangha,ria.sangha3253@gmail.com,+911700159197,12.985569,77.643605,Bengaluru,Indiranagar,2024-01-29
U03254,Jeet,Chawla,jeet.chawla3254@outlook.com,+914782173891,13.018111,77.595218,Bengaluru,Hebbal,2022-04-04
U03255,Madhav,Lala,madhav.lala3255@hotmail.com,+912024464285,12.834978,77.659348,Bengaluru,Electronic City,2022-09-27
U03256,Isaac,Gara,isaac.gara3256@outlook.com,+919242090425,12.99849,77.588192,Bengaluru,Shivajinagar,2021-12-05
U03257,Jeevika,Sachar,jeevika.sachar3257@yahoo.com,+919913780772,12.978119,77.650595,Bengaluru,Domlur,2021-12-27
U03258,Harinakshi,Dhar,harinakshi.dhar3258@outlook.com,+913327884593,12.922711,77.569733,Bengaluru,Jayanagar,2023-03-28
U03259,Xavier,Subramanian,xavier.subramanian3259@hotmail.com,+918525724925,12.928975,77.622225,Bengaluru,Koramangala,2023-02-06
U03260,Shivansh,Lalla,shivansh.lalla3260@outlook.com,+910696469016,13.002907,77.599906,Bengaluru,Shivajinagar,2021-02-10
U03261,Gunbir,Narayan,gunbir.narayan3261@yahoo.com,+910141551051,12.831833,77.663926,Bengaluru,Electronic City,2023-07-17
U03262,Ethan,Shanker,ethan.shanker3262@hotmail.com,+912358766269,13.035353,77.590828,Bengaluru,Hebbal,2021-06-20
U03263,Vyanjana,Konda,vyanjana.konda3263@hotmail.com,+912362537863,12.99241,77.625869,Bengaluru,Indiranagar,2022-05-08
U03264,Abha,Oommen,abha.oommen3264@yahoo.com,+916889780332,12.991949,77.624989,Bengaluru,Indiranagar,2021-09-11
U03265,Chakrika,Saxena,chakrika.saxena3265@outlook.com,+916491705803,12.944652,77.690408,Bengaluru,Marathahalli,2023-12-30
U03266,Ganga,Seshadri,ganga.seshadri3266@outlook.com,+910109958724,12.977786,77.626192,Bengaluru,Indiranagar,2023-05-07
U03267,Aarna,Maharaj,aarna.maharaj3267@gmail.com,+919730310519,12.824169,77.662157,Bengaluru,Electronic City,2022-05-12
U03268,Balendra,Dey,balendra.dey3268@outlook.com,+919107643263,12.951899,77.559816,Bengaluru,Basavanagudi,2023-05-30
U03269,Manbir,Vig,manbir.vig3269@yahoo.com,+914429515384,12.962007,77.741316,Bengaluru,Whitefield,2021-11-01
U03270,Bhavya,Bal,bhavya.bal3270@outlook.com,+919752606654,12.953303,77.761597,Bengaluru,Whitefield,2021-03-03
U03271,Timothy,Prabhakar,timothy.prabhakar3271@gmail.com,+910963774019,12.88598,77.582036,Bengaluru,Bannerghatta Road,2022-04-02
U03272,Janani,Manne,janani.manne3272@outlook.com,+912043300623,12.962809,77.52125,Bengaluru,Nagarbhavi,2021-09-25
U03273,Damyanti,Dutt,damyanti.dutt3273@outlook.com,+918277345734,12.99434,77.623878,Bengaluru,Indiranagar,2023-06-20
U03274,Dalaja,Soman,dalaja.soman3274@hotmail.com,+914998835199,13.106688,77.58356,Bengaluru,Yelahanka,2023-09-12
U03275,Ria,Menon,ria.menon3275@hotmail.com,+916062593772,12.967998,77.765248,Bengaluru,Whitefield,2023-06-02
U03276,Mohammed,Dave,mohammed.dave3276@outlook.com,+915396608604,12.83337,77.688341,Bengaluru,Electronic City,2021-08-29
U03277,Manan,Master,manan.master3277@gmail.com,+915149687368,12.864905,77.677743,Bengaluru,Sarjapur,2024-02-20
U03278,Leena,Kurian,leena.kurian3278@hotmail.com,+918913493167,12.878701,77.588277,Bengaluru,Bannerghatta Road,2021-06-27
U03279,Vedant,Bala,vedant.bala3279@yahoo.com,+910938882956,12.996755,77.550792,Bengaluru,Malleshwaram,2021-08-08
U03280,Siddharth,Mitter,siddharth.mitter3280@yahoo.com,+917898801962,12.914987,77.62577,Bengaluru,BTM Layout,2023-03-29
U03281,Manbir,Arora,manbir.arora3281@gmail.com,+912534044440,12.897121,77.574685,Bengaluru,JP Nagar,2021-07-23
U03282,Aashi,Patla,aashi.patla3282@gmail.com,+912596679561,13.049701,77.606268,Bengaluru,Hebbal,2021-09-10
U03283,Yashoda,Varughese,yashoda.varughese3283@outlook.com,+910193633959,12.959418,77.738781,Bengaluru,Whitefield,2022-05-07
U03284,Nidra,Sood,nidra.sood3284@hotmail.com,+919776127651,12.941399,77.541901,Bengaluru,Banashankari,2023-10-29
U03285,Onkar,Padmanabhan,onkar.padmanabhan3285@outlook.com,+910096900418,12.962541,77.508443,Bengaluru,Nagarbhavi,2021-08-10
U03286,Nachiket,Thaker,nachiket.thaker3286@hotmail.com,+910666102011,12.922339,77.629573,Bengaluru,HSR Layout,2021-10-23
U03287,Dipta,Virk,dipta.virk3287@yahoo.com,+917731011060,12.894736,77.614078,Bengaluru,Bommanahalli,2022-06-25
U03288,Kavya,Radhakrishnan,kavya.radhakrishnan3288@outlook.com,+917370612455,12.925522,77.633485,Bengaluru,Koramangala,2024-04-11
U03289,Vedhika,Gara,vedhika.gara3289@gmail.com,+912226650980,12.989284,77.562909,Bengaluru,Malleshwaram,2022-04-01
U03290,Vasatika,Gill,vasatika.gill3290@gmail.com,+916949045788,12.969024,77.761839,Bengaluru,Whitefield,2022-12-28
U03291,Veda,Raghavan,veda.raghavan3291@yahoo.com,+911200451582,12.92541,77.666696,Bengaluru,Bellandur,2022-12-26
U03292,Akshay,Bhattacharyya,akshay.bhattacharyya3292@hotmail.com,+916858697443,12.873099,77.585571,Bengaluru,Bannerghatta Road,2022-11-07
U03293,Hema,Kar,hema.kar3293@gmail.com,+917456185120,12.922601,77.624951,Bengaluru,Koramangala,2021-06-09
U03294,Dayamai,Jhaveri,dayamai.jhaveri3294@yahoo.com,+915768254132,12.994531,77.559354,Bengaluru,Malleshwaram,2022-10-02
U03295,Udarsh,Doctor,udarsh.doctor3295@hotmail.com,+918184393957,12.903822,77.636312,Bengaluru,HSR Layout,2023-09-01
U03296,Arunima,Dar,arunima.dar3296@hotmail.com,+915054767445,12.873114,77.608809,Bengaluru,Bannerghatta Road,2023-04-19
U03297,Ronith,Parikh,ronith.parikh3297@hotmail.com,+918236278423,12.901548,77.624992,Bengaluru,BTM Layout,2023-09-10
U03298,Wishi,Sharaf,wishi.sharaf3298@gmail.com,+911757322836,12.931434,77.530233,Bengaluru,Banashankari,2023-08-31
U03299,Advik,Viswanathan,advik.viswanathan3299@yahoo.com,+910287340362,12.958908,77.735844,Bengaluru,Whitefield,2021-02-02
U03300,Vedant,Jain,vedant.jain3300@outlook.com,+912429326745,12.930183,77.542834,Bengaluru,Banashankari,2021-11-06
U03301,Januja,Bali,januja.bali3301@yahoo.com,+910759817311,12.943376,77.567639,Bengaluru,Jayanagar,2023-05-17
U03302,Mohini,Chaudhary,mohini.chaudhary3302@yahoo.com,+910360360827,13.083422,77.581153,Bengaluru,Yelahanka,2022-08-13
U03303,Forum,Tripathi,forum.tripathi3303@hotmail.com,+918498755281,12.8474,77.697221,Bengaluru,Sarjapur,2023-01-04
U03304,Ekalinga,Madan,ekalinga.madan3304@yahoo.com,+919938963552,12.984065,77.648399,Bengaluru,Indiranagar,2021-08-11
U03305,Fariq,Bhalla,fariq.bhalla3305@outlook.com,+916268503850,12.944467,77.688078,Bengaluru,Marathahalli,2023-11-25
U03306,Sanya,Virk,sanya.virk3306@hotmail.com,+911016329000,12.943133,77.686449,Bengaluru,Bellandur,2021-04-11
U03307,Yug,Konda,yug.konda3307@yahoo.com,+910733125661,12.84637,77.664931,Bengaluru,Electronic City,2023-03-05
U03308,Aahana,Goswami,aahana.goswami3308@yahoo.com,+914024998893,12.93955,77.65895,Bengaluru,Bellandur,2021-08-19
U03309,Yash,Kari,yash.kari3309@hotmail.com,+911522312841,12.950626,77.699432,Bengaluru,Brookefield,2021-08-21
U03310,Tanmayi,Goel,tanmayi.goel3310@yahoo.com,+917655925324,13.007919,77.5791,Bengaluru,Malleshwaram,2023-07-31
U03311,Banjeet,Lata,banjeet.lata3311@hotmail.com,+919576249298,12.901224,77.594644,Bengaluru,JP Nagar,2023-01-02
U03312,Arunima,Chand,arunima.chand3312@hotmail.com,+912882817026,12.972769,77.605505,Bengaluru,MG Road,2022-11-03
U03313,Ranveer,Bhatt,ranveer.bhatt3313@yahoo.com,+914316720838,12.922472,77.58535,Bengaluru,Jayanagar,2021-11-03
U03314,Kevin,Virk,kevin.virk3314@hotmail.com,+910862265919,12.875775,77.67937,Bengaluru,Sarjapur,2021-06-30
U03315,Chavvi,Bhat,chavvi.bhat3315@hotmail.com,+912505562975,12.822355,77.685842,Bengaluru,Electronic City,2022-06-11
U03316,Sarthak,Kari,sarthak.kari3316@outlook.com,+919621985155,13.006271,77.584405,Bengaluru,Malleshwaram,2021-08-25
U03317,Yagnesh,Sood,yagnesh.sood3317@yahoo.com,+918469753847,12.972927,77.719978,Bengaluru,Brookefield,2024-02-11
U03318,Ucchal,Chaudhari,ucchal.chaudhari3318@yahoo.com,+916611317615,12.912481,77.60437,Bengaluru,BTM Layout,2023-10-09
U03319,Charan,Nagar,charan.nagar3319@hotmail.com,+910487087284,12.885698,77.602573,Bengaluru,Bannerghatta Road,2023-01-20
U03320,Elijah,Hegde,elijah.hegde3320@hotmail.com,+916454056020,12.996027,77.623224,Bengaluru,Indiranagar,2023-08-18
U03321,Vanya,Dada,vanya.dada3321@hotmail.com,+912856580905,12.902557,77.603172,Bengaluru,Bommanahalli,2022-02-27
U03322,Riya,Chacko,riya.chacko3322@gmail.com,+913465032403,12.982702,77.495522,Bengaluru,Nagarbhavi,2022-12-14
U03323,Vamakshi,Hora,vamakshi.hora3323@yahoo.com,+918854234898,12.934294,77.606868,Bengaluru,Koramangala,2021-03-30
U03324,Harish,Kale,harish.kale3324@hotmail.com,+918956089736,12.925926,77.625826,Bengaluru,BTM Layout,2022-04-30
U03325,Vidhi,Mital,vidhi.mital3325@outlook.com,+910110843990,12.982718,77.555589,Bengaluru,Rajajinagar,2023-04-27
U03326,Aditya,Sani,aditya.sani3326@yahoo.com,+918751460025,12.908813,77.650279,Bengaluru,HSR Layout,2022-12-28
U03327,Isaac,Savant,isaac.savant3327@outlook.com,+914034499195,12.899294,77.614476,Bengaluru,BTM Layout,2023-11-22
U03328,Robert,Shan,robert.shan3328@gmail.com,+917749503544,12.882227,77.609244,Bengaluru,Bannerghatta Road,2021-08-25
U03329,Aadi,Krishnamurthy,aadi.krishnamurthy3329@yahoo.com,+915813551264,12.993284,77.60621,Bengaluru,MG Road,2021-04-19
U03330,Niharika,Madan,niharika.madan3330@yahoo.com,+917559868066,12.918125,77.627996,Bengaluru,Koramangala,2024-02-13
U03331,Waida,Goda,waida.goda3331@hotmail.com,+913875027873,13.110223,77.585378,Bengaluru,Yelahanka,2023-07-10
U03332,Falguni,Tripathi,falguni.tripathi3332@outlook.com,+911774558489,12.930487,77.587095,Bengaluru,Basavanagudi,2023-11-11
U03333,Vasudha,Varkey,vasudha.varkey3333@hotmail.com,+914742219914,12.954758,77.74554,Bengaluru,Whitefield,2022-05-09
U03334,Bhanumati,Mistry,bhanumati.mistry3334@gmail.com,+917071020234,12.902132,77.623562,Bengaluru,BTM Layout,2024-03-14
U03335,Aishani,Wali,aishani.wali3335@hotmail.com,+918303862898,12.964025,77.603163,Bengaluru,MG Road,2021-06-19
U03336,Yuvraj,Om,yuvraj.om3336@yahoo.com,+918400782693,12.982432,77.752107,Bengaluru,Whitefield,2021-11-23
U03337,Anvi,Thakur,anvi.thakur3337@outlook.com,+919100225916,12.918063,77.627035,Bengaluru,HSR Layout,2021-08-03
U03338,Dayamai,Sarraf,dayamai.sarraf3338@outlook.com,+913421055891,12.948705,77.704576,Bengaluru,Marathahalli,2022-11-20
U03339,Isaac,Gopal,isaac.gopal3339@gmail.com,+910527034418,12.915608,77.629318,Bengaluru,HSR Layout,2022-04-11
U03340,Vinaya,Ahuja,vinaya.ahuja3340@outlook.com,+918075540555,12.949954,77.722567,Bengaluru,Brookefield,2022-03-07
U03341,Eiravati,Upadhyay,eiravati.upadhyay3341@outlook.com,+916465072313,12.956412,77.631658,Bengaluru,Domlur,2021-10-22
U03342,Upma,Tandon,upma.tandon3342@hotmail.com,+918844835753,12.911583,77.660937,Bengaluru,Bellandur,2021-11-08
U03343,Nihal,Gola,nihal.gola3343@gmail.com,+911026233329,12.880871,77.611674,Bengaluru,Bommanahalli,2023-12-13
U03344,Dominic,Sankaran,dominic.sankaran3344@yahoo.com,+910207906473,13.118258,77.599659,Bengaluru,Yelahanka,2021-02-11
U03345,Daksha,Chandra,daksha.chandra3345@gmail.com,+918174411707,12.984034,77.627383,Bengaluru,MG Road,2021-02-17
U03346,Saanvi,Oommen,saanvi.oommen3346@outlook.com,+916629819978,12.915719,77.597285,Bengaluru,JP Nagar,2023-04-06
U03347,Qadim,Hari,qadim.hari3347@outlook.com,+914176503602,12.850204,77.686959,Bengaluru,Sarjapur,2022-01-28
U03348,Ikbal,Kata,ikbal.kata3348@outlook.com,+912719810984,12.960489,77.609456,Bengaluru,MG Road,2021-09-05
U03349,Tanay,Mohanty,tanay.mohanty3349@yahoo.com,+918826523430,12.936397,77.672059,Bengaluru,Bellandur,2022-09-15
U03350,Yachana,Mody,yachana.mody3350@yahoo.com,+912956910352,12.823442,77.690496,Bengaluru,Electronic City,2022-12-14
U03351,Ekaja,Wali,ekaja.wali3351@gmail.com,+914479958185,12.847913,77.682999,Bengaluru,Electronic City,2023-01-23
U03352,Urmi,Chauhan,urmi.chauhan3352@gmail.com,+913892116347,12.910826,77.605033,Bengaluru,Bommanahalli,2023-12-11
U03353,Charita,Kade,charita.kade3353@outlook.com,+911838429363,12.948878,77.636978,Bengaluru,Koramangala,2022-05-30
U03354,Mohammed,Naik,mohammed.naik3354@gmail.com,+917301411109,12.968876,77.746542,Bengaluru,Whitefield,2024-03-09
U03355,Naksh,Handa,naksh.handa3355@gmail.com,+916798586490,12.846086,77.68041,Bengaluru,Electronic City,2022-11-08
U03356,Meghana,Garg,meghana.garg3356@outlook.com,+914211633401,12.929889,77.53306,Bengaluru,Banashankari,2021-04-18
U03357,Nakul,Dugar,nakul.dugar3357@gmail.com,+919337361798,13.09685,77.586078,Bengaluru,Yelahanka,2022-04-16
U03358,Eshana,Varty,eshana.varty3358@yahoo.com,+918744853124,12.831331,77.678183,Bengaluru,Electronic City,2023-02-01
U03359,Urvi,Saha,urvi.saha3359@outlook.com,+916489704640,12.955571,77.518058,Bengaluru,Nagarbhavi,2021-08-08
U03360,Amruta,Karnik,amruta.karnik3360@gmail.com,+913709472621,12.964545,77.64935,Bengaluru,Indiranagar,2022-02-13
U03361,Adya,Sodhi,adya.sodhi3361@hotmail.com,+916157435513,12.954332,77.559233,Bengaluru,Basavanagudi,2023-08-04
U03362,Chavvi,Prabhakar,chavvi.prabhakar3362@gmail.com,+916945296724,12.933873,77.578357,Bengaluru,Basavanagudi,2021-07-27
U03363,Maanav,Mohan,maanav.mohan3363@gmail.com,+914927910269,12.948629,77.718497,Bengaluru,Brookefield,2021-06-16
U03364,Gauri,Pandya,gauri.pandya3364@yahoo.com,+919066904636,12.93621,77.560481,Bengaluru,Banashankari,2023-11-05
U03365,Divya,Sengupta,divya.sengupta3365@hotmail.com,+919771576067,12.829371,77.668276,Bengaluru,Electronic City,2023-05-31
U03366,Darika,Sandal,darika.sandal3366@gmail.com,+918002431810,12.987222,77.703593,Bengaluru,KR Puram,2021-12-23
U03367,Maya,Sahni,maya.sahni3367@outlook.com,+913436594702,12.939258,77.641356,Bengaluru,Koramangala,2022-03-20
U03368,Abdul,Raval,abdul.raval3368@yahoo.com,+915956799714,12.947338,77.635329,Bengaluru,Domlur,2023-02-25
U03369,Christopher,Rege,christopher.rege3369@hotmail.com,+915749452882,12.902624,77.63641,Bengaluru,Bommanahalli,2023-11-16
U03370,Irya,Dey,irya.dey3370@yahoo.com,+916780922735,12.999259,77.539708,Bengaluru,Rajajinagar,2022-02-21
U03371,Tanmayi,Mahal,tanmayi.mahal3371@hotmail.com,+919898725693,13.004494,77.570652,Bengaluru,Malleshwaram,2021-10-27
U03372,Anirudh,Jain,anirudh.jain3372@hotmail.com,+919840553728,13.012295,77.6874,Bengaluru,KR Puram,2022-05-18
U03373,Sathvik,Kunda,sathvik.kunda3373@gmail.com,+914036073771,13.00405,77.570158,Bengaluru,Malleshwaram,2022-03-16
U03374,Chaitaly,Prakash,chaitaly.prakash3374@yahoo.com,+910649002880,13.00546,77.552009,Bengaluru,Rajajinagar,2023-12-19
U03375,Arjun,Nagy,arjun.nagy3375@gmail.com,+910479416123,12.914708,77.548281,Bengaluru,Banashankari,2022-07-31
U03376,Prisha,Raja,prisha.raja3376@yahoo.com,+913575744582,13.095884,77.597727,Bengaluru,Yelahanka,2022-02-02
U03377,Eshana,Iyengar,eshana.iyengar3377@outlook.com,+913772043934,13.008578,77.566017,Bengaluru,Malleshwaram,2021-12-18
U03378,Tanveer,Thakur,tanveer.thakur3378@outlook.com,+919468787139,12.979712,77.546102,Bengaluru,Rajajinagar,2021-07-28
U03379,Ria,Mahal,ria.mahal3379@outlook.com,+913366581932,13.018722,77.558467,Bengaluru,Malleshwaram,2022-07-03
U03380,Hredhaan,Borde,hredhaan.borde3380@hotmail.com,+912162568578,12.886509,77.599358,Bengaluru,Bannerghatta Road,2023-07-19
U03381,Xavier,Dyal,xavier.dyal3381@outlook.com,+915080861057,12.952172,77.63145,Bengaluru,Domlur,2024-02-21
U03382,Eshana,Srinivasan,eshana.srinivasan3382@yahoo.com,+914615965439,12.927757,77.590879,Bengaluru,Jayanagar,2023-10-29
U03383,Upma,Batra,upma.batra3383@gmail.com,+915688673822,12.978425,77.744611,Bengaluru,Whitefield,2023-05-29
U03384,Madhavi,Sur,madhavi.sur3384@yahoo.com,+911299315230,12.936596,77.58965,Bengaluru,Basavanagudi,2022-03-07
U03385,Zaid,Mammen,zaid.mammen3385@hotmail.com,+915234319465,12.987778,77.709258,Bengaluru,KR Puram,2023-04-21
U03386,Keya,Bhargava,keya.bhargava3386@gmail.com,+914846243143,12.887236,77.588116,Bengaluru,Bannerghatta Road,2023-05-10
U03387,Harrison,Bhalla,harrison.bhalla3387@gmail.com,+914625954128,12.987858,77.546645,Bengaluru,Rajajinagar,2021-05-24
U03388,Hema,Majumdar,hema.majumdar3388@yahoo.com,+915534009467,12.94149,77.6282,Bengaluru,Koramangala,2021-01-17
U03389,Kala,Sarma,kala.sarma3389@gmail.com,+914575339515,12.840832,77.692496,Bengaluru,Electronic City,2021-06-30
U03390,Bhavani,Choudhry,bhavani.choudhry3390@gmail.com,+917808312465,12.956481,77.722749,Bengaluru,Brookefield,2023-05-02
U03391,Urmi,Desai,urmi.desai3391@yahoo.com,+919955215723,12.925211,77.609621,Bengaluru,BTM Layout,2021-12-24
U03392,Ethan,Nair,ethan.nair3392@hotmail.com,+915596841389,12.961111,77.751717,Bengaluru,Whitefield,2022-11-22
U03393,Odika,Doshi,odika.doshi3393@hotmail.com,+916999085692,12.883175,77.631626,Bengaluru,Bommanahalli,2022-11-19
U03394,Matthew,Mistry,matthew.mistry3394@yahoo.com,+912876756673,12.994746,77.641966,Bengaluru,Indiranagar,2022-12-04
U03395,Ryan,Chakrabarti,ryan.chakrabarti3395@outlook.com,+917147968519,12.943741,77.717615,Bengaluru,Brookefield,2021-09-13
U03396,Raksha,Korpal,raksha.korpal3396@hotmail.com,+911520350836,12.879012,77.577881,Bengaluru,Bannerghatta Road,2023-01-09
U03397,Falak,Lad,falak.lad3397@outlook.com,+919641135892,12.85814,77.684234,Bengaluru,Sarjapur,2022-09-28
U03398,Bishakha,Bains,bishakha.bains3398@hotmail.com,+912192902450,13.004397,77.676717,Bengaluru,KR Puram,2024-02-20
U03399,Logan,Bir,logan.bir3399@hotmail.com,+914998159517,13.031541,77.589501,Bengaluru,Hebbal,2022-07-09
U03400,Dipta,Patel,dipta.patel3400@yahoo.com,+919702063483,12.917305,77.539075,Bengaluru,Banashankari,2021-06-12
U03401,Sanaya,Kala,sanaya.kala3401@hotmail.com,+914152138674,12.897824,77.59628,Bengaluru,JP Nagar,2022-02-04
U03402,Qarin,Nagi,qarin.nagi3402@outlook.com,+918590713845,12.974925,77.762779,Bengaluru,Whitefield,2022-09-14
U03403,Upadhriti,Kari,upadhriti.kari3403@hotmail.com,+916248438893,12.943361,77.569797,Bengaluru,Basavanagudi,2021-07-01
U03404,Triveni,Pathak,triveni.pathak3404@outlook.com,+919818958123,12.861754,77.579089,Bengaluru,Bannerghatta Road,2022-08-08
U03405,Gauri,Issac,gauri.issac3405@hotmail.com,+913979600860,12.876329,77.602028,Bengaluru,Bannerghatta Road,2023-07-21
U03406,Aashi,Kumer,aashi.kumer3406@gmail.com,+913263125177,12.957619,77.696089,Bengaluru,Brookefield,2022-03-24
U03407,Arin,Dey,arin.dey3407@hotmail.com,+911390885085,13.103992,77.585762,Bengaluru,Yelahanka,2023-08-30
U03408,Jagdish,Roy,jagdish.roy3408@yahoo.com,+912731542125,12.913218,77.65894,Bengaluru,Bellandur,2023-11-01
U03409,Prisha,Randhawa,prisha.randhawa3409@outlook.com,+910244520981,12.862538,77.670438,Bengaluru,Sarjapur,2023-08-06
U03410,Vidhi,Bava,vidhi.bava3410@outlook.com,+918050098516,12.840479,77.678883,Bengaluru,Electronic City,2022-08-29
U03411,Darpan,Vala,darpan.vala3411@yahoo.com,+914107372088,12.856845,77.680054,Bengaluru,Sarjapur,2022-11-12
U03412,Kashvi,Babu,kashvi.babu3412@hotmail.com,+914480634468,12.919345,77.581897,Bengaluru,Jayanagar,2022-10-04
U03413,Rajeshri,Balay,rajeshri.balay3413@hotmail.com,+912672601880,12.966269,77.633271,Bengaluru,Indiranagar,2021-02-16
U03414,Yamini,Narain,yamini.narain3414@outlook.com,+919097078248,12.959951,77.713021,Bengaluru,Marathahalli,2022-10-09
U03415,Vyanjana,Mandal,vyanjana.mandal3415@outlook.com,+911164964948,12.881432,77.621431,Bengaluru,Bommanahalli,2021-07-12
U03416,Gauri,Bhavsar,gauri.bhavsar3416@gmail.com,+914965459000,12.992983,77.599882,Bengaluru,Shivajinagar,2023-05-03
U03417,Faqid,Chanda,faqid.chanda3417@hotmail.com,+915015348429,12.964153,77.713143,Bengaluru,Brookefield,2022-05-12
U03418,Isaiah,Wali,isaiah.wali3418@outlook.com,+919783909090,13.022044,77.696604,Bengaluru,KR Puram,2024-02-25
U03419,Nathan,Varghese,nathan.varghese3419@gmail.com,+918013327809,13.02191,77.580209,Bengaluru,Hebbal,2021-12-29
U03420,Gagan,Sidhu,gagan.sidhu3420@gmail.com,+918837735671,12.954941,77.752334,Bengaluru,Whitefield,2022-09-03
U03421,Rayaan,Bora,rayaan.bora3421@outlook.com,+916821069088,12.989242,77.623476,Bengaluru,MG Road,2022-11-23
U03422,Raagini,Malhotra,raagini.malhotra3422@hotmail.com,+913596623546,12.85378,77.659941,Bengaluru,Electronic City,2022-10-16
U03423,Udyati,Seth,udyati.seth3423@outlook.com,+918377929574,13.04483,77.607534,Bengaluru,Hebbal,2022-03-25
U03424,Max,Narayanan,max.narayanan3424@yahoo.com,+916028855298,12.987664,77.638923,Bengaluru,Indiranagar,2023-07-27
U03425,Elijah,Gopal,elijah.gopal3425@outlook.com,+911412258048,12.918646,77.638493,Bengaluru,Koramangala,2023-03-19
U03426,Harinakshi,Setty,harinakshi.setty3426@gmail.com,+910559672878,12.937832,77.670341,Bengaluru,Bellandur,2021-08-23
U03427,Rachana,Bail,rachana.bail3427@outlook.com,+917886321623,12.910499,77.676458,Bengaluru,Bellandur,2023-03-08
U03428,Neelima,Memon,neelima.memon3428@hotmail.com,+914443807744,12.973706,77.595735,Bengaluru,Shivajinagar,2022-01-14
U03429,Abeer,Ramakrishnan,abeer.ramakrishnan3429@gmail.com,+917947644150,12.892808,77.586706,Bengaluru,JP Nagar,2022-09-22
U03430,Anirudh,Anand,anirudh.anand3430@outlook.com,+915326625287,12.908521,77.623136,Bengaluru,Bommanahalli,2023-12-02
U03431,Umang,Naidu,umang.naidu3431@outlook.com,+914249879635,12.88184,77.622604,Bengaluru,Bommanahalli,2022-06-14
U03432,Prisha,Dora,prisha.dora3432@gmail.com,+918451302999,12.926214,77.542613,Bengaluru,Banashankari,2022-02-11
U03433,Aashi,Kapoor,aashi.kapoor3433@hotmail.com,+910956250575,12.92565,77.613856,Bengaluru,Koramangala,2021-10-02
U03434,Eta,Walia,eta.walia3434@hotmail.com,+912106646763,12.945203,77.704298,Bengaluru,Brookefield,2022-06-14
U03435,Tanvi,Iyer,tanvi.iyer3435@hotmail.com,+910694202225,13.047726,77.580261,Bengaluru,Hebbal,2023-03-10
U03436,Isha,Dua,isha.dua3436@yahoo.com,+914164979847,12.961828,77.655412,Bengaluru,Domlur,2024-02-13
U03437,Ranbir,Divan,ranbir.divan3437@gmail.com,+916813010356,12.949333,77.699018,Bengaluru,Brookefield,2023-09-18
U03438,Samuel,Morar,samuel.morar3438@outlook.com,+913611677477,12.990063,77.698072,Bengaluru,KR Puram,2021-12-09
U03439,Pratyush,Chaudhuri,pratyush.chaudhuri3439@outlook.com,+911702729355,12.901134,77.61512,Bengaluru,BTM Layout,2021-07-12
U03440,Atharv,Walla,atharv.walla3440@hotmail.com,+917177502483,12.985826,77.588569,Bengaluru,Shivajinagar,2024-01-30
U03441,Balveer,Datta,balveer.datta3441@hotmail.com,+915598928377,12.978801,77.606791,Bengaluru,MG Road,2021-06-06
U03442,Ijaya,Biswas,ijaya.biswas3442@yahoo.com,+915655151927,13.02065,77.584104,Bengaluru,Malleshwaram,2022-01-30
U03443,Falak,Murty,falak.murty3443@gmail.com,+916758588346,12.951978,77.719869,Bengaluru,Brookefield,2021-01-05
U03444,Victor,Joshi,victor.joshi3444@gmail.com,+911911168802,12.94691,77.590752,Bengaluru,Jayanagar,2022-08-22
U03445,Saksham,Mitter,saksham.mitter3445@outlook.com,+912504344262,12.971396,77.493329,Bengaluru,Nagarbhavi,2022-07-03
U03446,Nihal,Samra,nihal.samra3446@outlook.com,+919080494795,12.927017,77.609766,Bengaluru,Koramangala,2024-01-07
U03447,Anika,Kaul,anika.kaul3447@gmail.com,+916660452369,12.909298,77.62252,Bengaluru,BTM Layout,2023-02-11
U03448,Teerth,Pant,teerth.pant3448@yahoo.com,+915025802894,12.920663,77.584963,Bengaluru,Jayanagar,2021-03-17
U03449,Avi,Devan,avi.devan3449@yahoo.com,+915378940986,13.109445,77.598074,Bengaluru,Yelahanka,2021-03-05
U03450,Ria,Dasgupta,ria.dasgupta3450@hotmail.com,+918646659352,13.100673,77.600069,Bengaluru,Yelahanka,2022-07-22
U03451,Keya,Bal,keya.bal3451@gmail.com,+911227011923,12.959907,77.696764,Bengaluru,Marathahalli,2021-11-30
U03452,Sachi,Joshi,sachi.joshi3452@yahoo.com,+912501922719,12.96551,77.495565,Bengaluru,Nagarbhavi,2022-04-21
U03453,Lajita,Bawa,lajita.bawa3453@gmail.com,+911053718098,13.114745,77.59528,Bengaluru,Yelahanka,2022-04-06
U03454,Sanya,Sarna,sanya.sarna3454@yahoo.com,+917753128479,12.913546,77.577111,Bengaluru,Jayanagar,2022-02-01
U03455,Mohini,Issac,mohini.issac3455@yahoo.com,+916644450742,12.916541,77.660372,Bengaluru,Bellandur,2021-06-14
U03456,Samesh,Rai,samesh.rai3456@yahoo.com,+910575257583,12.910776,77.638852,Bengaluru,HSR Layout,2021-02-26
U03457,Jeet,Chander,jeet.chander3457@yahoo.com,+919668106300,12.958267,77.578591,Bengaluru,Basavanagudi,2024-02-12
U03458,Parth,Toor,parth.toor3458@yahoo.com,+918265353821,12.936555,77.553281,Bengaluru,Banashankari,2021-07-18
U03459,Zaitra,Dara,zaitra.dara3459@hotmail.com,+912943214749,12.847292,77.68817,Bengaluru,Sarjapur,2022-08-10
U03460,Nicholas,Kadakia,nicholas.kadakia3460@outlook.com,+910975877698,12.976322,77.691181,Bengaluru,Marathahalli,2021-08-26
U03461,Jai,Suresh,jai.suresh3461@hotmail.com,+919993542762,12.928238,77.557913,Bengaluru,Banashankari,2021-05-02
U03462,Ishita,Nadig,ishita.nadig3462@hotmail.com,+917723096694,12.965199,77.61842,Bengaluru,MG Road,2021-03-15
U03463,Ojasvi,Halder,ojasvi.halder3463@yahoo.com,+915915731430,12.967107,77.738595,Bengaluru,Whitefield,2021-08-18
U03464,Shivansh,Chana,shivansh.chana3464@gmail.com,+910503518386,13.00694,77.553818,Bengaluru,Malleshwaram,2023-01-14
U03465,Yashica,Parsa,yashica.parsa3465@gmail.com,+911982228328,12.970817,77.650229,Bengaluru,Indiranagar,2024-02-21
U03466,Vanya,Kumer,vanya.kumer3466@hotmail.com,+915642458197,12.962836,77.695446,Bengaluru,Brookefield,2022-10-08
U03467,Yashoda,Choudhury,yashoda.choudhury3467@gmail.com,+914222616733,12.921113,77.585507,Bengaluru,JP Nagar,2021-10-26
U03468,Tanmayi,Babu,tanmayi.babu3468@yahoo.com,+919445249054,12.95221,77.558373,Bengaluru,Basavanagudi,2023-12-04
U03469,Abhimanyu,Rai,abhimanyu.rai3469@yahoo.com,+917153579539,12.881287,77.580032,Bengaluru,Bannerghatta Road,2022-02-22
U03470,Osha,Ratta,osha.ratta3470@outlook.com,+918151547365,12.88925,77.635722,Bengaluru,Bommanahalli,2021-09-16
U03471,Harish,Pant,harish.pant3471@hotmail.com,+915203546128,12.90178,77.60064,Bengaluru,BTM Layout,2023-02-15
U03472,Jalsa,Mukherjee,jalsa.mukherjee3472@yahoo.com,+911322556001,12.930136,77.617498,Bengaluru,Koramangala,2024-03-24
U03473,Dhruv,Saraf,dhruv.saraf3473@outlook.com,+918364374826,12.964457,77.647369,Bengaluru,Indiranagar,2023-09-19
U03474,Charita,Karnik,charita.karnik3474@hotmail.com,+918891863591,12.920592,77.594534,Bengaluru,Jayanagar,2021-07-19
U03475,Frado,Ramakrishnan,frado.ramakrishnan3475@outlook.com,+911240214099,12.941848,77.581584,Bengaluru,Jayanagar,2022-01-29
U03476,Urishilla,Babu,urishilla.babu3476@yahoo.com,+914171019154,12.977658,77.760517,Bengaluru,Whitefield,2021-07-09
U03477,Anvi,Naik,anvi.naik3477@outlook.com,+910642048863,12.966322,77.628293,Bengaluru,Indiranagar,2024-01-20
U03478,Chakradev,Dhaliwal,chakradev.dhaliwal3478@gmail.com,+916839700734,12.922643,77.592826,Bengaluru,BTM Layout,2022-01-18
U03479,Yuvraj,Goel,yuvraj.goel3479@gmail.com,+911361150647,12.980781,77.602316,Bengaluru,Shivajinagar,2021-01-19
U03480,Aditya,Dave,aditya.dave3480@gmail.com,+919611076473,12.998788,77.574009,Bengaluru,Malleshwaram,2022-02-02
U03481,Zilmil,Dugal,zilmil.dugal3481@gmail.com,+914061485460,12.82306,77.667642,Bengaluru,Electronic City,2023-12-12
U03482,Logan,Singhal,logan.singhal3482@gmail.com,+914650320772,12.978879,77.657732,Bengaluru,Indiranagar,2023-11-01
U03483,Balvan,Bhat,balvan.bhat3483@hotmail.com,+914933147684,12.953364,77.560069,Bengaluru,Basavanagudi,2024-01-24
U03484,Shaurya,Memon,shaurya.memon3484@yahoo.com,+918630188445,12.967834,77.52109,Bengaluru,Nagarbhavi,2022-08-20
U03485,Kamya,Sachdeva,kamya.sachdeva3485@gmail.com,+915284312954,12.913582,77.62541,Bengaluru,Bommanahalli,2021-11-27
U03486,Nakul,Saini,nakul.saini3486@gmail.com,+915294723900,12.945446,77.708765,Bengaluru,Marathahalli,2022-05-06
U03487,Orinder,Ghosh,orinder.ghosh3487@yahoo.com,+912524423311,12.984424,77.522762,Bengaluru,Nagarbhavi,2023-11-16
U03488,Zilmil,Doshi,zilmil.doshi3488@yahoo.com,+912176979709,12.905342,77.624341,Bengaluru,BTM Layout,2022-07-22
U03489,Pratyush,Patla,pratyush.patla3489@outlook.com,+912059798845,12.981721,77.624893,Bengaluru,MG Road,2021-12-06
U03490,Imaran,Gaba,imaran.gaba3490@yahoo.com,+915816308183,12.983139,77.563282,Bengaluru,Rajajinagar,2021-01-08
U03491,Ayushman,Tank,ayushman.tank3491@outlook.com,+912676879876,12.922064,77.569438,Bengaluru,JP Nagar,2023-07-28
U03492,Samar,Mohan,samar.mohan3492@yahoo.com,+919728824635,12.97268,77.62607,Bengaluru,Indiranagar,2023-07-14
U03493,Netra,Prakash,netra.prakash3493@yahoo.com,+911098556576,12.977737,77.633127,Bengaluru,Domlur,2021-10-24
U03494,Alka,Nagi,alka.nagi3494@yahoo.com,+916889851551,12.943301,77.638599,Bengaluru,Domlur,2021-12-18
U03495,Ayush,Bal,ayush.bal3495@gmail.com,+919172314041,12.982923,77.612084,Bengaluru,Shivajinagar,2023-04-19
U03496,Garima,Balakrishnan,garima.balakrishnan3496@gmail.com,+917026892005,12.981072,77.548949,Bengaluru,Rajajinagar,2022-01-20
U03497,Upma,Banerjee,upma.banerjee3497@outlook.com,+914418146950,12.948895,77.642732,Bengaluru,Domlur,2023-07-12
U03498,Maanas,Reddy,maanas.reddy3498@gmail.com,+918046572118,12.934225,77.554393,Bengaluru,Banashankari,2023-02-04
U03499,Chakradhar,Zacharia,chakradhar.zacharia3499@outlook.com,+915979035651,13.046768,77.584338,Bengaluru,Hebbal,2022-02-24
U03500,Krishna,Vohra,krishna.vohra3500@hotmail.com,+917784031059,12.908708,77.642432,Bengaluru,HSR Layout,2021-01-08
U03501,Omkaar,Dugar,omkaar.dugar3501@yahoo.com,+910858042672,12.999032,77.703076,Bengaluru,KR Puram,2023-01-12
U03502,Harish,Aurora,harish.aurora3502@yahoo.com,+919474692597,13.103606,77.592264,Bengaluru,Yelahanka,2022-09-04
U03503,Ikshita,Kapoor,ikshita.kapoor3503@outlook.com,+914035262120,13.102891,77.587304,Bengaluru,Yelahanka,2023-12-20
U03504,George,Saini,george.saini3504@outlook.com,+917100315391,12.822336,77.678812,Bengaluru,Electronic City,2022-05-08
U03505,Dominic,Chowdhury,dominic.chowdhury3505@outlook.com,+918063763158,12.91487,77.595668,Bengaluru,Jayanagar,2021-03-10
U03506,Vamakshi,Shetty,vamakshi.shetty3506@gmail.com,+915132931137,13.117579,77.599795,Bengaluru,Yelahanka,2022-09-19
U03507,Ojasvi,Yadav,ojasvi.yadav3507@yahoo.com,+918637012677,12.971893,77.740641,Bengaluru,Whitefield,2021-03-15
U03508,Ria,Desai,ria.desai3508@outlook.com,+918248831446,12.933062,77.616145,Bengaluru,Koramangala,2021-09-21
U03509,Aadi,Mukhopadhyay,aadi.mukhopadhyay3509@gmail.com,+910180794980,12.949513,77.645425,Bengaluru,Domlur,2022-07-03
U03510,Vamakshi,Singh,vamakshi.singh3510@outlook.com,+913479576513,13.0166,77.699443,Bengaluru,KR Puram,2023-02-06
U03511,Aarini,Dave,aarini.dave3511@gmail.com,+912107032472,12.973342,77.605146,Bengaluru,MG Road,2022-04-07
U03512,Ekantika,Zacharia,ekantika.zacharia3512@yahoo.com,+916394841849,13.042715,77.607557,Bengaluru,Hebbal,2022-09-08
U03513,Jasmit,Char,jasmit.char3513@yahoo.com,+910285014689,12.859105,77.690996,Bengaluru,Sarjapur,2022-10-07
U03514,Vanya,Tailor,vanya.tailor3514@yahoo.com,+918666961702,13.033568,77.58681,Bengaluru,Hebbal,2023-05-03
U03515,Rohan,Dass,rohan.dass3515@outlook.com,+911107248351,12.942864,77.545635,Bengaluru,Banashankari,2024-03-15
U03516,Theodore,Varma,theodore.varma3516@hotmail.com,+911037756586,12.978937,77.513489,Bengaluru,Nagarbhavi,2021-01-11
U03517,Kai,Dhar,kai.dhar3517@outlook.com,+917385221976,13.009474,77.688022,Bengaluru,KR Puram,2023-04-01
U03518,Umang,Butala,umang.butala3518@gmail.com,+911906457002,12.953746,77.583839,Bengaluru,Basavanagudi,2023-08-16
U03519,Girish,Raval,girish.raval3519@outlook.com,+916805119472,12.921981,77.691274,Bengaluru,Bellandur,2023-02-21
U03520,Barkha,Cheema,barkha.cheema3520@outlook.com,+917761268531,12.99593,77.559355,Bengaluru,Rajajinagar,2023-11-22
U03521,Zaid,Kara,zaid.kara3521@gmail.com,+912376736051,12.846734,77.684521,Bengaluru,Electronic City,2021-03-06
U03522,Zashil,Goyal,zashil.goyal3522@outlook.com,+915923649979,13.020251,77.609716,Bengaluru,Hebbal,2022-07-21
U03523,Charvi,Narasimhan,charvi.narasimhan3523@hotmail.com,+912559569231,12.955866,77.625216,Bengaluru,Domlur,2021-05-21
U03524,Turvi,Venkatesh,turvi.venkatesh3524@outlook.com,+915603518373,12.872294,77.698581,Bengaluru,Sarjapur,2021-12-25
U03525,Zansi,Loke,zansi.loke3525@outlook.com,+916061504854,12.963406,77.697465,Bengaluru,Marathahalli,2023-12-16
U03526,Karan,Narang,karan.narang3526@gmail.com,+912089140964,12.860657,77.699458,Bengaluru,Sarjapur,2021-03-04
U03527,Pahal,Prasad,pahal.prasad3527@outlook.com,+918275430714,12.938156,77.563321,Bengaluru,Basavanagudi,2021-05-27
U03528,Maanav,Banerjee,maanav.banerjee3528@gmail.com,+917499647236,12.943067,77.705873,Bengaluru,Brookefield,2023-01-19
U03529,Lekha,Bava,lekha.bava3529@hotmail.com,+914702794049,12.927588,77.55952,Bengaluru,Basavanagudi,2021-05-28
U03530,Rudra,Gopal,rudra.gopal3530@gmail.com,+917247891465,12.867292,77.682572,Bengaluru,Sarjapur,2021-08-01
U03531,Akshay,Dhar,akshay.dhar3531@gmail.com,+914001202989,12.967635,77.712438,Bengaluru,Marathahalli,2021-12-19
U03532,Bahadurjit,Khanna,bahadurjit.khanna3532@gmail.com,+912673129340,12.952719,77.720619,Bengaluru,Brookefield,2023-08-01
U03533,Neel,Ranganathan,neel.ranganathan3533@hotmail.com,+915602671406,12.924083,77.660755,Bengaluru,Bellandur,2022-06-02
U03534,Ekantika,Apte,ekantika.apte3534@hotmail.com,+911786489714,12.91368,77.596409,Bengaluru,Jayanagar,2022-02-20
U03535,Vasana,Sule,vasana.sule3535@gmail.com,+919867800013,12.96269,77.69424,Bengaluru,Marathahalli,2021-01-05
U03536,Hemangini,Guha,hemangini.guha3536@gmail.com,+915751081939,12.900014,77.602542,Bengaluru,BTM Layout,2021-12-31
U03537,Nidra,Seth,nidra.seth3537@outlook.com,+915626959519,12.994242,77.646933,Bengaluru,Indiranagar,2021-02-17
U03538,Tanish,Setty,tanish.setty3538@outlook.com,+917690941586,12.919395,77.550513,Bengaluru,Banashankari,2022-08-25
U03539,Adya,Sarraf,adya.sarraf3539@gmail.com,+915790622481,12.944869,77.692658,Bengaluru,Marathahalli,2022-05-18
U03540,Jacob,Mammen,jacob.mammen3540@yahoo.com,+914287276511,12.971832,77.711027,Bengaluru,Marathahalli,2024-04-15
U03541,Yoshita,Nazareth,yoshita.nazareth3541@gmail.com,+917310652677,12.864214,77.583388,Bengaluru,Bannerghatta Road,2021-02-06
U03542,Geetika,Grewal,geetika.grewal3542@gmail.com,+911043410628,12.941119,77.592026,Bengaluru,Basavanagudi,2023-08-07
U03543,Aadhya,Om,aadhya.om3543@yahoo.com,+911761147882,12.949693,77.574759,Bengaluru,Basavanagudi,2022-02-15
U03544,Vinaya,Shan,vinaya.shan3544@outlook.com,+914264396945,12.853365,77.678478,Bengaluru,Electronic City,2023-06-08
U03545,Gopal,Oommen,gopal.oommen3545@gmail.com,+911314897195,12.961511,77.605784,Bengaluru,MG Road,2023-02-19
U03546,Zilmil,Lall,zilmil.lall3546@yahoo.com,+910137189327,13.004971,77.547521,Bengaluru,Rajajinagar,2022-05-21
U03547,Dev,Pau,dev.pau3547@hotmail.com,+915307440143,12.939914,77.589469,Bengaluru,Basavanagudi,2023-10-28
U03548,Pooja,Bal,pooja.bal3548@outlook.com,+919024666450,12.939826,77.565937,Bengaluru,Basavanagudi,2023-05-30
U03549,Jonathan,Chandra,jonathan.chandra3549@yahoo.com,+911947235248,12.933485,77.58229,Bengaluru,Jayanagar,2022-05-27
U03550,Utkarsh,Shankar,utkarsh.shankar3550@gmail.com,+913142918516,12.869202,77.6858,Bengaluru,Sarjapur,2023-04-05
U03551,Indrajit,Dara,indrajit.dara3551@yahoo.com,+913908159732,12.857261,77.67262,Bengaluru,Sarjapur,2022-09-11
U03552,Chakrika,Date,chakrika.date3552@yahoo.com,+919159429689,12.940881,77.681378,Bengaluru,Bellandur,2021-08-18
U03553,Idika,Mohanty,idika.mohanty3553@hotmail.com,+916071870975,12.834763,77.692842,Bengaluru,Electronic City,2021-12-12
U03554,Sneha,Sarin,sneha.sarin3554@gmail.com,+912909713738,12.940759,77.599277,Bengaluru,Jayanagar,2022-02-07
U03555,Fitan,Thaman,fitan.thaman3555@yahoo.com,+913584972779,12.952981,77.655059,Bengaluru,Domlur,2022-06-11
U03556,Qabil,Rao,qabil.rao3556@gmail.com,+914832616764,12.901234,77.633729,Bengaluru,HSR Layout,2024-03-29
U03557,Yasti,Hayer,yasti.hayer3557@outlook.com,+918576786340,12.986919,77.56903,Bengaluru,Rajajinagar,2023-03-27
U03558,Lucky,Kapadia,lucky.kapadia3558@gmail.com,+910468322735,13.019201,77.554877,Bengaluru,Malleshwaram,2023-08-17
U03559,Anay,Issac,anay.issac3559@outlook.com,+915340109986,12.995872,77.600827,Bengaluru,Shivajinagar,2023-01-04
U03560,Irya,Vora,irya.vora3560@outlook.com,+919907370743,12.893463,77.626814,Bengaluru,Bommanahalli,2023-06-28
U03561,Max,Wali,max.wali3561@gmail.com,+912980965590,12.925768,77.669868,Bengaluru,Bellandur,2021-02-13
U03562,Champak,Walia,champak.walia3562@hotmail.com,+915163577208,12.82826,77.661333,Bengaluru,Electronic City,2023-11-17
U03563,Janani,Zacharia,janani.zacharia3563@yahoo.com,+911645693982,12.985463,77.605304,Bengaluru,Shivajinagar,2023-04-19
U03564,Victor,Wali,victor.wali3564@outlook.com,+918242781083,12.907817,77.625297,Bengaluru,HSR Layout,2023-12-01
U03565,Ojas,Prasad,ojas.prasad3565@outlook.com,+917142276903,12.962383,77.623875,Bengaluru,Indiranagar,2022-05-09
U03566,Nathan,Chaudhry,nathan.chaudhry3566@outlook.com,+913327885574,13.088522,77.610224,Bengaluru,Yelahanka,2022-07-16
U03567,Noah,Kara,noah.kara3567@hotmail.com,+917773023603,13.01437,77.681134,Bengaluru,KR Puram,2021-10-23
U03568,Max,Zachariah,max.zachariah3568@hotmail.com,+915173992051,12.967039,77.733242,Bengaluru,Whitefield,2023-02-01
U03569,Panini,Jain,panini.jain3569@gmail.com,+918874944231,13.004461,77.700087,Bengaluru,KR Puram,2023-11-11
U03570,Arya,Bawa,arya.bawa3570@gmail.com,+913191975683,12.878193,77.671002,Bengaluru,Sarjapur,2023-09-19
U03571,Nandini,Minhas,nandini.minhas3571@gmail.com,+915698763486,12.90427,77.594376,Bengaluru,JP Nagar,2022-07-03
U03572,Madhavi,Vig,madhavi.vig3572@yahoo.com,+913030859388,12.981238,77.566781,Bengaluru,Rajajinagar,2021-09-28
U03573,Oviya,Soni,oviya.soni3573@hotmail.com,+918020347233,12.908911,77.562684,Bengaluru,Banashankari,2023-06-02
U03574,Upadhriti,Nagy,upadhriti.nagy3574@gmail.com,+911088870344,12.898483,77.636693,Bengaluru,HSR Layout,2023-11-16
U03575,Laban,Mital,laban.mital3575@hotmail.com,+913834536535,12.840652,77.692558,Bengaluru,Electronic City,2023-08-29
U03576,Aadi,Borde,aadi.borde3576@hotmail.com,+913890505268,12.983376,77.609223,Bengaluru,Shivajinagar,2023-10-25
U03577,Zayan,Muni,zayan.muni3577@outlook.com,+914060093037,13.097266,77.595825,Bengaluru,Yelahanka,2023-04-20
U03578,Sathvik,Bhavsar,sathvik.bhavsar3578@gmail.com,+913924948403,12.853674,77.686085,Bengaluru,Electronic City,2023-06-08
U03579,Daniel,Roy,daniel.roy3579@yahoo.com,+917428428517,12.960059,77.740766,Bengaluru,Whitefield,2023-08-29
U03580,Logan,Dhawan,logan.dhawan3580@outlook.com,+915884691816,12.957908,77.707971,Bengaluru,Brookefield,2023-03-27
U03581,Vasana,Dyal,vasana.dyal3581@hotmail.com,+916805245795,13.005713,77.567526,Bengaluru,Rajajinagar,2022-04-27
U03582,Xavier,Raman,xavier.raman3582@outlook.com,+915276165532,12.90939,77.634424,Bengaluru,HSR Layout,2024-03-27
U03583,Nathaniel,Saini,nathaniel.saini3583@hotmail.com,+914265197621,12.889077,77.584129,Bengaluru,Bannerghatta Road,2023-06-14
U03584,Mahika,Hari,mahika.hari3584@hotmail.com,+915057059178,12.905259,77.634708,Bengaluru,Bommanahalli,2022-05-06
U03585,Yuvraj,Palla,yuvraj.palla3585@yahoo.com,+912833238356,12.957661,77.709569,Bengaluru,Brookefield,2022-09-05
U03586,Ekavir,Kara,ekavir.kara3586@hotmail.com,+911918206045,12.907327,77.590727,Bengaluru,JP Nagar,2021-07-12
U03587,Anya,Dey,anya.dey3587@yahoo.com,+910113482655,12.851246,77.680742,Bengaluru,Electronic City,2022-02-24
U03588,Neelima,Dasgupta,neelima.dasgupta3588@hotmail.com,+913481957146,12.898494,77.654344,Bengaluru,HSR Layout,2024-02-08
U03589,Max,Jha,max.jha3589@gmail.com,+915529709650,12.962998,77.6804,Bengaluru,Marathahalli,2022-02-05
U03590,Sachi,Dhar,sachi.dhar3590@yahoo.com,+918329769113,12.910303,77.626317,Bengaluru,HSR Layout,2022-03-12
U03591,Anya,Narang,anya.narang3591@yahoo.com,+915894278381,12.970677,77.7513,Bengaluru,Whitefield,2023-02-21
U03592,Advay,Dalal,advay.dalal3592@yahoo.com,+916614180137,13.11354,77.589194,Bengaluru,Yelahanka,2023-08-20
U03593,Deepa,Viswanathan,deepa.viswanathan3593@hotmail.com,+911671422754,12.857548,77.671997,Bengaluru,Electronic City,2021-06-12
U03594,Harshil,Sinha,harshil.sinha3594@hotmail.com,+916854206671,12.9536,77.743333,Bengaluru,Whitefield,2022-10-04
U03595,Vincent,Sarma,vincent.sarma3595@yahoo.com,+918542098609,12.899457,77.574947,Bengaluru,JP Nagar,2022-09-15
U03596,Chanchal,Dash,chanchal.dash3596@yahoo.com,+919392428112,12.92576,77.55395,Bengaluru,Banashankari,2023-12-11
U03597,Suhani,Dube,suhani.dube3597@yahoo.com,+912887778731,12.94685,77.709895,Bengaluru,Brookefield,2024-01-23
U03598,Ekavir,Om,ekavir.om3598@outlook.com,+914339503978,12.952449,77.679882,Bengaluru,Marathahalli,2023-09-04
U03599,Anita,Baria,anita.baria3599@outlook.com,+917419888866,12.877928,77.676754,Bengaluru,Sarjapur,2021-02-25
U03600,Lakshmi,Kumer,lakshmi.kumer3600@yahoo.com,+917463303494,12.944735,77.705382,Bengaluru,Marathahalli,2023-03-13
U03601,Isaiah,Shukla,isaiah.shukla3601@yahoo.com,+916806704803,12.941263,77.585581,Bengaluru,Basavanagudi,2023-09-28
U03602,Pooja,Ganguly,pooja.ganguly3602@yahoo.com,+916903556416,12.950372,77.65041,Bengaluru,Domlur,2021-01-28
U03603,Vidhi,Manne,vidhi.manne3603@gmail.com,+919122189803,13.050487,77.580846,Bengaluru,Hebbal,2023-06-08
U03604,Umang,Virk,umang.virk3604@gmail.com,+913880862966,12.992186,77.684331,Bengaluru,KR Puram,2021-06-22
U03605,Harshil,Chakrabarti,harshil.chakrabarti3605@gmail.com,+912667555383,12.911632,77.572199,Bengaluru,JP Nagar,2021-12-03
U03606,Janani,Khurana,janani.khurana3606@outlook.com,+919987346893,12.931166,77.555541,Bengaluru,Banashankari,2023-09-04
U03607,Warda,Sankaran,warda.sankaran3607@outlook.com,+911479599386,12.961118,77.62961,Bengaluru,MG Road,2021-10-10
U03608,Oviya,Bhandari,oviya.bhandari3608@gmail.com,+918547289594,12.976435,77.590416,Bengaluru,Shivajinagar,2022-05-17
U03609,Henry,Mammen,henry.mammen3609@outlook.com,+915619780481,12.917044,77.594841,Bengaluru,Jayanagar,2023-11-19
U03610,Anya,Krishnamurthy,anya.krishnamurthy3610@gmail.com,+919018181407,12.864609,77.695311,Bengaluru,Sarjapur,2021-11-15
U03611,Yashoda,Narasimhan,yashoda.narasimhan3611@outlook.com,+918318100705,12.974499,77.699806,Bengaluru,Brookefield,2024-02-07
U03612,Oni,Krishnamurthy,oni.krishnamurthy3612@yahoo.com,+917339871409,13.018581,77.705605,Bengaluru,KR Puram,2023-10-12
U03613,Ishanvi,Chacko,ishanvi.chacko3613@outlook.com,+912203254408,12.954306,77.716133,Bengaluru,Brookefield,2022-05-16
U03614,Agastya,Chaudhuri,agastya.chaudhuri3614@hotmail.com,+916311513665,12.960796,77.761074,Bengaluru,Whitefield,2023-08-25
U03615,Vedika,Kibe,vedika.kibe3615@gmail.com,+917913384346,12.979977,77.758446,Bengaluru,Whitefield,2023-06-06
U03616,Warda,Kant,warda.kant3616@outlook.com,+916124062937,12.964923,77.698186,Bengaluru,Marathahalli,2023-06-27
U03617,Radha,Lata,radha.lata3617@outlook.com,+914777932082,12.877417,77.680453,Bengaluru,Sarjapur,2021-04-17
U03618,Hemang,Sura,hemang.sura3618@outlook.com,+919584713686,12.967777,77.624454,Bengaluru,Domlur,2023-04-27
U03619,Keya,Venkataraman,keya.venkataraman3619@gmail.com,+918117310521,12.93702,77.664256,Bengaluru,Bellandur,2021-10-29
U03620,Lavanya,Basak,lavanya.basak3620@yahoo.com,+912342992647,12.987087,77.555935,Bengaluru,Rajajinagar,2021-05-25
U03621,Hritik,Chaudhari,hritik.chaudhari3621@gmail.com,+910185077309,12.94795,77.571719,Bengaluru,Basavanagudi,2022-05-18
U03622,Girish,Dalal,girish.dalal3622@hotmail.com,+911436917159,12.997372,77.571666,Bengaluru,Malleshwaram,2023-07-09
U03623,William,Patel,william.patel3623@outlook.com,+914446274139,12.990082,77.681187,Bengaluru,KR Puram,2023-02-16
U03624,Oviya,Ramesh,oviya.ramesh3624@hotmail.com,+913464905752,12.939181,77.543854,Bengaluru,Banashankari,2024-03-08
U03625,Balveer,Palan,balveer.palan3625@outlook.com,+916311343381,12.933532,77.612704,Bengaluru,Koramangala,2024-02-11
U03626,Ria,Sharma,ria.sharma3626@hotmail.com,+917626506403,12.904098,77.61547,Bengaluru,BTM Layout,2021-02-16
U03627,Baljiwan,Rastogi,baljiwan.rastogi3627@hotmail.com,+912257231210,13.101969,77.5783,Bengaluru,Yelahanka,2023-07-11
U03628,Rachana,Bal,rachana.bal3628@outlook.com,+917251609647,13.024414,77.592606,Bengaluru,Hebbal,2021-11-05
U03629,Tarak,Golla,tarak.golla3629@outlook.com,+915434699480,12.941717,77.543337,Bengaluru,Banashankari,2022-03-05
U03630,Arjun,Narasimhan,arjun.narasimhan3630@gmail.com,+917817709763,13.005302,77.540257,Bengaluru,Rajajinagar,2024-02-18
U03631,Hardik,Master,hardik.master3631@yahoo.com,+913235142354,12.911831,77.591215,Bengaluru,JP Nagar,2023-07-01
U03632,Nitara,Balakrishnan,nitara.balakrishnan3632@gmail.com,+916328316826,12.846821,77.665605,Bengaluru,Electronic City,2023-12-05
U03633,Tanmayi,Kulkarni,tanmayi.kulkarni3633@yahoo.com,+910865021360,12.961995,77.656557,Bengaluru,Domlur,2023-08-28
U03634,Jagrati,Padmanabhan,jagrati.padmanabhan3634@yahoo.com,+917427448998,12.844881,77.682558,Bengaluru,Sarjapur,2021-06-10
U03635,Indira,Kothari,indira.kothari3635@yahoo.com,+918426250411,12.947182,77.647469,Bengaluru,Domlur,2022-09-17
U03636,Aradhana,Sehgal,aradhana.sehgal3636@outlook.com,+915761082883,12.977828,77.649771,Bengaluru,Domlur,2023-04-01
U03637,Champak,Nair,champak.nair3637@gmail.com,+919554563352,12.923127,77.659205,Bengaluru,Bellandur,2023-02-10
U03638,Tara,Lall,tara.lall3638@outlook.com,+918268105625,13.005102,77.553152,Bengaluru,Rajajinagar,2024-03-28
U03639,Naveen,Kadakia,naveen.kadakia3639@yahoo.com,+910265163537,12.975825,77.642525,Bengaluru,Indiranagar,2023-03-03
U03640,Ekanta,Rattan,ekanta.rattan3640@outlook.com,+919000476694,12.922496,77.596856,Bengaluru,BTM Layout,2022-01-08
U03641,Ijaya,Gera,ijaya.gera3641@hotmail.com,+910873090952,12.993876,77.543642,Bengaluru,Rajajinagar,2023-10-29
U03642,Xalak,Chakraborty,xalak.chakraborty3642@gmail.com,+915461522555,12.92985,77.605852,Bengaluru,BTM Layout,2022-06-06
U03643,Gauri,Pandey,gauri.pandey3643@hotmail.com,+917761648042,12.982274,77.755396,Bengaluru,Whitefield,2022-10-07
U03644,Vedant,Nadig,vedant.nadig3644@gmail.com,+910621823586,12.98548,77.517225,Bengaluru,Nagarbhavi,2021-02-08
U03645,Damini,Chaudhuri,damini.chaudhuri3645@hotmail.com,+919314890449,12.912846,77.618486,Bengaluru,BTM Layout,2024-02-06
U03646,Gautam,Ravi,gautam.ravi3646@hotmail.com,+914570269148,12.965532,77.493549,Bengaluru,Nagarbhavi,2023-03-10
U03647,Dhriti,Tank,dhriti.tank3647@outlook.com,+912733450563,12.987382,77.678071,Bengaluru,KR Puram,2021-07-29
U03648,Quincy,Raja,quincy.raja3648@outlook.com,+916236228829,12.992919,77.577576,Bengaluru,Malleshwaram,2023-09-04
U03649,Samaksh,Lanka,samaksh.lanka3649@yahoo.com,+917966994356,12.948116,77.573515,Bengaluru,Basavanagudi,2022-10-14
U03650,Vedika,Panchal,vedika.panchal3650@gmail.com,+919475943496,12.985727,77.633867,Bengaluru,MG Road,2022-04-15
U03651,Geetika,Sarma,geetika.sarma3651@yahoo.com,+911527330062,13.03435,77.599216,Bengaluru,Hebbal,2023-07-24
U03652,Janaki,Dutta,janaki.dutta3652@hotmail.com,+911356947126,12.94154,77.533931,Bengaluru,Banashankari,2021-06-29
U03653,Om,Naidu,om.naidu3653@hotmail.com,+913140749006,12.915657,77.540825,Bengaluru,Banashankari,2022-03-02
U03654,Amol,Choudhury,amol.choudhury3654@yahoo.com,+912123090861,12.852387,77.674451,Bengaluru,Sarjapur,2021-03-31
U03655,Ranveer,Mukherjee,ranveer.mukherjee3655@yahoo.com,+916563353685,12.890397,77.584818,Bengaluru,JP Nagar,2021-05-07
U03656,Yashawini,Minhas,yashawini.minhas3656@yahoo.com,+911865723640,12.885665,77.624127,Bengaluru,Bommanahalli,2022-06-16
U03657,Pranav,Rao,pranav.rao3657@hotmail.com,+910991975554,12.899453,77.627005,Bengaluru,BTM Layout,2022-10-20
U03658,Faqid,Issac,faqid.issac3658@gmail.com,+917663905652,12.902542,77.623375,Bengaluru,Bommanahalli,2022-08-23
U03659,Girik,Chana,girik.chana3659@hotmail.com,+915904342075,12.980787,77.616916,Bengaluru,Shivajinagar,2022-02-04
U03660,Nidhi,Lall,nidhi.lall3660@gmail.com,+910306019567,13.034773,77.593176,Bengaluru,Hebbal,2022-05-19
U03661,Madhav,Oak,madhav.oak3661@outlook.com,+912478930692,12.914567,77.557407,Bengaluru,Banashankari,2021-10-22
U03662,Irya,Ranganathan,irya.ranganathan3662@outlook.com,+913812858294,12.958438,77.614047,Bengaluru,MG Road,2022-08-25
U03663,Kiaan,Rajan,kiaan.rajan3663@gmail.com,+914126035425,12.929563,77.593454,Bengaluru,BTM Layout,2022-01-12
U03664,Hemang,Memon,hemang.memon3664@outlook.com,+918013264473,12.975803,77.727577,Bengaluru,Brookefield,2022-10-05
U03665,Fitan,Naik,fitan.naik3665@gmail.com,+914865312855,13.002927,77.592233,Bengaluru,Shivajinagar,2023-08-21
U03666,Umang,Savant,umang.savant3666@yahoo.com,+916254801031,12.905981,77.598819,Bengaluru,JP Nagar,2023-02-22
U03667,Banjeet,Korpal,banjeet.korpal3667@hotmail.com,+914187786307,13.042465,77.613633,Bengaluru,Hebbal,2021-03-01
U03668,Mohammed,Mahal,mohammed.mahal3668@outlook.com,+917338143597,12.845737,77.669571,Bengaluru,Sarjapur,2024-04-15
U03669,Atharv,Talwar,atharv.talwar3669@outlook.com,+911552415779,12.934014,77.617769,Bengaluru,BTM Layout,2021-06-17
U03670,Udarsh,Kanda,udarsh.kanda3670@outlook.com,+910922665823,12.912796,77.584716,Bengaluru,JP Nagar,2022-03-19
U03671,Yatan,Kara,yatan.kara3671@outlook.com,+919328955791,13.019718,77.694623,Bengaluru,KR Puram,2022-08-07
U03672,Ria,Kalita,ria.kalita3672@yahoo.com,+918512229593,12.867666,77.680475,Bengaluru,Sarjapur,2023-08-26
U03673,Maanav,Arora,maanav.arora3673@gmail.com,+915614104886,12.995553,77.547782,Bengaluru,Rajajinagar,2021-01-28
U03674,Chaman,Kohli,chaman.kohli3674@gmail.com,+916847289630,12.864266,77.680952,Bengaluru,Sarjapur,2022-06-24
U03675,Ansh,Subramanian,ansh.subramanian3675@gmail.com,+917397126377,12.947382,77.647554,Bengaluru,Domlur,2023-06-06
U03676,Reva,Sachdeva,reva.sachdeva3676@gmail.com,+910850708517,12.907086,77.565617,Bengaluru,JP Nagar,2022-08-22
U03677,Rehaan,Sachar,rehaan.sachar3677@gmail.com,+911027798853,12.958824,77.569039,Bengaluru,Basavanagudi,2023-03-30
U03678,Quincy,Venkataraman,quincy.venkataraman3678@yahoo.com,+911078283679,12.9636,77.694991,Bengaluru,Marathahalli,2023-11-19
U03679,Mugdha,Ram,mugdha.ram3679@yahoo.com,+917959709321,13.107709,77.582323,Bengaluru,Yelahanka,2021-01-19
U03680,Advika,Patla,advika.patla3680@outlook.com,+919790174039,12.911767,77.685587,Bengaluru,Bellandur,2022-04-14
U03681,Adya,Sankar,adya.sankar3681@yahoo.com,+914215438007,13.051718,77.614365,Bengaluru,Hebbal,2022-05-20
U03682,Kamala,Patla,kamala.patla3682@yahoo.com,+916579891468,12.941293,77.589875,Bengaluru,Jayanagar,2022-03-06
U03683,Wahab,Nagarajan,wahab.nagarajan3683@yahoo.com,+916042172540,12.98779,77.547212,Bengaluru,Rajajinagar,2021-11-12
U03684,Ishanvi,Bose,ishanvi.bose3684@hotmail.com,+912713905362,12.960968,77.752023,Bengaluru,Whitefield,2021-07-23
U03685,Krish,Nagy,krish.nagy3685@gmail.com,+915389909695,13.085043,77.612347,Bengaluru,Yelahanka,2022-04-20
U03686,Yatin,Yohannan,yatin.yohannan3686@hotmail.com,+919240580736,12.979286,77.613753,Bengaluru,Shivajinagar,2021-11-06
U03687,Kabir,Char,kabir.char3687@hotmail.com,+910749911553,12.999239,77.55268,Bengaluru,Malleshwaram,2022-06-14
U03688,Yashica,Soni,yashica.soni3688@hotmail.com,+916435070192,12.958637,77.606178,Bengaluru,MG Road,2022-01-28
U03689,Dipta,Cheema,dipta.cheema3689@outlook.com,+918661091650,12.986942,77.500484,Bengaluru,Nagarbhavi,2021-03-25
U03690,Vedant,Pall,vedant.pall3690@yahoo.com,+918050442185,12.844625,77.687997,Bengaluru,Electronic City,2024-03-20
U03691,Udarsh,Shroff,udarsh.shroff3691@hotmail.com,+916533656436,12.986307,77.733863,Bengaluru,Whitefield,2021-10-26
U03692,Amruta,Bera,amruta.bera3692@hotmail.com,+914255234932,12.977833,77.58942,Bengaluru,Shivajinagar,2023-01-28
U03693,Triveni,Sarma,triveni.sarma3693@hotmail.com,+918072856007,12.983921,77.489957,Bengaluru,Nagarbhavi,2023-10-29
U03694,Widisha,Sarin,widisha.sarin3694@outlook.com,+911805105119,12.96073,77.701619,Bengaluru,Marathahalli,2021-02-05
U03695,Dhruv,Garg,dhruv.garg3695@outlook.com,+914115822825,12.90165,77.61756,Bengaluru,BTM Layout,2021-01-31
U03696,Anthony,Sen,anthony.sen3696@gmail.com,+919807195605,12.856308,77.694042,Bengaluru,Sarjapur,2021-12-10
U03697,Dakshesh,Palan,dakshesh.palan3697@hotmail.com,+915581366618,12.931163,77.578792,Bengaluru,Jayanagar,2021-10-29
U03698,Vansha,Divan,vansha.divan3698@hotmail.com,+914595521221,12.944095,77.642895,Bengaluru,Domlur,2021-11-14
U03699,Devansh,Pandya,devansh.pandya3699@gmail.com,+914045684775,12.985506,77.562549,Bengaluru,Rajajinagar,2022-07-23
U03700,Dhruv,Majumdar,dhruv.majumdar3700@outlook.com,+912927106976,13.088316,77.60066,Bengaluru,Yelahanka,2021-12-25
U03701,Zayyan,Bala,zayyan.bala3701@yahoo.com,+911081234893,13.029187,77.608488,Bengaluru,Hebbal,2021-07-17
U03702,Vritti,Sankar,vritti.sankar3702@outlook.com,+911865981760,12.897534,77.575688,Bengaluru,JP Nagar,2021-07-06
U03703,Kiaan,Randhawa,kiaan.randhawa3703@outlook.com,+916130303562,12.969093,77.622411,Bengaluru,Domlur,2023-04-08
U03704,Tanveer,Seth,tanveer.seth3704@outlook.com,+916472095876,12.946459,77.701728,Bengaluru,Brookefield,2021-01-28
U03705,Dayita,Yohannan,dayita.yohannan3705@yahoo.com,+913305715195,12.941582,77.631664,Bengaluru,Koramangala,2021-07-05
U03706,Daksha,Narayanan,daksha.narayanan3706@yahoo.com,+911338639975,12.965605,77.618954,Bengaluru,MG Road,2023-01-24
U03707,Viraj,Trivedi,viraj.trivedi3707@yahoo.com,+915731257334,12.837532,77.664505,Bengaluru,Electronic City,2023-11-04
U03708,Niharika,Dhawan,niharika.dhawan3708@yahoo.com,+919026592665,12.992681,77.634093,Bengaluru,Indiranagar,2024-02-28
U03709,Divya,Ahuja,divya.ahuja3709@hotmail.com,+910016388177,12.947166,77.640406,Bengaluru,Koramangala,2022-02-16
U03710,Chatresh,Parmar,chatresh.parmar3710@gmail.com,+913283111039,12.936972,77.571277,Bengaluru,Jayanagar,2021-01-22
U03711,Jagdish,Bobal,jagdish.bobal3711@outlook.com,+914694713072,13.02834,77.584524,Bengaluru,Hebbal,2023-06-11
U03712,Devansh,Wagle,devansh.wagle3712@yahoo.com,+919606164831,12.932353,77.606743,Bengaluru,Koramangala,2022-07-19
U03713,Odika,Edwin,odika.edwin3713@gmail.com,+915878110252,12.897043,77.5795,Bengaluru,JP Nagar,2021-12-21
U03714,Robert,Kothari,robert.kothari3714@gmail.com,+912606142458,12.909079,77.544162,Bengaluru,Banashankari,2021-10-14
U03715,Praneel,Golla,praneel.golla3715@yahoo.com,+911384287333,13.092305,77.58897,Bengaluru,Yelahanka,2022-04-09
U03716,Ayushman,Talwar,ayushman.talwar3716@hotmail.com,+913474746402,12.933055,77.640888,Bengaluru,Koramangala,2023-01-27
U03717,Jagdish,Narula,jagdish.narula3717@outlook.com,+911212428359,12.932623,77.604848,Bengaluru,BTM Layout,2022-09-22
U03718,Gaurav,Chandra,gaurav.chandra3718@gmail.com,+910140336769,12.949258,77.728182,Bengaluru,Brookefield,2023-04-25
U03719,Netra,Ram,netra.ram3719@hotmail.com,+911003316759,12.882528,77.608889,Bengaluru,Bommanahalli,2024-03-20
U03720,Nikita,Raj,nikita.raj3720@gmail.com,+918679514316,12.93142,77.607717,Bengaluru,Koramangala,2024-03-15
U03721,Urvi,Devi,urvi.devi3721@hotmail.com,+915448160717,13.010227,77.562704,Bengaluru,Malleshwaram,2023-06-27
U03722,Hemal,Goswami,hemal.goswami3722@hotmail.com,+919627954930,12.91668,77.577969,Bengaluru,JP Nagar,2022-01-31
U03723,Gopal,Mukhopadhyay,gopal.mukhopadhyay3723@outlook.com,+917102704939,12.823838,77.67445,Bengaluru,Electronic City,2024-02-20
U03724,Isha,Goel,isha.goel3724@outlook.com,+911774494013,12.954401,77.581041,Bengaluru,Basavanagudi,2021-07-28
U03725,Qushi,Krishnan,qushi.krishnan3725@hotmail.com,+919911000128,12.927662,77.587006,Bengaluru,Basavanagudi,2022-10-12
U03726,Xalak,Chana,xalak.chana3726@outlook.com,+912028356204,12.921971,77.593501,Bengaluru,BTM Layout,2023-04-16
U03727,Qarin,Lad,qarin.lad3727@outlook.com,+910541316587,12.966653,77.70035,Bengaluru,Marathahalli,2021-04-19
U03728,Neelima,Iyer,neelima.iyer3728@gmail.com,+912327132090,12.957248,77.744636,Bengaluru,Whitefield,2021-09-24
U03729,Utkarsh,Panchal,utkarsh.panchal3729@hotmail.com,+912963115697,12.987056,77.516445,Bengaluru,Nagarbhavi,2021-09-01
U03730,Finn,Nori,finn.nori3730@gmail.com,+912678214567,12.987111,77.765281,Bengaluru,Whitefield,2023-05-01
U03731,Siya,Chandra,siya.chandra3731@outlook.com,+912615861861,12.863526,77.59385,Bengaluru,Bannerghatta Road,2021-03-14
U03732,Aarini,Bahri,aarini.bahri3732@hotmail.com,+917613798867,12.883646,77.588594,Bengaluru,Bannerghatta Road,2021-05-21
U03733,Darsh,Bhargava,darsh.bhargava3733@outlook.com,+913786265911,12.853812,77.694292,Bengaluru,Electronic City,2023-09-08
U03734,Kashvi,Chandran,kashvi.chandran3734@gmail.com,+917923888340,12.929359,77.542849,Bengaluru,Banashankari,2021-05-22
U03735,Om,Agarwal,om.agarwal3735@hotmail.com,+916380869273,12.99357,77.699049,Bengaluru,KR Puram,2021-12-02
U03736,Advik,Agrawal,advik.agrawal3736@hotmail.com,+917742443564,12.916902,77.590182,Bengaluru,Jayanagar,2022-05-03
U03737,Eta,Rajagopalan,eta.rajagopalan3737@outlook.com,+916279305796,12.843481,77.686701,Bengaluru,Sarjapur,2021-04-27
U03738,Damini,Bala,damini.bala3738@yahoo.com,+914622464428,12.830268,77.678857,Bengaluru,Electronic City,2022-03-02
U03739,Kavya,Boase,kavya.boase3739@yahoo.com,+913040051294,13.04547,77.584911,Bengaluru,Hebbal,2021-07-24
U03740,Orinder,Gulati,orinder.gulati3740@outlook.com,+914953640352,12.858361,77.690751,Bengaluru,Sarjapur,2021-02-11
U03741,Wishi,Gopal,wishi.gopal3741@yahoo.com,+913613626398,13.019148,77.603233,Bengaluru,Hebbal,2021-01-13
U03742,Tejas,Pai,tejas.pai3742@yahoo.com,+918120089541,12.968737,77.697493,Bengaluru,Marathahalli,2022-08-27
U03743,Gunbir,Dubey,gunbir.dubey3743@yahoo.com,+918981085000,12.954494,77.684467,Bengaluru,Marathahalli,2021-11-28
U03744,Kavya,Goel,kavya.goel3744@gmail.com,+916579410503,12.888044,77.608334,Bengaluru,Bannerghatta Road,2023-09-27
U03745,Ridhi,Goel,ridhi.goel3745@gmail.com,+917087822385,12.972941,77.758708,Bengaluru,Whitefield,2021-08-27
U03746,Yashica,Dixit,yashica.dixit3746@hotmail.com,+914767506344,12.98288,77.568697,Bengaluru,Rajajinagar,2023-11-03
U03747,Sai,Balasubramanian,sai.balasubramanian3747@outlook.com,+912740766444,13.018092,77.588785,Bengaluru,Hebbal,2022-09-04
U03748,Balvan,Yogi,balvan.yogi3748@yahoo.com,+918412220387,12.953561,77.745487,Bengaluru,Whitefield,2021-04-05
U03749,Jai,Muni,jai.muni3749@outlook.com,+919184612239,13.022354,77.692753,Bengaluru,KR Puram,2021-10-09
U03750,Bishakha,Chokshi,bishakha.chokshi3750@outlook.com,+914065340292,12.985622,77.736772,Bengaluru,Whitefield,2021-07-18
U03751,Ikshita,Gole,ikshita.gole3751@yahoo.com,+916785043744,12.956615,77.574662,Bengaluru,Basavanagudi,2021-08-05
U03752,Zarna,Ganesh,zarna.ganesh3752@outlook.com,+912397280187,12.94357,77.700932,Bengaluru,Marathahalli,2022-06-15
U03753,Harish,Tank,harish.tank3753@outlook.com,+913115870791,12.946705,77.632993,Bengaluru,Koramangala,2022-12-26
U03754,Reyansh,Dubey,reyansh.dubey3754@gmail.com,+919829810860,13.022487,77.685945,Bengaluru,KR Puram,2022-01-22
U03755,Geetika,Sha,geetika.sha3755@outlook.com,+918509818149,12.83157,77.691875,Bengaluru,Electronic City,2022-04-04
U03756,Lopa,Sem,lopa.sem3756@outlook.com,+913371597433,12.949649,77.571742,Bengaluru,Basavanagudi,2023-01-15
U03757,Jackson,Bhatti,jackson.bhatti3757@gmail.com,+918251486402,12.909332,77.620747,Bengaluru,BTM Layout,2021-09-12
U03758,Hamsini,Koshy,hamsini.koshy3758@yahoo.com,+912204872874,12.925431,77.574638,Bengaluru,JP Nagar,2021-05-02
U03759,Jasmit,Dhaliwal,jasmit.dhaliwal3759@outlook.com,+915862131841,12.99509,77.698662,Bengaluru,KR Puram,2022-01-24
U03760,Wriddhish,Swaminathan,wriddhish.swaminathan3760@hotmail.com,+917809886598,12.898675,77.602334,Bengaluru,Bommanahalli,2021-08-28
U03761,Raghav,Raval,raghav.raval3761@hotmail.com,+912342513861,13.01921,77.552233,Bengaluru,Malleshwaram,2022-02-27
U03762,Benjamin,Parmar,benjamin.parmar3762@outlook.com,+917394262061,13.029291,77.590412,Bengaluru,Hebbal,2021-05-13
U03763,Daniel,Srinivasan,daniel.srinivasan3763@yahoo.com,+918520584708,13.000978,77.593562,Bengaluru,Shivajinagar,2022-06-24
U03764,Hardik,Venkatesh,hardik.venkatesh3764@yahoo.com,+914788430050,12.982539,77.564845,Bengaluru,Rajajinagar,2022-08-11
U03765,Gavin,Nagi,gavin.nagi3765@yahoo.com,+913244492957,13.040836,77.585912,Bengaluru,Hebbal,2022-11-03
U03766,Meera,Iyer,meera.iyer3766@gmail.com,+918600342225,12.974142,77.615586,Bengaluru,MG Road,2021-10-01
U03767,Barkha,Nagi,barkha.nagi3767@hotmail.com,+917516663031,12.92928,77.566703,Bengaluru,Basavanagudi,2023-10-11
U03768,Krishna,Sem,krishna.sem3768@gmail.com,+912442169617,12.931378,77.532955,Bengaluru,Banashankari,2023-05-22
U03769,Rudra,Master,rudra.master3769@gmail.com,+910839366666,13.083947,77.613138,Bengaluru,Yelahanka,2022-09-05
U03770,Pooja,Raval,pooja.raval3770@outlook.com,+918837103558,12.958097,77.519161,Bengaluru,Nagarbhavi,2022-11-07
U03771,Radhika,Purohit,radhika.purohit3771@hotmail.com,+917341740471,12.920582,77.691681,Bengaluru,Bellandur,2024-03-11
U03772,Fitan,Swaminathan,fitan.swaminathan3772@gmail.com,+911358870432,13.019691,77.554677,Bengaluru,Malleshwaram,2021-10-13
U03773,Arjun,Swamy,arjun.swamy3773@outlook.com,+918990098865,12.992613,77.623473,Bengaluru,Indiranagar,2023-05-12
U03774,Hemang,Nagy,hemang.nagy3774@yahoo.com,+915984071752,13.099743,77.606972,Bengaluru,Yelahanka,2022-07-10
U03775,Veda,Ramachandran,veda.ramachandran3775@yahoo.com,+919502005295,12.837973,77.690427,Bengaluru,Electronic City,2024-02-05
U03776,Damini,Tank,damini.tank3776@hotmail.com,+914586134761,12.953438,77.566783,Bengaluru,Basavanagudi,2021-11-25
U03777,Bhavna,Bhakta,bhavna.bhakta3777@yahoo.com,+918014341824,12.982782,77.538042,Bengaluru,Rajajinagar,2023-10-23
U03778,Benjamin,Guha,benjamin.guha3778@gmail.com,+917722433906,12.99186,77.5696,Bengaluru,Malleshwaram,2023-04-07
U03779,Gaurav,Mohanty,gaurav.mohanty3779@yahoo.com,+913101251283,12.980166,77.61418,Bengaluru,Shivajinagar,2021-12-06
U03780,Oscar,Murthy,oscar.murthy3780@hotmail.com,+910302242793,12.958207,77.680028,Bengaluru,Marathahalli,2021-05-02
U03781,Chanakya,Warrior,chanakya.warrior3781@yahoo.com,+911808147841,12.966008,77.7404,Bengaluru,Whitefield,2022-07-24
U03782,Ayaan,Batta,ayaan.batta3782@yahoo.com,+910312438701,12.990061,77.562591,Bengaluru,Malleshwaram,2023-10-24
U03783,Chavvi,Rajan,chavvi.rajan3783@outlook.com,+912784919293,13.032089,77.586399,Bengaluru,Hebbal,2021-03-05
U03784,Raghav,Pandey,raghav.pandey3784@hotmail.com,+915935506294,12.915983,77.619954,Bengaluru,BTM Layout,2022-09-08
U03785,Charles,Saraf,charles.saraf3785@hotmail.com,+913301120514,12.942861,77.567075,Bengaluru,Jayanagar,2023-04-24
U03786,Yashoda,Viswanathan,yashoda.viswanathan3786@outlook.com,+917788571012,12.940621,77.68156,Bengaluru,Bellandur,2021-09-27
U03787,Pranav,Trivedi,pranav.trivedi3787@hotmail.com,+915167885051,13.045197,77.599564,Bengaluru,Hebbal,2022-06-23
U03788,Kamala,Basu,kamala.basu3788@hotmail.com,+911315080627,12.843406,77.697561,Bengaluru,Sarjapur,2021-04-09
U03789,Tanish,Chaudhary,tanish.chaudhary3789@gmail.com,+917822234232,12.923681,77.582264,Bengaluru,JP Nagar,2021-11-25
U03790,Tanvi,Grewal,tanvi.grewal3790@hotmail.com,+911268213342,12.937796,77.567071,Bengaluru,Jayanagar,2021-04-25
U03791,Timothy,Nagarajan,timothy.nagarajan3791@yahoo.com,+912239827006,12.914875,77.626085,Bengaluru,BTM Layout,2023-05-01
U03792,Elijah,Jani,elijah.jani3792@hotmail.com,+914227934629,13.087667,77.588222,Bengaluru,Yelahanka,2021-12-12
U03793,Warhi,Jhaveri,warhi.jhaveri3793@yahoo.com,+917758887143,12.977488,77.651638,Bengaluru,Indiranagar,2021-12-10
U03794,Alexander,Bath,alexander.bath3794@yahoo.com,+917970328840,12.892821,77.609886,Bengaluru,Bommanahalli,2022-06-22
U03795,Lakshmi,Jha,lakshmi.jha3795@outlook.com,+915948367920,12.935177,77.672869,Bengaluru,Bellandur,2023-06-06
U03796,Jackson,Mannan,jackson.mannan3796@outlook.com,+911210757918,12.965329,77.631297,Bengaluru,Domlur,2023-04-05
U03797,Aayush,Khosla,aayush.khosla3797@gmail.com,+910136353004,12.948474,77.636032,Bengaluru,Domlur,2023-08-31
U03798,Ganga,Goel,ganga.goel3798@yahoo.com,+919782807535,12.971009,77.707716,Bengaluru,Brookefield,2021-11-20
U03799,Madhavi,Kari,madhavi.kari3799@outlook.com,+912716821338,12.981713,77.511094,Bengaluru,Nagarbhavi,2023-11-11
U03800,Kamya,Ratti,kamya.ratti3800@yahoo.com,+918498341345,12.988531,77.563435,Bengaluru,Malleshwaram,2021-08-16
U03801,Chaitanya,Dugal,chaitanya.dugal3801@gmail.com,+917534337479,12.937794,77.530617,Bengaluru,Banashankari,2023-10-10
U03802,Lucky,Koshy,lucky.koshy3802@outlook.com,+915309527613,13.010615,77.697323,Bengaluru,KR Puram,2022-10-15
U03803,Aarna,Sami,aarna.sami3803@outlook.com,+913474382882,12.942975,77.622931,Bengaluru,Domlur,2023-04-18
U03804,Dayita,Jayaraman,dayita.jayaraman3804@outlook.com,+915550415879,12.992687,77.555,Bengaluru,Rajajinagar,2022-09-15
U03805,Anjali,Rout,anjali.rout3805@gmail.com,+910679244939,12.945407,77.624684,Bengaluru,Koramangala,2023-02-19
U03806,Advaith,Sagar,advaith.sagar3806@gmail.com,+919046840894,12.919755,77.585783,Bengaluru,Jayanagar,2022-11-06
U03807,Odika,Purohit,odika.purohit3807@yahoo.com,+917479797826,12.939487,77.638249,Bengaluru,Koramangala,2022-06-27
U03808,Arunima,Gupta,arunima.gupta3808@outlook.com,+913140917147,12.874592,77.674204,Bengaluru,Sarjapur,2023-11-29
U03809,Vinaya,Kulkarni,vinaya.kulkarni3809@yahoo.com,+914983533622,12.905652,77.600715,Bengaluru,JP Nagar,2023-01-07
U03810,Advaith,Rana,advaith.rana3810@gmail.com,+913793255490,12.973081,77.61849,Bengaluru,MG Road,2023-06-14
U03811,Benjamin,Sen,benjamin.sen3811@outlook.com,+918623913967,12.942044,77.683165,Bengaluru,Bellandur,2023-01-08
U03812,Kabir,Kapoor,kabir.kapoor3812@gmail.com,+916717016452,13.02886,77.588228,Bengaluru,Hebbal,2022-07-03
U03813,Ekavir,Contractor,ekavir.contractor3813@gmail.com,+913343694645,12.870777,77.590174,Bengaluru,Bannerghatta Road,2021-05-18
U03814,Jack,Dutt,jack.dutt3814@gmail.com,+910177675200,12.979094,77.596108,Bengaluru,Shivajinagar,2022-09-09
U03815,Vrinda,Bhavsar,vrinda.bhavsar3815@outlook.com,+911529926440,12.952166,77.701097,Bengaluru,Marathahalli,2021-05-15
U03816,Qadim,Yadav,qadim.yadav3816@hotmail.com,+912403054658,12.965681,77.624141,Bengaluru,Domlur,2023-08-26
U03817,Falak,Ganesh,falak.ganesh3817@outlook.com,+916851932986,13.004861,77.695423,Bengaluru,KR Puram,2023-06-24
U03818,Aahana,Rao,aahana.rao3818@gmail.com,+912982988380,12.90531,77.599971,Bengaluru,BTM Layout,2021-08-17
U03819,Bhavani,Yadav,bhavani.yadav3819@yahoo.com,+916970863295,12.978372,77.490963,Bengaluru,Nagarbhavi,2023-07-25
U03820,Bhavini,Mane,bhavini.mane3820@outlook.com,+913197436271,12.951249,77.568667,Bengaluru,Basavanagudi,2024-04-06
U03821,Advika,Chopra,advika.chopra3821@hotmail.com,+912283048678,12.940625,77.686337,Bengaluru,Bellandur,2021-12-23
U03822,Jagdish,Rana,jagdish.rana3822@yahoo.com,+918381496234,12.944468,77.58388,Bengaluru,Jayanagar,2023-09-19
U03823,Saksham,Chadha,saksham.chadha3823@yahoo.com,+916466719342,12.940441,77.721815,Bengaluru,Brookefield,2021-06-04
U03824,Widisha,Iyer,widisha.iyer3824@outlook.com,+912922943227,12.991601,77.616687,Bengaluru,MG Road,2023-12-27
U03825,Joshua,Vasa,joshua.vasa3825@outlook.com,+913578148180,12.95722,77.521427,Bengaluru,Nagarbhavi,2021-09-21
U03826,Balendra,Singh,balendra.singh3826@outlook.com,+915827991404,12.918345,77.578447,Bengaluru,JP Nagar,2021-01-26
U03827,Varenya,Chopra,varenya.chopra3827@gmail.com,+916380400455,12.978186,77.756643,Bengaluru,Whitefield,2022-12-15
U03828,Isaac,Karnik,isaac.karnik3828@hotmail.com,+914606792688,12.919702,77.59827,Bengaluru,JP Nagar,2022-10-04
U03829,Baljiwan,Rama,baljiwan.rama3829@outlook.com,+910969630956,12.875712,77.677563,Bengaluru,Sarjapur,2023-12-15
U03830,Qarin,Chacko,qarin.chacko3830@yahoo.com,+916478913390,12.920626,77.530665,Bengaluru,Banashankari,2023-06-26
U03831,Ekansh,Khurana,ekansh.khurana3831@hotmail.com,+911105068358,12.934444,77.622178,Bengaluru,Koramangala,2024-03-15
U03832,Rajata,Prabhakar,rajata.prabhakar3832@yahoo.com,+916198640537,12.89566,77.614747,Bengaluru,Bommanahalli,2021-08-06
U03833,Raksha,Dhar,raksha.dhar3833@outlook.com,+915106125206,13.098415,77.579508,Bengaluru,Yelahanka,2021-06-19
U03834,Riya,Barman,riya.barman3834@yahoo.com,+911214885145,12.97166,77.644257,Bengaluru,Indiranagar,2022-07-09
U03835,Yahvi,Gulati,yahvi.gulati3835@hotmail.com,+915607377118,12.932741,77.560525,Bengaluru,Banashankari,2021-04-03
U03836,Shivansh,Nadkarni,shivansh.nadkarni3836@yahoo.com,+915125322061,12.975412,77.643969,Bengaluru,Domlur,2021-02-27
U03837,Caleb,Atwal,caleb.atwal3837@hotmail.com,+917144214020,12.977882,77.609564,Bengaluru,Shivajinagar,2022-04-21
U03838,Michael,Om,michael.om3838@yahoo.com,+913486355775,12.96371,77.626868,Bengaluru,MG Road,2023-10-24
U03839,Zashil,Gill,zashil.gill3839@yahoo.com,+914125211169,12.914479,77.679965,Bengaluru,Bellandur,2022-10-15
U03840,Inaya,Shere,inaya.shere3840@hotmail.com,+915408004386,13.043553,77.585837,Bengaluru,Hebbal,2023-04-01
U03841,Sai,Bhalla,sai.bhalla3841@outlook.com,+918605390090,12.965191,77.501667,Bengaluru,Nagarbhavi,2021-06-23
U03842,Mahika,Rai,mahika.rai3842@gmail.com,+916956565666,13.005346,77.559665,Bengaluru,Malleshwaram,2022-05-16
U03843,Michael,Manne,michael.manne3843@gmail.com,+915437316769,12.948237,77.704255,Bengaluru,Marathahalli,2021-12-02
U03844,Yashasvi,Bhatt,yashasvi.bhatt3844@outlook.com,+914606251048,12.860027,77.704365,Bengaluru,Sarjapur,2023-03-26
U03845,Umang,Gour,umang.gour3845@hotmail.com,+915469662648,12.917144,77.567112,Bengaluru,JP Nagar,2022-08-11
U03846,Robert,Nayak,robert.nayak3846@gmail.com,+912319956626,12.991696,77.600267,Bengaluru,Shivajinagar,2021-08-03
U03847,Reva,Bakshi,reva.bakshi3847@outlook.com,+916064962197,12.985913,77.595337,Bengaluru,Shivajinagar,2022-02-27
U03848,Ridhi,Boase,ridhi.boase3848@hotmail.com,+918125113398,13.095016,77.608965,Bengaluru,Yelahanka,2021-02-24
U03849,Yatan,Wadhwa,yatan.wadhwa3849@hotmail.com,+919416840615,12.986778,77.589231,Bengaluru,Shivajinagar,2021-04-14
U03850,Bhavna,Dyal,bhavna.dyal3850@yahoo.com,+916190628360,12.932173,77.558255,Bengaluru,Banashankari,2023-01-06
U03851,Luke,Nadkarni,luke.nadkarni3851@gmail.com,+918031413759,12.974587,77.634235,Bengaluru,Indiranagar,2023-05-27
U03852,Dakshesh,Choudhury,dakshesh.choudhury3852@yahoo.com,+914040798206,12.928228,77.601354,Bengaluru,Jayanagar,2023-05-23
U03853,Dhruv,Rout,dhruv.rout3853@gmail.com,+917926420712,12.933172,77.59553,Bengaluru,BTM Layout,2023-04-22
U03854,Zarna,Warrior,zarna.warrior3854@hotmail.com,+912708397153,12.897156,77.627962,Bengaluru,HSR Layout,2021-08-31
U03855,Anay,Gara,anay.gara3855@hotmail.com,+913408397571,12.979821,77.517752,Bengaluru,Nagarbhavi,2021-07-15
U03856,Ekanta,Prabhakar,ekanta.prabhakar3856@outlook.com,+912257650074,12.924427,77.614599,Bengaluru,BTM Layout,2022-12-11
U03857,Balvan,Dhar,balvan.dhar3857@yahoo.com,+914719057417,12.929626,77.667674,Bengaluru,Bellandur,2022-04-11
U03858,Hemang,Kaur,hemang.kaur3858@gmail.com,+914409874182,12.987205,77.625496,Bengaluru,MG Road,2022-12-10
U03859,Abeer,Raj,abeer.raj3859@gmail.com,+912698148871,13.086615,77.60023,Bengaluru,Yelahanka,2022-11-21
U03860,Aarush,Bhardwaj,aarush.bhardwaj3860@hotmail.com,+915146589269,12.951599,77.627663,Bengaluru,Koramangala,2022-01-17
U03861,Lila,Dar,lila.dar3861@hotmail.com,+918130612126,12.933158,77.572567,Bengaluru,Basavanagudi,2021-09-08
U03862,Udarsh,Banik,udarsh.banik3862@yahoo.com,+919660058749,12.851998,77.677686,Bengaluru,Sarjapur,2021-08-14
U03863,Ethan,Bahri,ethan.bahri3863@outlook.com,+911102903668,12.961805,77.705964,Bengaluru,Brookefield,2022-05-12
U03864,Vamakshi,Raju,vamakshi.raju3864@outlook.com,+919838773187,12.907914,77.687206,Bengaluru,Bellandur,2021-09-08
U03865,Barkha,Ram,barkha.ram3865@gmail.com,+911327858210,12.988379,77.602357,Bengaluru,Shivajinagar,2021-06-04
U03866,Shivani,Khanna,shivani.khanna3866@yahoo.com,+912408926026,13.088245,77.581242,Bengaluru,Yelahanka,2023-02-27
U03867,Vritti,Krishna,vritti.krishna3867@hotmail.com,+914958069530,13.013918,77.687098,Bengaluru,KR Puram,2021-10-15
U03868,Hemani,Sha,hemani.sha3868@gmail.com,+914139385037,12.914508,77.573574,Bengaluru,Jayanagar,2022-11-24
U03869,Varenya,Dua,varenya.dua3869@outlook.com,+919157514044,12.986598,77.58338,Bengaluru,Shivajinagar,2022-09-11
U03870,Suhani,Yadav,suhani.yadav3870@hotmail.com,+910067733066,12.84969,77.681945,Bengaluru,Electronic City,2023-03-20
U03871,Jagvi,Kapur,jagvi.kapur3871@yahoo.com,+912613716403,13.020773,77.564835,Bengaluru,Malleshwaram,2021-07-09
U03872,Maanas,Mangat,maanas.mangat3872@hotmail.com,+915700071169,12.944697,77.59406,Bengaluru,Jayanagar,2022-02-10
U03873,Owen,Rama,owen.rama3873@gmail.com,+917861487314,12.909849,77.654112,Bengaluru,HSR Layout,2024-02-23
U03874,Aarini,Dyal,aarini.dyal3874@gmail.com,+910475753143,13.016649,77.705828,Bengaluru,KR Puram,2021-08-30
U03875,Jhalak,Bail,jhalak.bail3875@hotmail.com,+911065838527,12.940973,77.609347,Bengaluru,Koramangala,2021-05-11
U03876,Rachana,Mital,rachana.mital3876@hotmail.com,+918551224494,13.041829,77.598661,Bengaluru,Hebbal,2022-11-28
U03877,Maanas,Basak,maanas.basak3877@yahoo.com,+916744846909,12.868172,77.686264,Bengaluru,Sarjapur,2022-07-30
U03878,Tripti,Roy,tripti.roy3878@yahoo.com,+916205704278,12.92204,77.60571,Bengaluru,BTM Layout,2023-03-04
U03879,Utkarsh,Ratti,utkarsh.ratti3879@gmail.com,+917816131688,13.050123,77.606413,Bengaluru,Hebbal,2022-01-19
U03880,Jeremiah,Pandit,jeremiah.pandit3880@yahoo.com,+910178556657,12.960188,77.724449,Bengaluru,Brookefield,2024-02-29
U03881,Sathvik,Ravi,sathvik.ravi3881@gmail.com,+910813324125,12.891115,77.581417,Bengaluru,JP Nagar,2021-11-21
U03882,Oviya,Sahni,oviya.sahni3882@gmail.com,+913485368190,12.842276,77.659167,Bengaluru,Electronic City,2022-02-28
U03883,Triveni,Sethi,triveni.sethi3883@hotmail.com,+914967194712,12.988115,77.612198,Bengaluru,Shivajinagar,2023-08-27
U03884,Sachi,Rama,sachi.rama3884@yahoo.com,+910091116537,13.015741,77.551202,Bengaluru,Malleshwaram,2023-08-26
U03885,Ubika,Patla,ubika.patla3885@yahoo.com,+914061632839,12.940049,77.539007,Bengaluru,Banashankari,2024-02-18
U03886,Geetika,Nanda,geetika.nanda3886@hotmail.com,+919854071499,13.10016,77.611731,Bengaluru,Yelahanka,2022-01-16
U03887,Mohini,Deol,mohini.deol3887@gmail.com,+912152938231,12.856259,77.599439,Bengaluru,Bannerghatta Road,2023-06-09
U03888,Samesh,Korpal,samesh.korpal3888@gmail.com,+916871561220,12.85564,77.685335,Bengaluru,Electronic City,2022-08-14
U03889,Teerth,Halder,teerth.halder3889@gmail.com,+915565046765,13.097954,77.613926,Bengaluru,Yelahanka,2022-10-20
U03890,Robert,Patla,robert.patla3890@gmail.com,+917236474830,12.97351,77.56835,Bengaluru,Rajajinagar,2022-12-05
U03891,Ubika,Rege,ubika.rege3891@hotmail.com,+911462351182,12.962165,77.602088,Bengaluru,MG Road,2023-09-13
U03892,Kavya,Mohanty,kavya.mohanty3892@outlook.com,+918195277113,12.9652,77.701047,Bengaluru,Brookefield,2022-12-02
U03893,Tanay,Ramaswamy,tanay.ramaswamy3893@hotmail.com,+918823551353,12.906105,77.646887,Bengaluru,HSR Layout,2023-09-15
U03894,Lohit,Singhal,lohit.singhal3894@yahoo.com,+911994038097,12.906318,77.586445,Bengaluru,JP Nagar,2022-12-20
U03895,Ikbal,Sethi,ikbal.sethi3895@outlook.com,+914538852838,12.977948,77.637367,Bengaluru,Domlur,2021-05-09
U03896,Charita,Sachar,charita.sachar3896@hotmail.com,+919863679433,12.953511,77.565831,Bengaluru,Basavanagudi,2021-02-13
U03897,Charan,Iyengar,charan.iyengar3897@hotmail.com,+912231449081,12.980356,77.603396,Bengaluru,Shivajinagar,2022-07-18
U03898,Teerth,Nazareth,teerth.nazareth3898@outlook.com,+910397278196,13.024248,77.608192,Bengaluru,Hebbal,2023-11-23
U03899,Naksh,Rajagopalan,naksh.rajagopalan3899@outlook.com,+915691757840,12.897488,77.579907,Bengaluru,JP Nagar,2024-03-15
U03900,Zansi,Sankaran,zansi.sankaran3900@hotmail.com,+912063360660,12.900969,77.634806,Bengaluru,HSR Layout,2021-10-01
U03901,Pranit,Savant,pranit.savant3901@outlook.com,+914253379805,12.922657,77.577464,Bengaluru,JP Nagar,2022-12-08
U03902,Arjun,Jhaveri,arjun.jhaveri3902@gmail.com,+919578723074,12.942401,77.711216,Bengaluru,Marathahalli,2023-06-11
U03903,Libni,Gera,libni.gera3903@yahoo.com,+915122063870,12.834222,77.683009,Bengaluru,Electronic City,2021-04-08
U03904,Anjali,Dugal,anjali.dugal3904@yahoo.com,+918169775257,13.041592,77.582151,Bengaluru,Hebbal,2021-06-09
U03905,Neelima,Hora,neelima.hora3905@outlook.com,+915748086631,12.836231,77.69205,Bengaluru,Electronic City,2021-06-25
U03906,Matthew,Sabharwal,matthew.sabharwal3906@outlook.com,+915361038748,13.108326,77.597353,Bengaluru,Yelahanka,2022-04-11
U03907,Edhitha,Sidhu,edhitha.sidhu3907@outlook.com,+919020053316,13.021374,77.588273,Bengaluru,Hebbal,2023-03-30
U03908,Yatan,De,yatan.de3908@hotmail.com,+916589149765,12.822308,77.660862,Bengaluru,Electronic City,2024-03-15
U03909,Vidhi,Mutti,vidhi.mutti3909@gmail.com,+914993837978,12.989874,77.676519,Bengaluru,KR Puram,2023-09-07
U03910,Balendra,Chatterjee,balendra.chatterjee3910@outlook.com,+910797700425,13.002136,77.550699,Bengaluru,Malleshwaram,2023-09-12
U03911,Dhruv,Chada,dhruv.chada3911@outlook.com,+915341074430,12.992588,77.702985,Bengaluru,KR Puram,2024-04-08
U03912,Ansh,Anand,ansh.anand3912@gmail.com,+911401841864,12.92788,77.598309,Bengaluru,BTM Layout,2024-02-03
U03913,Chatresh,Narula,chatresh.narula3913@hotmail.com,+915396248975,12.894956,77.598489,Bengaluru,JP Nagar,2021-02-25
U03914,Gautam,Munshi,gautam.munshi3914@outlook.com,+917126342672,12.850696,77.664958,Bengaluru,Electronic City,2023-11-27
U03915,Ishanvi,Jain,ishanvi.jain3915@outlook.com,+918286631892,12.915397,77.660722,Bengaluru,Bellandur,2021-03-05
U03916,Matthew,Kala,matthew.kala3916@outlook.com,+910140152503,12.968959,77.594638,Bengaluru,Shivajinagar,2022-08-30
U03917,Damyanti,Bhatti,damyanti.bhatti3917@gmail.com,+914641731358,12.994787,77.647051,Bengaluru,Indiranagar,2023-03-27
U03918,Janani,Mutti,janani.mutti3918@outlook.com,+917268111041,12.98193,77.657099,Bengaluru,Indiranagar,2023-03-06
U03919,Sanya,Soman,sanya.soman3919@outlook.com,+910646351140,12.919995,77.660198,Bengaluru,Bellandur,2024-04-15
U03920,Hamsini,Gill,hamsini.gill3920@outlook.com,+915393138955,12.973387,77.750623,Bengaluru,Whitefield,2024-02-25
U03921,Bimala,Mitter,bimala.mitter3921@outlook.com,+916553232733,13.020683,77.595806,Bengaluru,Hebbal,2022-05-01
U03922,Harrison,Dutta,harrison.dutta3922@yahoo.com,+910226652826,13.039389,77.598107,Bengaluru,Hebbal,2022-12-03
U03923,Max,Gade,max.gade3923@gmail.com,+912430496856,12.852998,77.662698,Bengaluru,Electronic City,2021-11-13
U03924,Ojasvi,Dani,ojasvi.dani3924@gmail.com,+912207108425,12.997703,77.686642,Bengaluru,KR Puram,2022-01-20
U03925,Nimrat,Dutt,nimrat.dutt3925@yahoo.com,+914881590619,12.93747,77.577786,Bengaluru,Basavanagudi,2024-01-19
U03926,Upasna,Mand,upasna.mand3926@yahoo.com,+914264847641,12.933813,77.571382,Bengaluru,Jayanagar,2021-06-01
U03927,Zaid,Comar,zaid.comar3927@outlook.com,+910887834618,13.048764,77.581877,Bengaluru,Hebbal,2021-07-19
U03928,Manan,Saxena,manan.saxena3928@yahoo.com,+915243680170,12.854584,77.675189,Bengaluru,Sarjapur,2022-08-15
U03929,Gunbir,Baral,gunbir.baral3929@hotmail.com,+910408532175,12.950316,77.637345,Bengaluru,Domlur,2021-01-18
U03930,Krishna,Raj,krishna.raj3930@hotmail.com,+914607682314,13.030671,77.589325,Bengaluru,Hebbal,2023-01-27
U03931,Urvashi,Raghavan,urvashi.raghavan3931@gmail.com,+912251446484,12.966498,77.502673,Bengaluru,Nagarbhavi,2021-04-20
U03932,Vansha,Garde,vansha.garde3932@yahoo.com,+919717932858,12.901706,77.647728,Bengaluru,HSR Layout,2023-05-22
U03933,Anmol,Patil,anmol.patil3933@gmail.com,+917016394366,12.934441,77.563276,Bengaluru,Basavanagudi,2022-11-03
U03934,Ridhi,Gopal,ridhi.gopal3934@yahoo.com,+914731987406,12.975873,77.570905,Bengaluru,Rajajinagar,2023-08-24
U03935,Sara,Bahri,sara.bahri3935@hotmail.com,+918185569545,12.916522,77.570589,Bengaluru,Jayanagar,2022-05-16
U03936,Vyanjana,Padmanabhan,vyanjana.padmanabhan3936@outlook.com,+916142207982,13.043814,77.606709,Bengaluru,Hebbal,2021-12-14
U03937,Harinakshi,Chada,harinakshi.chada3937@yahoo.com,+910705342026,12.937226,77.529995,Bengaluru,Banashankari,2021-10-28
U03938,Kala,Biswas,kala.biswas3938@hotmail.com,+917085194121,12.95126,77.701583,Bengaluru,Marathahalli,2021-03-27
U03939,Peter,Deshmukh,peter.deshmukh3939@yahoo.com,+915538316153,12.954685,77.517083,Bengaluru,Nagarbhavi,2021-09-08
U03940,Charita,Ramesh,charita.ramesh3940@yahoo.com,+912237796443,12.989051,77.516925,Bengaluru,Nagarbhavi,2021-04-07
U03941,Mason,Choudhry,mason.choudhry3941@yahoo.com,+919237170354,12.982097,77.630202,Bengaluru,MG Road,2021-01-13
U03942,Ronith,Nagi,ronith.nagi3942@yahoo.com,+919640760150,12.843642,77.671163,Bengaluru,Sarjapur,2021-09-07
U03943,Brinda,Chacko,brinda.chacko3943@yahoo.com,+915286914132,12.951387,77.633788,Bengaluru,Koramangala,2023-12-10
U03944,Isha,Talwar,isha.talwar3944@outlook.com,+919179830323,12.90298,77.618336,Bengaluru,Bommanahalli,2022-05-18
U03945,Amol,Sahni,amol.sahni3945@yahoo.com,+917881295656,12.982642,77.49141,Bengaluru,Nagarbhavi,2023-11-10
U03946,Omkaar,Patla,omkaar.patla3946@yahoo.com,+912368929756,12.911744,77.609655,Bengaluru,BTM Layout,2021-05-26
U03947,Zayyan,Handa,zayyan.handa3947@hotmail.com,+917149497469,12.99847,77.60161,Bengaluru,Shivajinagar,2022-08-06
U03948,Yochana,Mammen,yochana.mammen3948@hotmail.com,+910179434337,12.859327,77.586571,Bengaluru,Bannerghatta Road,2023-03-25
U03949,Zinal,Bajwa,zinal.bajwa3949@gmail.com,+912931228683,12.975027,77.621241,Bengaluru,Domlur,2023-07-06
U03950,Vrishti,Nagar,vrishti.nagar3950@gmail.com,+912563443121,12.975444,77.543071,Bengaluru,Rajajinagar,2022-06-05
U03951,Ojas,Ben,ojas.ben3951@gmail.com,+917939690682,12.908712,77.633889,Bengaluru,Bommanahalli,2021-05-04
U03952,William,Mohan,william.mohan3952@hotmail.com,+912599621492,12.959451,77.621438,Bengaluru,Domlur,2023-03-17
U03953,Adya,Sen,adya.sen3953@outlook.com,+915194867568,12.957829,77.587781,Bengaluru,Basavanagudi,2021-12-02
U03954,Rachita,Nazareth,rachita.nazareth3954@yahoo.com,+911933382466,12.912901,77.623022,Bengaluru,BTM Layout,2022-05-27
U03955,Banjeet,Mahajan,banjeet.mahajan3955@yahoo.com,+913282015506,12.949078,77.640921,Bengaluru,Koramangala,2023-09-23
U03956,Tara,Buch,tara.buch3956@gmail.com,+918603214465,12.920334,77.563797,Bengaluru,Banashankari,2021-09-02
U03957,Gaurangi,Balay,gaurangi.balay3957@hotmail.com,+916522720438,12.917868,77.679025,Bengaluru,Bellandur,2021-03-10
U03958,Kalpit,Anne,kalpit.anne3958@gmail.com,+911455664457,13.022028,77.710983,Bengaluru,KR Puram,2021-11-06
U03959,Anirudh,Mittal,anirudh.mittal3959@gmail.com,+910804589542,13.003505,77.678256,Bengaluru,KR Puram,2023-02-05
U03960,Lajita,Iyengar,lajita.iyengar3960@outlook.com,+919983224284,12.855483,77.676275,Bengaluru,Sarjapur,2024-01-09
U03961,Upma,Rai,upma.rai3961@hotmail.com,+911601079450,12.984664,77.602323,Bengaluru,Shivajinagar,2023-03-25
U03962,Lipika,Banik,lipika.banik3962@outlook.com,+915795619572,12.980897,77.631785,Bengaluru,MG Road,2021-07-02
U03963,Anamika,Prashad,anamika.prashad3963@hotmail.com,+919402667654,12.979278,77.763577,Bengaluru,Whitefield,2023-11-30
U03964,Gautami,Peri,gautami.peri3964@gmail.com,+913343265882,12.959963,77.691191,Bengaluru,Marathahalli,2022-10-23
U03965,Yauvani,Samra,yauvani.samra3965@outlook.com,+918850029990,12.922302,77.548027,Bengaluru,Banashankari,2021-01-27
U03966,Niharika,Oommen,niharika.oommen3966@yahoo.com,+910727358674,12.923684,77.541545,Bengaluru,Banashankari,2023-12-29
U03967,Kevin,Pal,kevin.pal3967@outlook.com,+918691503091,12.9314,77.56707,Bengaluru,Jayanagar,2023-12-06
U03968,Advika,Hans,advika.hans3968@yahoo.com,+913790002736,12.948585,77.697876,Bengaluru,Brookefield,2023-12-30
U03969,Vrinda,Manda,vrinda.manda3969@yahoo.com,+918944143725,12.969354,77.70227,Bengaluru,Marathahalli,2022-12-02
U03970,Amara,Chacko,amara.chacko3970@gmail.com,+912892850274,12.975812,77.622637,Bengaluru,MG Road,2021-10-14
U03971,Shivani,Chad,shivani.chad3971@gmail.com,+910678370393,12.878225,77.606835,Bengaluru,Bannerghatta Road,2023-04-26
U03972,Eiravati,Upadhyay,eiravati.upadhyay3972@hotmail.com,+911223739220,12.971481,77.621712,Bengaluru,MG Road,2023-07-28
U03973,Ishaan,Bajaj,ishaan.bajaj3973@outlook.com,+915702660790,12.921548,77.608903,Bengaluru,BTM Layout,2021-02-17
U03974,Kabir,Chhabra,kabir.chhabra3974@gmail.com,+911604901892,12.911953,77.56667,Bengaluru,JP Nagar,2021-11-26
U03975,Xavier,Borde,xavier.borde3975@gmail.com,+919915683434,12.96836,77.499111,Bengaluru,Nagarbhavi,2022-04-17
U03976,Peter,Prakash,peter.prakash3976@yahoo.com,+911395927468,13.021415,77.602893,Bengaluru,Hebbal,2022-10-08
U03977,Dhruv,Dube,dhruv.dube3977@hotmail.com,+918371571406,12.967014,77.73206,Bengaluru,Whitefield,2023-11-29
U03978,Warjas,Chahal,warjas.chahal3978@hotmail.com,+911235173595,12.963696,77.62911,Bengaluru,MG Road,2021-09-04
U03979,Faqid,Andra,faqid.andra3979@outlook.com,+917631310855,12.936392,77.539979,Bengaluru,Banashankari,2022-01-30
U03980,Agastya,Om,agastya.om3980@gmail.com,+916549417775,13.084182,77.613447,Bengaluru,Yelahanka,2023-10-08
U03981,Ekavir,Dugal,ekavir.dugal3981@outlook.com,+916470260168,12.947916,77.624351,Bengaluru,Domlur,2023-12-31
U03982,Triveni,Narayanan,triveni.narayanan3982@outlook.com,+916946805463,12.99501,77.63992,Bengaluru,Indiranagar,2022-02-12
U03983,Hitesh,Dara,hitesh.dara3983@gmail.com,+913053863772,12.997596,77.547853,Bengaluru,Rajajinagar,2022-10-29
U03984,Daksh,Dewan,daksh.dewan3984@yahoo.com,+911469685126,12.992908,77.576543,Bengaluru,Malleshwaram,2024-03-02
U03985,Ryan,Bumb,ryan.bumb3985@hotmail.com,+913837402552,12.970796,77.508199,Bengaluru,Nagarbhavi,2022-06-10
U03986,Quincy,Chand,quincy.chand3986@gmail.com,+913532445768,12.981647,77.517486,Bengaluru,Nagarbhavi,2021-04-30
U03987,Gavin,Aggarwal,gavin.aggarwal3987@yahoo.com,+915166077386,12.976254,77.650425,Bengaluru,Domlur,2022-03-06
U03988,Rachita,Kaul,rachita.kaul3988@hotmail.com,+918686719713,12.956998,77.573161,Bengaluru,Basavanagudi,2023-11-16
U03989,Shivansh,Bedi,shivansh.bedi3989@yahoo.com,+916772276723,12.890226,77.588703,Bengaluru,JP Nagar,2022-01-15
U03990,Fariq,Ram,fariq.ram3990@gmail.com,+915681881955,12.89752,77.571229,Bengaluru,JP Nagar,2023-08-03
U03991,Ekani,Wagle,ekani.wagle3991@hotmail.com,+919619016921,12.923642,77.560134,Bengaluru,Banashankari,2023-02-28
U03992,Reyansh,Soni,reyansh.soni3992@gmail.com,+914500496870,12.939204,77.625852,Bengaluru,Koramangala,2021-10-21
U03993,Rudra,Tandon,rudra.tandon3993@gmail.com,+912227002616,12.864054,77.68426,Bengaluru,Sarjapur,2023-03-18
U03994,Quincy,Singh,quincy.singh3994@outlook.com,+912950646001,13.10306,77.586034,Bengaluru,Yelahanka,2022-03-29
U03995,Bhavna,Bhat,bhavna.bhat3995@hotmail.com,+917289865830,13.01406,77.553937,Bengaluru,Malleshwaram,2021-01-15
U03996,Saanvi,Goyal,saanvi.goyal3996@hotmail.com,+914165076567,12.987331,77.591065,Bengaluru,Shivajinagar,2023-05-11
U03997,Yashica,Ahuja,yashica.ahuja3997@hotmail.com,+911714522414,12.960452,77.707333,Bengaluru,Marathahalli,2023-01-24
U03998,Fariq,Goda,fariq.goda3998@gmail.com,+910539040044,12.877407,77.581768,Bengaluru,Bannerghatta Road,2024-03-15
U03999,Rudra,Lall,rudra.lall3999@hotmail.com,+919350837006,12.911496,77.677355,Bengaluru,Bellandur,2023-05-17
U04000,Maanas,Gulati,maanas.gulati4000@yahoo.com,+913792063807,12.99066,77.562837,Bengaluru,Rajajinagar,2022-03-08
U04001,Jatin,Borra,jatin.borra4001@hotmail.com,+919006438428,12.945661,77.579279,Bengaluru,Basavanagudi,2021-11-15
U04002,Raghav,Grover,raghav.grover4002@yahoo.com,+911638888705,12.921759,77.594648,Bengaluru,Jayanagar,2024-04-15
U04003,Ekanta,Kari,ekanta.kari4003@hotmail.com,+915486691425,12.93001,77.583898,Bengaluru,Jayanagar,2022-05-18
U04004,Nicholas,Rana,nicholas.rana4004@outlook.com,+919928533876,12.983296,77.54968,Bengaluru,Rajajinagar,2022-12-09
U04005,Chaman,Sachar,chaman.sachar4005@yahoo.com,+910834158583,12.995058,77.555247,Bengaluru,Rajajinagar,2022-06-12
U04006,Yashawini,Mangal,yashawini.mangal4006@outlook.com,+913782915950,12.975667,77.597461,Bengaluru,Shivajinagar,2023-01-26
U04007,Tejas,Sandhu,tejas.sandhu4007@hotmail.com,+915474290578,13.044538,77.5943,Bengaluru,Hebbal,2023-10-29
U04008,Zashil,Pai,zashil.pai4008@outlook.com,+919524967269,12.981659,77.601586,Bengaluru,Shivajinagar,2021-11-12
U04009,Wridesh,Wali,wridesh.wali4009@yahoo.com,+918050833504,12.92781,77.579503,Bengaluru,Basavanagudi,2022-02-01
U04010,Abhimanyu,Krishnamurthy,abhimanyu.krishnamurthy4010@outlook.com,+918683511903,12.902346,77.592733,Bengaluru,JP Nagar,2022-03-02
U04011,Baghyawati,Edwin,baghyawati.edwin4011@yahoo.com,+915638856853,12.952838,77.725833,Bengaluru,Brookefield,2023-07-03
U04012,Dhruv,Bhatia,dhruv.bhatia4012@yahoo.com,+915642927782,12.990159,77.703177,Bengaluru,KR Puram,2022-12-12
U04013,Dev,Tak,dev.tak4013@gmail.com,+911434204249,12.933256,77.606546,Bengaluru,BTM Layout,2022-05-05
U04014,Hemangini,Bhasin,hemangini.bhasin4014@hotmail.com,+918484900060,12.985805,77.495102,Bengaluru,Nagarbhavi,2023-05-31
U04015,Qushi,Buch,qushi.buch4015@yahoo.com,+919893145662,12.970583,77.700223,Bengaluru,Brookefield,2023-02-14
U04016,Sanaya,Arora,sanaya.arora4016@outlook.com,+916465301938,12.978849,77.557098,Bengaluru,Rajajinagar,2021-07-29
U04017,Gaurang,Nagar,gaurang.nagar4017@outlook.com,+917515256628,12.846187,77.659966,Bengaluru,Electronic City,2023-07-02
U04018,Janaki,Bhatti,janaki.bhatti4018@yahoo.com,+912167380476,12.854745,77.674103,Bengaluru,Sarjapur,2021-04-05
U04019,Adweta,Nagar,adweta.nagar4019@yahoo.com,+911838440390,13.04807,77.596039,Bengaluru,Hebbal,2021-04-23
U04020,Shravya,Parmar,shravya.parmar4020@gmail.com,+912559061887,12.953631,77.754409,Bengaluru,Whitefield,2022-01-19
U04021,Varsha,Prabhakar,varsha.prabhakar4021@outlook.com,+910336798328,12.917335,77.588821,Bengaluru,Jayanagar,2022-04-24
U04022,Xalak,Mital,xalak.mital4022@hotmail.com,+912681182493,13.007442,77.680077,Bengaluru,KR Puram,2021-06-17
U04023,Vrinda,Munshi,vrinda.munshi4023@yahoo.com,+915574445693,12.858874,77.604423,Bengaluru,Bannerghatta Road,2021-11-24
U04024,Ranveer,Kari,ranveer.kari4024@gmail.com,+913267887966,13.004369,77.563153,Bengaluru,Malleshwaram,2021-05-04
U04025,Onkar,Basak,onkar.basak4025@outlook.com,+914410486890,12.956282,77.731971,Bengaluru,Whitefield,2022-08-05
U04026,Ira,Rout,ira.rout4026@hotmail.com,+914489065937,13.09049,77.608744,Bengaluru,Yelahanka,2021-05-23
U04027,Udyati,Shenoy,udyati.shenoy4027@yahoo.com,+910571699439,12.965736,77.60176,Bengaluru,MG Road,2021-07-27
U04028,Ekta,Rau,ekta.rau4028@outlook.com,+918674847586,12.919128,77.649114,Bengaluru,HSR Layout,2023-03-09
U04029,Ubika,Shetty,ubika.shetty4029@hotmail.com,+914065702245,12.858633,77.604628,Bengaluru,Bannerghatta Road,2022-11-08
U04030,Sneha,Dua,sneha.dua4030@gmail.com,+910597618015,12.955338,77.637088,Bengaluru,Domlur,2022-04-29
U04031,Lucky,Rajan,lucky.rajan4031@yahoo.com,+911231503377,13.000434,77.709181,Bengaluru,KR Puram,2022-08-24
U04032,Oni,Bakshi,oni.bakshi4032@outlook.com,+914673896000,12.931512,77.558916,Bengaluru,Banashankari,2023-08-19
U04033,Liam,Nadig,liam.nadig4033@hotmail.com,+911771228044,12.926607,77.593233,Bengaluru,BTM Layout,2022-04-16
U04034,Lakshmi,Dixit,lakshmi.dixit4034@hotmail.com,+910729989553,12.922871,77.597677,Bengaluru,Jayanagar,2023-05-14
U04035,Mugdha,Pau,mugdha.pau4035@hotmail.com,+913482277893,12.963591,77.504592,Bengaluru,Nagarbhavi,2023-12-21
U04036,Akshay,Saraf,akshay.saraf4036@yahoo.com,+913362489000,12.939374,77.666449,Bengaluru,Bellandur,2022-02-14
U04037,Orinder,Dora,orinder.dora4037@yahoo.com,+917614733220,12.98601,77.732939,Bengaluru,Whitefield,2024-02-16
U04038,Qarin,Kalla,qarin.kalla4038@yahoo.com,+919534103455,13.001394,77.700643,Bengaluru,KR Puram,2024-03-18
U04039,Girish,Babu,girish.babu4039@gmail.com,+915307300229,12.904464,77.613327,Bengaluru,Bommanahalli,2022-06-24
U04040,Mahika,Sodhi,mahika.sodhi4040@yahoo.com,+916555044622,12.919166,77.622365,Bengaluru,Koramangala,2023-09-10
U04041,Mason,Madan,mason.madan4041@outlook.com,+915380299912,12.944581,77.613455,Bengaluru,Koramangala,2023-08-29
U04042,Geetika,Hora,geetika.hora4042@gmail.com,+911326401166,12.940874,77.713686,Bengaluru,Brookefield,2021-11-26
U04043,Anthony,Tank,anthony.tank4043@hotmail.com,+913081555078,12.931297,77.593685,Bengaluru,Jayanagar,2024-03-18
U04044,Manya,Dutt,manya.dutt4044@yahoo.com,+918585001769,12.968598,77.515367,Bengaluru,Nagarbhavi,2021-04-10
U04045,Chavvi,Mall,chavvi.mall4045@gmail.com,+912780908525,12.923261,77.590217,Bengaluru,JP Nagar,2023-08-07
U04046,Vedant,Gupta,vedant.gupta4046@gmail.com,+919646962434,12.97363,77.501783,Bengaluru,Nagarbhavi,2023-12-21
U04047,Vidhi,Tata,vidhi.tata4047@yahoo.com,+915495952892,12.960371,77.754259,Bengaluru,Whitefield,2022-11-19
U04048,Rachita,Saran,rachita.saran4048@yahoo.com,+914028795736,12.909072,77.638517,Bengaluru,HSR Layout,2022-05-19
U04049,Nathaniel,Sura,nathaniel.sura4049@outlook.com,+915324668967,12.969822,77.709432,Bengaluru,Marathahalli,2024-03-13
U04050,Darpan,Pandit,darpan.pandit4050@yahoo.com,+911736965403,12.949627,77.559418,Bengaluru,Basavanagudi,2023-04-13
U04051,Hitesh,Bhavsar,hitesh.bhavsar4051@hotmail.com,+912912930431,12.987689,77.569981,Bengaluru,Rajajinagar,2022-09-05
U04052,Ekiya,Sood,ekiya.sood4052@gmail.com,+911550017922,12.918067,77.629232,Bengaluru,HSR Layout,2021-10-26
U04053,Bimala,Dhaliwal,bimala.dhaliwal4053@hotmail.com,+914187429488,13.001939,77.568833,Bengaluru,Rajajinagar,2023-04-28
U04054,Wahab,Venkataraman,wahab.venkataraman4054@gmail.com,+918580698434,12.974065,77.645738,Bengaluru,Indiranagar,2023-03-16
U04055,Warda,Kalita,warda.kalita4055@outlook.com,+919582324711,12.961246,77.726305,Bengaluru,Brookefield,2023-09-18
U04056,Omaja,Swaminathan,omaja.swaminathan4056@hotmail.com,+912080794835,12.923418,77.680113,Bengaluru,Bellandur,2023-08-30
U04057,Agastya,Morar,agastya.morar4057@gmail.com,+916612816413,12.992061,77.569368,Bengaluru,Malleshwaram,2023-03-20
U04058,Nathan,Nigam,nathan.nigam4058@hotmail.com,+915879212959,12.921136,77.597635,Bengaluru,JP Nagar,2022-02-23
U04059,Deepa,Sanghvi,deepa.sanghvi4059@yahoo.com,+919898905215,12.92792,77.621403,Bengaluru,HSR Layout,2024-03-09
U04060,Jairaj,Dayal,jairaj.dayal4060@outlook.com,+919229153461,12.926192,77.597349,Bengaluru,Jayanagar,2021-08-18
U04061,Baghyawati,Om,baghyawati.om4061@hotmail.com,+917582735623,12.960741,77.630303,Bengaluru,MG Road,2023-12-15
U04062,Kashvi,Dave,kashvi.dave4062@yahoo.com,+910314425101,12.903777,77.566357,Bengaluru,JP Nagar,2023-08-19
U04063,Kala,Solanki,kala.solanki4063@gmail.com,+915370986172,13.018236,77.678096,Bengaluru,KR Puram,2021-01-07
U04064,Dev,Badami,dev.badami4064@yahoo.com,+912983746122,12.900196,77.633542,Bengaluru,Bommanahalli,2021-10-10
U04065,Sanya,Pingle,sanya.pingle4065@gmail.com,+911757628379,12.933809,77.622794,Bengaluru,Koramangala,2023-09-28
U04066,Omisha,Koshy,omisha.koshy4066@hotmail.com,+913763733547,12.942423,77.590001,Bengaluru,Basavanagudi,2023-03-30
U04067,Shaurya,Narain,shaurya.narain4067@gmail.com,+919159910856,12.940265,77.575826,Bengaluru,Jayanagar,2023-12-14
U04068,Vivaan,Munshi,vivaan.munshi4068@hotmail.com,+915553513592,12.880366,77.600473,Bengaluru,Bannerghatta Road,2021-08-20
U04069,Vamakshi,Mand,vamakshi.mand4069@hotmail.com,+914275846623,12.976964,77.637716,Bengaluru,Indiranagar,2023-11-07
U04070,Harini,Narula,harini.narula4070@yahoo.com,+917876187057,12.831491,77.67321,Bengaluru,Electronic City,2021-10-01
U04071,Robert,Datta,robert.datta4071@gmail.com,+914342966431,12.936092,77.610822,Bengaluru,Koramangala,2022-03-02
U04072,Ekanta,Karnik,ekanta.karnik4072@outlook.com,+918216420009,12.917009,77.588828,Bengaluru,Jayanagar,2021-08-19
U04073,Warjas,Krish,warjas.krish4073@hotmail.com,+912809957810,12.952146,77.6259,Bengaluru,Koramangala,2023-06-23
U04074,Vrinda,Singhal,vrinda.singhal4074@outlook.com,+910484769739,12.983262,77.74045,Bengaluru,Whitefield,2022-05-24
U04075,Anirudh,Munshi,anirudh.munshi4075@outlook.com,+919909742235,12.91208,77.56261,Bengaluru,Banashankari,2023-09-21
U04076,Yasti,Chandran,yasti.chandran4076@yahoo.com,+912392914967,12.966362,77.627121,Bengaluru,Indiranagar,2021-05-08
U04077,Leena,Divan,leena.divan4077@gmail.com,+910096215948,12.973998,77.713734,Bengaluru,Marathahalli,2023-04-05
U04078,Ekanta,Bumb,ekanta.bumb4078@gmail.com,+916393865160,12.971944,77.638461,Bengaluru,Indiranagar,2022-10-22
U04079,Vritti,Shere,vritti.shere4079@hotmail.com,+911290658282,12.937607,77.676593,Bengaluru,Bellandur,2024-03-29
U04080,Amaira,Bhavsar,amaira.bhavsar4080@gmail.com,+911365705948,12.955354,77.739886,Bengaluru,Whitefield,2023-03-27
U04081,Shivani,Ramachandran,shivani.ramachandran4081@outlook.com,+918350169393,12.914562,77.586773,Bengaluru,JP Nagar,2023-07-18
U04082,Reyansh,Majumdar,reyansh.majumdar4082@gmail.com,+919072667162,12.933514,77.615425,Bengaluru,BTM Layout,2022-10-22
U04083,Luke,Patla,luke.patla4083@hotmail.com,+915781657458,13.017221,77.690403,Bengaluru,KR Puram,2023-06-07
U04084,Daniel,Som,daniel.som4084@outlook.com,+912101923702,12.922464,77.629565,Bengaluru,Koramangala,2021-04-05
U04085,Yatin,Kapoor,yatin.kapoor4085@gmail.com,+915726521365,13.116837,77.598905,Bengaluru,Yelahanka,2021-08-25
U04086,Aarush,Narang,aarush.narang4086@outlook.com,+919435684006,13.012093,77.706964,Bengaluru,KR Puram,2022-03-04
U04087,Ishani,Subramanian,ishani.subramanian4087@outlook.com,+916158435814,12.978703,77.522128,Bengaluru,Nagarbhavi,2024-01-09
U04088,Madhav,Mahajan,madhav.mahajan4088@yahoo.com,+913675800662,12.988083,77.626182,Bengaluru,MG Road,2022-08-26
U04089,Ekaja,Sundaram,ekaja.sundaram4089@yahoo.com,+910207432105,12.907369,77.568291,Bengaluru,JP Nagar,2021-08-07
U04090,Dipta,Yadav,dipta.yadav4090@gmail.com,+911645441125,13.104586,77.579432,Bengaluru,Yelahanka,2023-06-27
U04091,Ryan,Guha,ryan.guha4091@outlook.com,+917502278311,12.909728,77.649091,Bengaluru,HSR Layout,2021-06-23
U04092,Jai,Merchant,jai.merchant4092@outlook.com,+919220903240,12.945284,77.56207,Bengaluru,Basavanagudi,2022-02-02
U04093,Darsh,Hayer,darsh.hayer4093@gmail.com,+911878542702,12.8544,77.583533,Bengaluru,Bannerghatta Road,2021-09-30
U04094,Yamini,Mandal,yamini.mandal4094@outlook.com,+915746399043,12.938407,77.640482,Bengaluru,Koramangala,2022-10-27
U04095,Yuvraj,Puri,yuvraj.puri4095@yahoo.com,+917785275320,12.861549,77.601821,Bengaluru,Bannerghatta Road,2021-02-27
U04096,Pallavi,Apte,pallavi.apte4096@outlook.com,+919271339745,12.94773,77.586528,Bengaluru,Basavanagudi,2021-09-04
U04097,Chanchal,Lal,chanchal.lal4097@outlook.com,+911159749786,12.966251,77.655195,Bengaluru,Indiranagar,2022-04-30
U04098,Samarth,Dhawan,samarth.dhawan4098@yahoo.com,+913261455092,12.901463,77.635265,Bengaluru,Bommanahalli,2021-08-04
U04099,Chaman,Bakshi,chaman.bakshi4099@yahoo.com,+915129195870,12.982154,77.573399,Bengaluru,Rajajinagar,2022-09-09
U04100,Ayush,Sama,ayush.sama4100@hotmail.com,+917422585396,12.969836,77.61722,Bengaluru,MG Road,2022-01-13
U04101,Farhan,Pillay,farhan.pillay4101@yahoo.com,+915708747652,12.973428,77.680319,Bengaluru,Marathahalli,2022-11-25
U04102,Udyati,Divan,udyati.divan4102@outlook.com,+912476114343,12.857751,77.676129,Bengaluru,Sarjapur,2022-02-18
U04103,Sanya,Raja,sanya.raja4103@hotmail.com,+919744468717,12.851305,77.681994,Bengaluru,Sarjapur,2023-12-11
U04104,Naksh,Sawhney,naksh.sawhney4104@outlook.com,+912980717965,12.929516,77.679522,Bengaluru,Bellandur,2022-10-09
U04105,Dipta,Chokshi,dipta.chokshi4105@gmail.com,+911778649646,12.905107,77.607877,Bengaluru,BTM Layout,2021-08-24
U04106,Anusha,Shah,anusha.shah4106@outlook.com,+911475857040,12.86512,77.601449,Bengaluru,Bannerghatta Road,2021-10-18
U04107,Anya,Hora,anya.hora4107@yahoo.com,+914369025855,12.996484,77.606997,Bengaluru,Shivajinagar,2023-03-23
U04108,Sudiksha,Mane,sudiksha.mane4108@hotmail.com,+912954017955,12.959805,77.489253,Bengaluru,Nagarbhavi,2021-08-29
U04109,Nicholas,Dave,nicholas.dave4109@yahoo.com,+913702410528,12.987564,77.606002,Bengaluru,Shivajinagar,2022-06-07
U04110,Ekantika,Badal,ekantika.badal4110@yahoo.com,+910037417271,12.954225,77.694292,Bengaluru,Marathahalli,2022-02-19
U04111,Jatin,Ben,jatin.ben4111@gmail.com,+910201581287,12.93836,77.674718,Bengaluru,Bellandur,2023-03-13
U04112,Eta,Sood,eta.sood4112@yahoo.com,+910024263632,12.970959,77.657275,Bengaluru,Indiranagar,2021-09-19
U04113,Jyoti,Dhar,jyoti.dhar4113@outlook.com,+916069371218,12.927173,77.592744,Bengaluru,Basavanagudi,2023-08-01
U04114,Divya,Prashad,divya.prashad4114@yahoo.com,+914127310638,12.971631,77.707689,Bengaluru,Marathahalli,2024-01-11
U04115,Atharv,Saraf,atharv.saraf4115@gmail.com,+919637702700,12.979367,77.736393,Bengaluru,Whitefield,2022-07-24
U04116,Ekiya,Randhawa,ekiya.randhawa4116@gmail.com,+915809982626,12.946388,77.72279,Bengaluru,Brookefield,2021-02-26
U04117,Pranav,Narain,pranav.narain4117@gmail.com,+912850388536,13.10958,77.593263,Bengaluru,Yelahanka,2022-08-07
U04118,Bakhshi,Mandal,bakhshi.mandal4118@hotmail.com,+915347383521,12.939828,77.562455,Bengaluru,Banashankari,2023-03-09
U04119,Ekiya,Baral,ekiya.baral4119@gmail.com,+917188303101,12.983677,77.509898,Bengaluru,Nagarbhavi,2022-06-15
U04120,Yasti,Bhalla,yasti.bhalla4120@hotmail.com,+917054098567,12.921705,77.650874,Bengaluru,HSR Layout,2022-06-19
U04121,Kevin,Taneja,kevin.taneja4121@outlook.com,+914647976185,12.974079,77.629481,Bengaluru,Indiranagar,2022-06-04
U04122,Devansh,Bir,devansh.bir4122@hotmail.com,+912502845181,12.930345,77.537507,Bengaluru,Banashankari,2023-04-19
U04123,Logan,Doshi,logan.doshi4123@gmail.com,+914383114100,12.855685,77.677236,Bengaluru,Sarjapur,2022-01-01
U04124,Harsh,Virk,harsh.virk4124@yahoo.com,+914199765304,12.982445,77.618461,Bengaluru,MG Road,2024-04-03
U04125,Nihal,Keer,nihal.keer4125@yahoo.com,+915503968011,12.879164,77.684964,Bengaluru,Sarjapur,2021-07-03
U04126,George,Parsa,george.parsa4126@hotmail.com,+910649220735,13.102501,77.581031,Bengaluru,Yelahanka,2022-06-05
U04127,Ishanvi,Nigam,ishanvi.nigam4127@yahoo.com,+912294945131,13.009747,77.690645,Bengaluru,KR Puram,2021-03-19
U04128,Finn,Sachar,finn.sachar4128@outlook.com,+914707173021,12.991325,77.630863,Bengaluru,MG Road,2023-12-13
U04129,Hemal,Boase,hemal.boase4129@gmail.com,+919947659845,12.999642,77.550779,Bengaluru,Malleshwaram,2022-02-24
U04130,Waida,Rattan,waida.rattan4130@gmail.com,+912068106961,13.032228,77.581437,Bengaluru,Hebbal,2022-10-07
U04131,David,Vohra,david.vohra4131@yahoo.com,+913571102347,12.918402,77.608013,Bengaluru,BTM Layout,2022-08-11
U04132,Omaja,Randhawa,omaja.randhawa4132@yahoo.com,+910238813937,13.042559,77.5891,Bengaluru,Hebbal,2024-03-17
U04133,Mohammed,Chakraborty,mohammed.chakraborty4133@gmail.com,+917632210814,12.933134,77.587388,Bengaluru,Jayanagar,2024-02-17
U04134,Sarthak,Sen,sarthak.sen4134@yahoo.com,+916948272148,12.909315,77.67882,Bengaluru,Bellandur,2021-02-15
U04135,Nathan,D’Alia,nathan.d’alia4135@yahoo.com,+917142546330,12.835865,77.669521,Bengaluru,Electronic City,2023-07-13
U04136,Advika,Karan,advika.karan4136@gmail.com,+915696614695,12.912167,77.552355,Bengaluru,Banashankari,2021-10-03
U04137,Wriddhish,Bhalla,wriddhish.bhalla4137@hotmail.com,+910533920330,12.928583,77.591273,Bengaluru,Basavanagudi,2023-04-30
U04138,Arjun,Ben,arjun.ben4138@yahoo.com,+911574434288,12.938743,77.641544,Bengaluru,Koramangala,2023-04-09
U04139,Umang,Srinivas,umang.srinivas4139@gmail.com,+914629820107,12.984368,77.755134,Bengaluru,Whitefield,2023-11-11
U04140,Brijesh,Basak,brijesh.basak4140@gmail.com,+916488789833,12.919229,77.585104,Bengaluru,Jayanagar,2021-06-13
U04141,Theodore,Kaul,theodore.kaul4141@yahoo.com,+912535396540,12.957635,77.72265,Bengaluru,Brookefield,2021-03-05
U04142,Michael,Devan,michael.devan4142@hotmail.com,+916074168811,12.914957,77.597394,Bengaluru,JP Nagar,2022-11-06
U04143,Xiti,Nagarajan,xiti.nagarajan4143@outlook.com,+919855389317,12.970132,77.714405,Bengaluru,Marathahalli,2021-07-02
U04144,Ekantika,Ram,ekantika.ram4144@gmail.com,+915614880193,13.006017,77.540032,Bengaluru,Rajajinagar,2024-04-03
U04145,Meghana,Bahl,meghana.bahl4145@yahoo.com,+917134439159,12.967448,77.612115,Bengaluru,MG Road,2023-12-24
U04146,Yashvi,Mann,yashvi.mann4146@outlook.com,+915946457526,12.921919,77.606805,Bengaluru,BTM Layout,2022-04-24
U04147,Waida,Bajwa,waida.bajwa4147@gmail.com,+913879602041,12.859108,77.606404,Bengaluru,Bannerghatta Road,2022-02-04
U04148,Oeshi,Bir,oeshi.bir4148@gmail.com,+919164631212,12.984297,77.556871,Bengaluru,Rajajinagar,2021-08-18
U04149,Banjeet,Iyengar,banjeet.iyengar4149@gmail.com,+919069295124,12.951851,77.65098,Bengaluru,Domlur,2021-01-03
U04150,Balendra,Joshi,balendra.joshi4150@yahoo.com,+918900091325,13.010366,77.676968,Bengaluru,KR Puram,2021-05-20
U04151,Victor,Swamy,victor.swamy4151@gmail.com,+917270031851,12.901254,77.595824,Bengaluru,BTM Layout,2022-06-08
U04152,Abhimanyu,Palla,abhimanyu.palla4152@gmail.com,+913034658555,12.929571,77.605189,Bengaluru,BTM Layout,2023-01-14
U04153,Faris,Pillai,faris.pillai4153@outlook.com,+916041103740,12.85425,77.607761,Bengaluru,Bannerghatta Road,2022-04-23
U04154,Yashodhara,Gala,yashodhara.gala4154@gmail.com,+915126649784,12.958309,77.649062,Bengaluru,Domlur,2022-08-29
U04155,Mekhala,Kala,mekhala.kala4155@hotmail.com,+911092594452,12.85403,77.694882,Bengaluru,Electronic City,2023-02-26
U04156,Max,Yadav,max.yadav4156@gmail.com,+918813415791,12.971988,77.650761,Bengaluru,Domlur,2022-07-05
U04157,Abhimanyu,Manda,abhimanyu.manda4157@yahoo.com,+918471671100,12.988973,77.62296,Bengaluru,MG Road,2023-05-17
U04158,Amaira,Prasad,amaira.prasad4158@yahoo.com,+918043996927,13.039946,77.591797,Bengaluru,Hebbal,2021-08-01
U04159,Yasti,Rama,yasti.rama4159@outlook.com,+911752303526,12.967851,77.752729,Bengaluru,Whitefield,2022-03-21
U04160,Nathaniel,Jaggi,nathaniel.jaggi4160@outlook.com,+916966357346,12.87879,77.63363,Bengaluru,Bommanahalli,2023-10-29
U04161,Aahana,Natt,aahana.natt4161@gmail.com,+918241975332,12.921217,77.593931,Bengaluru,Jayanagar,2023-03-23
U04162,Rohan,Narain,rohan.narain4162@outlook.com,+919394235033,12.971082,77.656325,Bengaluru,Domlur,2021-03-09
U04163,Abha,Ramaswamy,abha.ramaswamy4163@hotmail.com,+911816230927,12.913796,77.624121,Bengaluru,BTM Layout,2022-07-18
U04164,Jagdish,Mangal,jagdish.mangal4164@hotmail.com,+919100872924,12.978333,77.655121,Bengaluru,Indiranagar,2023-12-25
U04165,Siya,Balakrishnan,siya.balakrishnan4165@gmail.com,+913967739232,12.933628,77.586772,Bengaluru,Jayanagar,2023-02-16
U04166,Sanaya,Vala,sanaya.vala4166@hotmail.com,+913317430171,12.952126,77.699349,Bengaluru,Brookefield,2023-10-30
U04167,Nidra,Jayaraman,nidra.jayaraman4167@gmail.com,+915174580997,12.990265,77.608919,Bengaluru,Shivajinagar,2023-04-14
U04168,Qasim,Chowdhury,qasim.chowdhury4168@hotmail.com,+919273055931,12.853196,77.662034,Bengaluru,Electronic City,2022-08-04
U04169,Benjamin,Ram,benjamin.ram4169@hotmail.com,+912181299578,12.967929,77.606245,Bengaluru,MG Road,2021-04-26
U04170,Hredhaan,Jha,hredhaan.jha4170@gmail.com,+916780739562,13.004902,77.582685,Bengaluru,Malleshwaram,2021-06-03
U04171,Ryan,Misra,ryan.misra4171@gmail.com,+917784016889,12.968325,77.707181,Bengaluru,Marathahalli,2021-12-08
U04172,Tanish,Mitter,tanish.mitter4172@hotmail.com,+918561366262,12.939911,77.553499,Bengaluru,Banashankari,2022-09-27
U04173,Jalsa,Sheth,jalsa.sheth4173@outlook.com,+917621982112,12.958825,77.631318,Bengaluru,Domlur,2024-01-10
U04174,Chatura,Karpe,chatura.karpe4174@outlook.com,+911260253248,12.969558,77.750078,Bengaluru,Whitefield,2021-01-22
U04175,Zayyan,Kalla,zayyan.kalla4175@gmail.com,+917092650648,12.822478,77.680073,Bengaluru,Electronic City,2022-06-07
U04176,Yasti,Bajwa,yasti.bajwa4176@hotmail.com,+913578261832,12.946412,77.590068,Bengaluru,Jayanagar,2021-07-13
U04177,Dayita,Arora,dayita.arora4177@hotmail.com,+916698909495,12.979105,77.585675,Bengaluru,Shivajinagar,2023-12-20
U04178,Tarak,Golla,tarak.golla4178@gmail.com,+910509227728,12.88125,77.619255,Bengaluru,Bommanahalli,2022-09-05
U04179,Gauri,Jhaveri,gauri.jhaveri4179@outlook.com,+913004703194,12.959538,77.565786,Bengaluru,Basavanagudi,2022-12-24
U04180,Xalak,Rama,xalak.rama4180@outlook.com,+913358424670,12.911632,77.614596,Bengaluru,Bommanahalli,2022-06-17
U04181,Falak,Shankar,falak.shankar4181@outlook.com,+914373712569,12.975373,77.656125,Bengaluru,Domlur,2021-01-25
U04182,Mahika,Gandhi,mahika.gandhi4182@gmail.com,+917485318246,12.885949,77.580628,Bengaluru,Bannerghatta Road,2022-05-31
U04183,Vyanjana,Srinivasan,vyanjana.srinivasan4183@hotmail.com,+918135432181,12.908267,77.603078,Bengaluru,Bommanahalli,2023-10-28
U04184,Bhavika,Kothari,bhavika.kothari4184@gmail.com,+919567576912,12.927937,77.569839,Bengaluru,Jayanagar,2023-07-23
U04185,Faras,Chhabra,faras.chhabra4185@yahoo.com,+912298269619,12.964164,77.654134,Bengaluru,Indiranagar,2022-08-17
U04186,Aadi,Balasubramanian,aadi.balasubramanian4186@yahoo.com,+914587281362,12.951699,77.726864,Bengaluru,Brookefield,2022-11-12
U04187,Chandresh,Apte,chandresh.apte4187@yahoo.com,+919054133179,12.928643,77.581063,Bengaluru,Jayanagar,2023-07-05
U04188,Anusha,Acharya,anusha.acharya4188@yahoo.com,+913636905073,12.863574,77.593052,Bengaluru,Bannerghatta Road,2023-12-20
U04189,Chavvi,Saxena,chavvi.saxena4189@yahoo.com,+914746395246,12.90476,77.647502,Bengaluru,HSR Layout,2021-02-20
U04190,Lakshmi,Dutta,lakshmi.dutta4190@yahoo.com,+916038080736,12.963481,77.701777,Bengaluru,Brookefield,2021-06-23
U04191,Gunbir,Bera,gunbir.bera4191@gmail.com,+913274497501,12.963989,77.706474,Bengaluru,Brookefield,2022-03-07
U04192,Jhalak,Kale,jhalak.kale4192@gmail.com,+918097901437,12.856317,77.665707,Bengaluru,Electronic City,2023-10-23
U04193,Rayaan,Sampath,rayaan.sampath4193@hotmail.com,+910012263300,12.975897,77.707164,Bengaluru,Marathahalli,2022-07-06
U04194,Kashish,Borra,kashish.borra4194@yahoo.com,+918092882005,12.956057,77.514847,Bengaluru,Nagarbhavi,2024-02-19
U04195,Ati,Sahni,ati.sahni4195@hotmail.com,+918759462613,12.973072,77.550703,Bengaluru,Rajajinagar,2021-07-06
U04196,Anthony,Mishra,anthony.mishra4196@yahoo.com,+910816217300,12.895146,77.580855,Bengaluru,JP Nagar,2023-12-25
U04197,Bakhshi,Dar,bakhshi.dar4197@outlook.com,+912538443665,12.906137,77.594567,Bengaluru,JP Nagar,2023-06-15
U04198,Chasmum,Dhar,chasmum.dhar4198@gmail.com,+916803307695,12.939745,77.574941,Bengaluru,Jayanagar,2021-12-28
U04199,Adya,Shan,adya.shan4199@yahoo.com,+913951788014,12.961039,77.642976,Bengaluru,Indiranagar,2022-05-06
U04200,Samarth,Dara,samarth.dara4200@yahoo.com,+918819826425,12.901372,77.598389,Bengaluru,BTM Layout,2021-10-06
U04201,Azaan,Soni,azaan.soni4201@outlook.com,+916398771565,12.848768,77.673995,Bengaluru,Sarjapur,2023-12-14
U04202,Owen,Atwal,owen.atwal4202@gmail.com,+910356721524,12.954042,77.761997,Bengaluru,Whitefield,2023-12-08
U04203,Isaiah,Chadha,isaiah.chadha4203@yahoo.com,+912756171397,12.93792,77.614641,Bengaluru,Koramangala,2023-01-01
U04204,Wahab,Shah,wahab.shah4204@yahoo.com,+917041256248,13.009136,77.690082,Bengaluru,KR Puram,2023-08-09
U04205,Anjali,Madan,anjali.madan4205@yahoo.com,+917256370082,12.969536,77.505741,Bengaluru,Nagarbhavi,2022-12-31
U04206,Arin,Srinivasan,arin.srinivasan4206@gmail.com,+912633653847,12.976456,77.543696,Bengaluru,Rajajinagar,2023-03-14
U04207,Dev,Dua,dev.dua4207@hotmail.com,+913425289660,13.033858,77.587696,Bengaluru,Hebbal,2021-11-28
U04208,Tanveer,Bhattacharyya,tanveer.bhattacharyya4208@yahoo.com,+915573824079,12.933892,77.583091,Bengaluru,Basavanagudi,2021-11-15
U04209,Mitali,Purohit,mitali.purohit4209@yahoo.com,+919988550592,12.885391,77.614441,Bengaluru,Bommanahalli,2023-11-04
U04210,Ayushman,Barad,ayushman.barad4210@yahoo.com,+917067910428,13.022797,77.69075,Bengaluru,KR Puram,2022-05-21
U04211,Widisha,Sankaran,widisha.sankaran4211@hotmail.com,+912162823088,13.005795,77.567132,Bengaluru,Rajajinagar,2022-02-15
U04212,Udyati,Sachar,udyati.sachar4212@yahoo.com,+915988714219,12.98821,77.702028,Bengaluru,KR Puram,2023-01-21
U04213,Parth,Arya,parth.arya4213@hotmail.com,+916660458945,12.898179,77.5941,Bengaluru,JP Nagar,2022-06-20
U04214,Chaitanya,Bhatnagar,chaitanya.bhatnagar4214@yahoo.com,+917884715415,12.97016,77.699035,Bengaluru,Marathahalli,2023-01-19
U04215,Avni,Manda,avni.manda4215@outlook.com,+913453045335,12.97547,77.625071,Bengaluru,MG Road,2021-06-24
U04216,Varenya,Jain,varenya.jain4216@hotmail.com,+916256265859,13.09764,77.591564,Bengaluru,Yelahanka,2021-10-29
U04217,Amara,Bajwa,amara.bajwa4217@outlook.com,+910810857880,12.953705,77.580566,Bengaluru,Basavanagudi,2023-03-16
U04218,Anita,Guha,anita.guha4218@yahoo.com,+911996176443,12.928192,77.639239,Bengaluru,Koramangala,2022-07-18
U04219,Wahab,Sem,wahab.sem4219@outlook.com,+912448987749,12.934609,77.582726,Bengaluru,Jayanagar,2024-02-22
U04220,Aarav,Basu,aarav.basu4220@outlook.com,+916781446494,12.971049,77.629913,Bengaluru,Domlur,2021-04-28
U04221,Radhika,Suresh,radhika.suresh4221@yahoo.com,+918591061534,12.952768,77.716144,Bengaluru,Brookefield,2022-06-22
U04222,Vincent,Batta,vincent.batta4222@hotmail.com,+912881079108,12.949455,77.693925,Bengaluru,Marathahalli,2021-08-01
U04223,Bhavini,Patla,bhavini.patla4223@yahoo.com,+911794652256,12.937279,77.675809,Bengaluru,Bellandur,2022-09-12
U04224,Gaurang,Pillai,gaurang.pillai4224@yahoo.com,+915305132708,12.930559,77.569945,Bengaluru,Basavanagudi,2021-01-07
U04225,Tanmayi,Sodhi,tanmayi.sodhi4225@outlook.com,+916223088615,12.9374,77.54048,Bengaluru,Banashankari,2023-04-01
U04226,Nihal,Prakash,nihal.prakash4226@yahoo.com,+910713339597,12.87761,77.696787,Bengaluru,Sarjapur,2022-11-10
U04227,Kamya,Zachariah,kamya.zachariah4227@outlook.com,+919659314917,12.976812,77.545789,Bengaluru,Rajajinagar,2023-07-19
U04228,Madhav,Nagi,madhav.nagi4228@hotmail.com,+910936024201,12.977027,77.635695,Bengaluru,Indiranagar,2022-07-29
U04229,Idika,Ray,idika.ray4229@yahoo.com,+916236406386,12.914943,77.645201,Bengaluru,HSR Layout,2022-10-15
U04230,Owen,Ratti,owen.ratti4230@hotmail.com,+917076703100,12.91386,77.625182,Bengaluru,BTM Layout,2022-09-05
U04231,Kashish,Sibal,kashish.sibal4231@yahoo.com,+917613867293,12.890347,77.604954,Bengaluru,Bommanahalli,2023-10-01
U04232,Idika,Master,idika.master4232@yahoo.com,+918655812848,12.960196,77.72156,Bengaluru,Brookefield,2023-01-04
U04233,Manbir,Talwar,manbir.talwar4233@outlook.com,+913530678738,12.99879,77.688589,Bengaluru,KR Puram,2023-06-05
U04234,Nikita,Parsa,nikita.parsa4234@hotmail.com,+914294641171,12.824519,77.659852,Bengaluru,Electronic City,2022-02-15
U04235,Rachana,Chadha,rachana.chadha4235@yahoo.com,+918582592982,12.961547,77.69899,Bengaluru,Marathahalli,2021-04-25
U04236,Zehaan,Devan,zehaan.devan4236@gmail.com,+911823329419,12.847635,77.673671,Bengaluru,Sarjapur,2023-05-30
U04237,Gaurangi,Parmer,gaurangi.parmer4237@gmail.com,+918518157750,12.942823,77.687497,Bengaluru,Bellandur,2023-09-07
U04238,Unnati,Seshadri,unnati.seshadri4238@outlook.com,+917831269223,12.910807,77.679662,Bengaluru,Bellandur,2021-01-14
U04239,Nitesh,Basak,nitesh.basak4239@hotmail.com,+919363178680,13.00159,77.597745,Bengaluru,Shivajinagar,2021-09-25
U04240,Hemal,Toor,hemal.toor4240@yahoo.com,+919005223892,12.966538,77.655944,Bengaluru,Domlur,2022-03-13
U04241,Maanav,Om,maanav.om4241@yahoo.com,+916374762661,12.824525,77.694752,Bengaluru,Electronic City,2023-02-02
U04242,Nathaniel,Dewan,nathaniel.dewan4242@hotmail.com,+918737116174,12.854189,77.670198,Bengaluru,Sarjapur,2021-04-08
U04243,Samesh,Randhawa,samesh.randhawa4243@yahoo.com,+910087803240,12.960578,77.756804,Bengaluru,Whitefield,2023-07-06
U04244,Finn,Saini,finn.saini4244@hotmail.com,+916283475480,13.020792,77.707171,Bengaluru,KR Puram,2021-08-12
U04245,Isaac,Thaker,isaac.thaker4245@yahoo.com,+914672608860,12.94779,77.641925,Bengaluru,Koramangala,2021-07-08
U04246,Benjamin,Venkatesh,benjamin.venkatesh4246@yahoo.com,+913897089520,12.923664,77.621807,Bengaluru,HSR Layout,2022-01-05
U04247,Hemang,Agrawal,hemang.agrawal4247@gmail.com,+914900187109,12.972229,77.716866,Bengaluru,Brookefield,2021-08-25
U04248,Aachal,Gala,aachal.gala4248@hotmail.com,+911818283103,12.958339,77.746973,Bengaluru,Whitefield,2023-03-27
U04249,Utkarsh,Natt,utkarsh.natt4249@gmail.com,+913574123157,12.972436,77.753389,Bengaluru,Whitefield,2021-01-29
U04250,Vrinda,Dada,vrinda.dada4250@gmail.com,+919287291310,13.017835,77.587146,Bengaluru,Hebbal,2021-06-03
U04251,Eshana,Prakash,eshana.prakash4251@gmail.com,+914086309364,12.972827,77.6932,Bengaluru,Marathahalli,2024-01-18
U04252,Megha,Virk,megha.virk4252@outlook.com,+919344078858,12.998348,77.70545,Bengaluru,KR Puram,2023-05-28
U04253,Maya,Kanda,maya.kanda4253@yahoo.com,+919293198263,13.106576,77.603353,Bengaluru,Yelahanka,2021-09-02
U04254,Indali,Reddy,indali.reddy4254@outlook.com,+911236166033,12.967202,77.644376,Bengaluru,Indiranagar,2021-01-11
U04255,Hitesh,Kara,hitesh.kara4255@gmail.com,+918861565312,12.975817,77.695634,Bengaluru,Marathahalli,2022-10-03
U04256,Sudiksha,Dugal,sudiksha.dugal4256@hotmail.com,+910144169930,12.909247,77.604017,Bengaluru,BTM Layout,2022-11-27
U04257,Raghav,Acharya,raghav.acharya4257@yahoo.com,+912127509244,13.045245,77.604133,Bengaluru,Hebbal,2022-02-11
U04258,Yamini,Chokshi,yamini.chokshi4258@yahoo.com,+912277015590,12.861371,77.693188,Bengaluru,Sarjapur,2023-09-18
U04259,Warhi,Dhawan,warhi.dhawan4259@hotmail.com,+911308167720,12.984926,77.629981,Bengaluru,Indiranagar,2023-05-18
U04260,Ekbal,Mohan,ekbal.mohan4260@outlook.com,+912716729691,12.896618,77.62323,Bengaluru,Bommanahalli,2024-03-28
U04261,Wyatt,Ravi,wyatt.ravi4261@outlook.com,+919349230679,12.968465,77.681146,Bengaluru,Marathahalli,2022-03-05
U04262,Chavvi,Kadakia,chavvi.kadakia4262@yahoo.com,+916719884661,12.836883,77.675307,Bengaluru,Electronic City,2021-05-12
U04263,Gopal,Halder,gopal.halder4263@hotmail.com,+918918378952,12.949795,77.700086,Bengaluru,Marathahalli,2021-11-03
U04264,Arjun,Babu,arjun.babu4264@outlook.com,+915252416166,12.934688,77.561607,Bengaluru,Basavanagudi,2022-06-01
U04265,Azaan,Merchant,azaan.merchant4265@yahoo.com,+915174518481,12.962048,77.504534,Bengaluru,Nagarbhavi,2024-03-12
U04266,Jai,Johal,jai.johal4266@hotmail.com,+913344168378,12.946377,77.703646,Bengaluru,Marathahalli,2023-08-07
U04267,Quincy,Bora,quincy.bora4267@outlook.com,+919527971320,12.961335,77.700128,Bengaluru,Brookefield,2022-08-12
U04268,Ekalinga,Kulkarni,ekalinga.kulkarni4268@yahoo.com,+910337336191,12.994279,77.678951,Bengaluru,KR Puram,2021-08-17
U04269,Sneha,Dani,sneha.dani4269@gmail.com,+919173398832,12.928888,77.616613,Bengaluru,BTM Layout,2023-06-01
U04270,Pahal,Parmar,pahal.parmar4270@outlook.com,+918776382530,12.996661,77.553322,Bengaluru,Malleshwaram,2021-11-12
U04271,Neha,Anne,neha.anne4271@hotmail.com,+911326843114,12.935465,77.553343,Bengaluru,Banashankari,2021-01-02
U04272,Charita,Oza,charita.oza4272@hotmail.com,+914679323670,12.992623,77.602202,Bengaluru,MG Road,2021-03-30
U04273,Lipika,Prasad,lipika.prasad4273@gmail.com,+915151349072,13.019083,77.583953,Bengaluru,Malleshwaram,2021-02-08
U04274,Sathvik,Modi,sathvik.modi4274@gmail.com,+916906153399,12.876161,77.681269,Bengaluru,Sarjapur,2022-09-29
U04275,Priya,Sridhar,priya.sridhar4275@gmail.com,+912533971902,12.956971,77.563735,Bengaluru,Basavanagudi,2023-07-22
U04276,Benjamin,Swamy,benjamin.swamy4276@yahoo.com,+913484600603,12.910893,77.629613,Bengaluru,Bommanahalli,2022-02-17
U04277,Azad,Tata,azad.tata4277@hotmail.com,+918649992792,12.94547,77.606845,Bengaluru,Koramangala,2022-04-05
U04278,Ekaja,Panchal,ekaja.panchal4278@gmail.com,+915609189442,12.912443,77.676328,Bengaluru,Bellandur,2023-10-22
U04279,Azaan,Kumer,azaan.kumer4279@outlook.com,+915291930567,12.931451,77.611456,Bengaluru,Koramangala,2023-02-26
U04280,Urvashi,Rajagopal,urvashi.rajagopal4280@hotmail.com,+916789044220,12.99896,77.685794,Bengaluru,KR Puram,2021-12-28
U04281,Guneet,Sami,guneet.sami4281@outlook.com,+911903317180,12.97338,77.616023,Bengaluru,MG Road,2023-11-16
U04282,Indali,Swaminathan,indali.swaminathan4282@gmail.com,+914546533991,12.929969,77.605174,Bengaluru,BTM Layout,2023-05-30
U04283,Avi,Rai,avi.rai4283@yahoo.com,+910251173537,12.925583,77.587158,Bengaluru,Basavanagudi,2021-08-12
U04284,Balvan,Sura,balvan.sura4284@gmail.com,+914920855545,12.940548,77.557586,Bengaluru,Banashankari,2022-01-13
U04285,Gabriel,Soman,gabriel.soman4285@gmail.com,+917543870983,12.970618,77.612289,Bengaluru,MG Road,2021-04-01
U04286,Zayyan,Chanda,zayyan.chanda4286@gmail.com,+919373803383,12.927327,77.534396,Bengaluru,Banashankari,2021-02-13
U04287,Fitan,Korpal,fitan.korpal4287@hotmail.com,+910332253049,12.91206,77.535977,Bengaluru,Banashankari,2024-03-05
U04288,Girindra,Sha,girindra.sha4288@gmail.com,+915823086064,12.894844,77.640049,Bengaluru,HSR Layout,2022-08-15
U04289,Ladli,Nazareth,ladli.nazareth4289@hotmail.com,+915947214127,12.886422,77.583004,Bengaluru,Bannerghatta Road,2021-10-24
U04290,Wyatt,Singh,wyatt.singh4290@yahoo.com,+915728655902,12.948974,77.635699,Bengaluru,Koramangala,2024-03-04
U04291,Bakhshi,Naidu,bakhshi.naidu4291@hotmail.com,+916858084891,13.043203,77.593292,Bengaluru,Hebbal,2021-08-24
U04292,Dayita,Seth,dayita.seth4292@hotmail.com,+915518814313,12.94081,77.560587,Bengaluru,Banashankari,2022-07-01
U04293,Tarak,Roy,tarak.roy4293@gmail.com,+917107305554,12.946743,77.699142,Bengaluru,Marathahalli,2021-06-08
U04294,Girish,Anne,girish.anne4294@yahoo.com,+918171464213,12.986004,77.763434,Bengaluru,Whitefield,2024-04-07
U04295,Kabir,Bala,kabir.bala4295@outlook.com,+918882270734,12.974028,77.612577,Bengaluru,MG Road,2022-12-20
U04296,Yashawini,Saxena,yashawini.saxena4296@hotmail.com,+912203908767,12.932955,77.600248,Bengaluru,BTM Layout,2021-11-16
U04297,Ekapad,Thakkar,ekapad.thakkar4297@outlook.com,+911792280351,12.925716,77.575361,Bengaluru,JP Nagar,2024-04-13
U04298,Pratyush,Sheth,pratyush.sheth4298@yahoo.com,+917574096168,12.920518,77.677186,Bengaluru,Bellandur,2022-08-01
U04299,Anvi,Rama,anvi.rama4299@hotmail.com,+916434682072,12.931317,77.572554,Bengaluru,Basavanagudi,2023-02-03
U04300,Chanakya,Kulkarni,chanakya.kulkarni4300@outlook.com,+918456860042,12.988243,77.55924,Bengaluru,Malleshwaram,2023-05-31
U04301,Jacob,Varughese,jacob.varughese4301@hotmail.com,+913370880404,13.027098,77.599308,Bengaluru,Hebbal,2021-07-05
U04302,Vritti,Ghosh,vritti.ghosh4302@hotmail.com,+913632420366,12.986778,77.52007,Bengaluru,Nagarbhavi,2023-09-12
U04303,Siya,Memon,siya.memon4303@gmail.com,+916576285777,13.02185,77.597717,Bengaluru,Hebbal,2021-05-21
U04304,Nicholas,Baral,nicholas.baral4304@gmail.com,+914164271657,12.88565,77.63197,Bengaluru,Bommanahalli,2022-03-28
U04305,Bina,Narula,bina.narula4305@outlook.com,+913827859683,12.915728,77.643673,Bengaluru,HSR Layout,2022-08-24
U04306,Pooja,Choudhary,pooja.choudhary4306@yahoo.com,+916810149820,12.926506,77.630852,Bengaluru,HSR Layout,2023-10-12
U04307,Mohammed,Bose,mohammed.bose4307@hotmail.com,+919565185166,12.919336,77.588399,Bengaluru,Jayanagar,2023-12-18
U04308,Rushil,Subramaniam,rushil.subramaniam4308@yahoo.com,+915439417052,12.99404,77.685591,Bengaluru,KR Puram,2023-01-09
U04309,Vedika,Krish,vedika.krish4309@gmail.com,+916821243209,12.861221,77.696358,Bengaluru,Sarjapur,2022-07-07
U04310,Abdul,Ram,abdul.ram4310@hotmail.com,+918802227869,12.943543,77.71385,Bengaluru,Marathahalli,2022-03-20
U04311,Patrick,Puri,patrick.puri4311@gmail.com,+913191026542,12.918151,77.571578,Bengaluru,Jayanagar,2021-03-26
U04312,Caleb,Mittal,caleb.mittal4312@hotmail.com,+916472953938,12.904551,77.638743,Bengaluru,HSR Layout,2021-08-01
U04313,Qadim,Kapoor,qadim.kapoor4313@hotmail.com,+910088791742,12.969443,77.704111,Bengaluru,Brookefield,2022-08-08
U04314,Harini,Tak,harini.tak4314@outlook.com,+913638031062,12.934091,77.612957,Bengaluru,Koramangala,2023-02-08
U04315,Veer,Saxena,veer.saxena4315@gmail.com,+919662290634,12.901486,77.645803,Bengaluru,HSR Layout,2024-03-08
U04316,Jack,Chaudhuri,jack.chaudhuri4316@yahoo.com,+913527764264,12.970653,77.487209,Bengaluru,Nagarbhavi,2023-04-03
U04317,Nitesh,Dewan,nitesh.dewan4317@gmail.com,+911329753357,12.974728,77.494143,Bengaluru,Nagarbhavi,2023-06-22
U04318,Kevin,Bajwa,kevin.bajwa4318@gmail.com,+910844068443,12.92301,77.62215,Bengaluru,BTM Layout,2023-02-06
U04319,Raksha,Taneja,raksha.taneja4319@yahoo.com,+915851299065,12.988273,77.569745,Bengaluru,Malleshwaram,2024-01-09
U04320,Jeevika,Sani,jeevika.sani4320@outlook.com,+919288660956,12.96198,77.634842,Bengaluru,Indiranagar,2024-02-14
U04321,Ansh,Vohra,ansh.vohra4321@yahoo.com,+919956663724,12.902463,77.598758,Bengaluru,JP Nagar,2022-08-15
U04322,Jyoti,Cherian,jyoti.cherian4322@outlook.com,+910376650783,12.975679,77.681121,Bengaluru,Marathahalli,2023-10-22
U04323,Omya,Som,omya.som4323@yahoo.com,+913483037125,12.997971,77.685285,Bengaluru,KR Puram,2023-12-05
U04324,Bahadurjit,Mallick,bahadurjit.mallick4324@outlook.com,+913137420282,12.898633,77.62763,Bengaluru,Bommanahalli,2022-08-26
U04325,Rajata,Sami,rajata.sami4325@gmail.com,+918438321321,12.846286,77.691149,Bengaluru,Sarjapur,2023-11-17
U04326,Ekalinga,Bhattacharyya,ekalinga.bhattacharyya4326@gmail.com,+917527896288,12.964557,77.700132,Bengaluru,Marathahalli,2021-02-16
U04327,Gagan,Lall,gagan.lall4327@gmail.com,+918968594217,12.856778,77.677199,Bengaluru,Electronic City,2022-11-25
U04328,Ishita,Soman,ishita.soman4328@gmail.com,+912135912923,12.914343,77.606637,Bengaluru,Bommanahalli,2023-11-15
U04329,Nandini,Tripathi,nandini.tripathi4329@outlook.com,+916956171823,12.982358,77.748448,Bengaluru,Whitefield,2023-04-16
U04330,Yagnesh,Devan,yagnesh.devan4330@yahoo.com,+919741397317,12.907638,77.584905,Bengaluru,JP Nagar,2023-08-24
U04331,Jai,Bajwa,jai.bajwa4331@hotmail.com,+914904858452,12.907868,77.544822,Bengaluru,Banashankari,2021-08-09
U04332,Neel,Chadha,neel.chadha4332@outlook.com,+913540062174,12.954316,77.75416,Bengaluru,Whitefield,2022-07-21
U04333,Rachit,Hegde,rachit.hegde4333@gmail.com,+910760456501,12.972518,77.521579,Bengaluru,Nagarbhavi,2023-03-03
U04334,Sanaya,Prakash,sanaya.prakash4334@outlook.com,+913196847081,12.933433,77.58948,Bengaluru,Basavanagudi,2023-08-25
U04335,Adya,Sridhar,adya.sridhar4335@yahoo.com,+917838526353,12.932319,77.670284,Bengaluru,Bellandur,2022-03-23
U04336,Ekalinga,Goyal,ekalinga.goyal4336@outlook.com,+919931730901,12.902206,77.595396,Bengaluru,JP Nagar,2024-01-17
U04337,Odika,D’Alia,odika.d’alia4337@yahoo.com,+916800369155,12.900971,77.627699,Bengaluru,Bommanahalli,2022-09-11
U04338,Balveer,Kata,balveer.kata4338@gmail.com,+916761518193,12.937149,77.685468,Bengaluru,Bellandur,2021-11-19
U04339,Samaksh,Din,samaksh.din4339@yahoo.com,+917465913163,12.944311,77.681098,Bengaluru,Marathahalli,2022-05-28
U04340,Charita,Deol,charita.deol4340@hotmail.com,+914980924898,12.873989,77.675012,Bengaluru,Sarjapur,2021-05-31
U04341,Mahika,Apte,mahika.apte4341@outlook.com,+917499894738,13.005484,77.568088,Bengaluru,Rajajinagar,2022-12-27
U04342,Kamya,Bhasin,kamya.bhasin4342@outlook.com,+914408699197,12.845565,77.696301,Bengaluru,Sarjapur,2022-09-16
U04343,Yashvi,Arora,yashvi.arora4343@outlook.com,+915677942049,13.048674,77.610947,Bengaluru,Hebbal,2023-01-22
U04344,Isaiah,Vohra,isaiah.vohra4344@outlook.com,+914444056555,12.938254,77.642358,Bengaluru,Koramangala,2024-03-22
U04345,Amaira,Wali,amaira.wali4345@gmail.com,+911823130078,12.955811,77.504757,Bengaluru,Nagarbhavi,2023-10-04
U04346,Aditya,Mitter,aditya.mitter4346@yahoo.com,+917870226854,12.978363,77.745036,Bengaluru,Whitefield,2023-09-26
U04347,Laksh,Nagarajan,laksh.nagarajan4347@yahoo.com,+914890262181,12.992718,77.640255,Bengaluru,Indiranagar,2022-04-10
U04348,Yagnesh,Srinivasan,yagnesh.srinivasan4348@outlook.com,+917786538636,12.985573,77.623022,Bengaluru,MG Road,2021-02-26
U04349,Tanay,Gulati,tanay.gulati4349@outlook.com,+919671608906,12.833171,77.682943,Bengaluru,Electronic City,2022-07-08
U04350,Vaishnavi,Sridhar,vaishnavi.sridhar4350@outlook.com,+912131550902,12.924741,77.684434,Bengaluru,Bellandur,2021-10-20
U04351,Varenya,Kala,varenya.kala4351@outlook.com,+914916842604,12.925843,77.592116,Bengaluru,BTM Layout,2021-01-08
U04352,Hardik,Gera,hardik.gera4352@hotmail.com,+913365989643,12.936329,77.628681,Bengaluru,Koramangala,2023-01-03
U04353,Lipika,Bobal,lipika.bobal4353@gmail.com,+917936354704,12.895718,77.594989,Bengaluru,JP Nagar,2021-05-21
U04354,Madhav,Datta,madhav.datta4354@yahoo.com,+912382664621,12.979223,77.637468,Bengaluru,Indiranagar,2023-11-07
U04355,Yashvi,Dhillon,yashvi.dhillon4355@outlook.com,+915078490296,12.91209,77.586225,Bengaluru,JP Nagar,2022-06-23
U04356,Ekansh,Sridhar,ekansh.sridhar4356@hotmail.com,+912143002830,13.00695,77.567002,Bengaluru,Malleshwaram,2021-06-15
U04357,Yochana,Bora,yochana.bora4357@hotmail.com,+913812775843,12.947219,77.579643,Bengaluru,Basavanagudi,2021-12-06
U04358,Nitesh,Koshy,nitesh.koshy4358@yahoo.com,+911413699879,12.950541,77.625241,Bengaluru,Koramangala,2022-07-12
U04359,Odika,Pathak,odika.pathak4359@outlook.com,+914373816747,12.940901,77.619541,Bengaluru,Koramangala,2023-05-23
U04360,Umang,Lala,umang.lala4360@hotmail.com,+915514612446,12.970625,77.700761,Bengaluru,Brookefield,2024-01-14
U04361,Niharika,Bhasin,niharika.bhasin4361@hotmail.com,+912161352642,13.003235,77.567935,Bengaluru,Malleshwaram,2024-01-26
U04362,Rachana,Basak,rachana.basak4362@outlook.com,+913974808770,13.007178,77.561691,Bengaluru,Malleshwaram,2022-02-15
U04363,Ekani,Rana,ekani.rana4363@outlook.com,+914517929687,12.879785,77.622966,Bengaluru,Bommanahalli,2022-04-06
U04364,Ayaan,Hans,ayaan.hans4364@outlook.com,+913766277286,13.043664,77.599364,Bengaluru,Hebbal,2022-06-15
U04365,Kashvi,Raman,kashvi.raman4365@yahoo.com,+912349268132,12.856306,77.685032,Bengaluru,Electronic City,2021-10-28
U04366,Shivani,Kar,shivani.kar4366@yahoo.com,+914526562840,12.899018,77.568432,Bengaluru,JP Nagar,2021-10-19
U04367,Joshua,Srinivas,joshua.srinivas4367@outlook.com,+914946595930,12.863431,77.684029,Bengaluru,Sarjapur,2023-09-26
U04368,Yashodhara,Ray,yashodhara.ray4368@outlook.com,+918713811184,12.976084,77.654708,Bengaluru,Indiranagar,2024-02-22
U04369,Nakul,Khurana,nakul.khurana4369@yahoo.com,+913655081534,12.940627,77.682301,Bengaluru,Bellandur,2022-02-08
U04370,Bhavna,Tank,bhavna.tank4370@hotmail.com,+912507393183,12.959338,77.757941,Bengaluru,Whitefield,2023-06-26
U04371,Falan,Sant,falan.sant4371@outlook.com,+912387070336,13.09411,77.581732,Bengaluru,Yelahanka,2023-05-16
U04372,Azaan,Sahni,azaan.sahni4372@outlook.com,+914728650188,12.974449,77.588856,Bengaluru,Shivajinagar,2024-03-21
U04373,Dominic,Chad,dominic.chad4373@outlook.com,+915255362280,12.973738,77.551314,Bengaluru,Rajajinagar,2022-07-05
U04374,Madhav,Baral,madhav.baral4374@gmail.com,+911058725429,12.976429,77.596138,Bengaluru,Shivajinagar,2022-06-15
U04375,Kala,Mall,kala.mall4375@yahoo.com,+918926562319,12.988028,77.656333,Bengaluru,Indiranagar,2022-04-02
U04376,Maya,Mand,maya.mand4376@gmail.com,+915041215068,12.919583,77.597606,Bengaluru,BTM Layout,2021-05-17
U04377,Ucchal,Om,ucchal.om4377@yahoo.com,+914951294226,12.848676,77.679196,Bengaluru,Electronic City,2021-07-24
U04378,Chavvi,Wason,chavvi.wason4378@gmail.com,+918626405928,13.110384,77.602963,Bengaluru,Yelahanka,2024-04-01
U04379,Eta,Morar,eta.morar4379@gmail.com,+913488271846,12.904544,77.576468,Bengaluru,JP Nagar,2024-03-02
U04380,Upma,Vaidya,upma.vaidya4380@yahoo.com,+912974401216,12.957906,77.726866,Bengaluru,Brookefield,2023-07-02
U04381,Vinaya,Raju,vinaya.raju4381@hotmail.com,+915898840694,12.893951,77.635209,Bengaluru,HSR Layout,2022-12-03
U04382,Laksh,Singh,laksh.singh4382@gmail.com,+914105970881,12.938791,77.568475,Bengaluru,Jayanagar,2022-04-06
U04383,Geetika,Chand,geetika.chand4383@hotmail.com,+914527610650,12.897665,77.59818,Bengaluru,JP Nagar,2022-01-15
U04384,Vrishti,Oommen,vrishti.oommen4384@gmail.com,+918839934472,13.005635,77.681285,Bengaluru,KR Puram,2021-01-05
U04385,Zansi,Bhatnagar,zansi.bhatnagar4385@yahoo.com,+913536438610,12.992743,77.622462,Bengaluru,MG Road,2022-02-11
U04386,Zayan,Loyal,zayan.loyal4386@yahoo.com,+916483684371,12.887213,77.63612,Bengaluru,Bommanahalli,2022-10-29
U04387,Anika,Mani,anika.mani4387@gmail.com,+919451055177,12.893927,77.602231,Bengaluru,Bommanahalli,2021-09-16
U04388,Yochana,Kari,yochana.kari4388@outlook.com,+915251565618,12.971818,77.722475,Bengaluru,Brookefield,2023-10-03
U04389,Dhriti,Naik,dhriti.naik4389@gmail.com,+917336733391,12.918385,77.601418,Bengaluru,Jayanagar,2021-01-17
U04390,Wriddhish,Halder,wriddhish.halder4390@outlook.com,+912718110071,12.919166,77.594703,Bengaluru,Jayanagar,2023-02-22
U04391,Ijaya,Mohan,ijaya.mohan4391@gmail.com,+919536870288,12.896321,77.604097,Bengaluru,Bommanahalli,2023-09-15
U04392,Rehaan,Nayak,rehaan.nayak4392@hotmail.com,+917505675395,12.986303,77.600414,Bengaluru,Shivajinagar,2023-04-06
U04393,Zarna,Sabharwal,zarna.sabharwal4393@yahoo.com,+913532438457,12.93043,77.578006,Bengaluru,Jayanagar,2023-03-02
U04394,Arya,Lalla,arya.lalla4394@yahoo.com,+910395483249,12.955223,77.761703,Bengaluru,Whitefield,2023-08-24
U04395,Panini,Guha,panini.guha4395@gmail.com,+912112729394,12.920192,77.581116,Bengaluru,Jayanagar,2023-12-25
U04396,Liam,Merchant,liam.merchant4396@yahoo.com,+916028043066,12.983327,77.745676,Bengaluru,Whitefield,2023-07-08
U04397,Ranveer,Pathak,ranveer.pathak4397@hotmail.com,+918170314518,12.961774,77.519333,Bengaluru,Nagarbhavi,2023-07-23
U04398,Ekani,Jayaraman,ekani.jayaraman4398@hotmail.com,+919671325629,12.961115,77.698054,Bengaluru,Brookefield,2023-09-11
U04399,Turvi,Venkatesh,turvi.venkatesh4399@yahoo.com,+917106039492,12.937765,77.586911,Bengaluru,Jayanagar,2022-05-07
U04400,Oscar,Dalal,oscar.dalal4400@gmail.com,+910732099807,12.992139,77.566462,Bengaluru,Rajajinagar,2023-12-03
U04401,Bishakha,Koshy,bishakha.koshy4401@outlook.com,+916061240568,12.929364,77.65643,Bengaluru,HSR Layout,2023-04-28
U04402,Samesh,Nazareth,samesh.nazareth4402@hotmail.com,+912306546396,13.031379,77.601095,Bengaluru,Hebbal,2022-09-24
U04403,Qadim,Taneja,qadim.taneja4403@hotmail.com,+915255214278,12.950811,77.628795,Bengaluru,Koramangala,2024-03-29
U04404,Kavya,Korpal,kavya.korpal4404@gmail.com,+917109728417,12.989499,77.555268,Bengaluru,Malleshwaram,2021-03-29
U04405,Manya,Sule,manya.sule4405@gmail.com,+913243800460,12.954904,77.710802,Bengaluru,Marathahalli,2022-11-26
U04406,Anika,Sharaf,anika.sharaf4406@hotmail.com,+916176704391,12.920037,77.546733,Bengaluru,Banashankari,2024-01-16
U04407,Harita,Dhingra,harita.dhingra4407@hotmail.com,+916581799489,12.931333,77.621322,Bengaluru,BTM Layout,2023-10-17
U04408,Aachal,Bora,aachal.bora4408@outlook.com,+917925314112,12.96901,77.614081,Bengaluru,MG Road,2023-12-01
U04409,Zayyan,Dash,zayyan.dash4409@outlook.com,+915867237811,12.923829,77.677494,Bengaluru,Bellandur,2024-03-26
U04410,Krisha,Ramaswamy,krisha.ramaswamy4410@gmail.com,+911840635087,12.824267,77.686166,Bengaluru,Electronic City,2022-12-07
U04411,Aarush,Bhavsar,aarush.bhavsar4411@hotmail.com,+916895355570,12.97541,77.635871,Bengaluru,Domlur,2023-11-30
U04412,Ranbir,Kumar,ranbir.kumar4412@yahoo.com,+919309367607,12.951409,77.716455,Bengaluru,Brookefield,2022-02-06
U04413,Warda,Sha,warda.sha4413@yahoo.com,+910368346916,12.973722,77.629215,Bengaluru,Domlur,2022-09-19
U04414,Aradhana,Vaidya,aradhana.vaidya4414@yahoo.com,+912096714527,12.928877,77.590146,Bengaluru,Jayanagar,2021-07-01
U04415,Osha,Issac,osha.issac4415@gmail.com,+911123634834,12.945804,77.694415,Bengaluru,Marathahalli,2022-07-21
U04416,Amaira,Behl,amaira.behl4416@hotmail.com,+914336533390,13.000527,77.555431,Bengaluru,Rajajinagar,2021-11-14
U04417,Prisha,Suri,prisha.suri4417@yahoo.com,+915146213936,13.013377,77.705666,Bengaluru,KR Puram,2023-04-01
U04418,Hritik,Soni,hritik.soni4418@outlook.com,+915563903348,12.893745,77.580141,Bengaluru,JP Nagar,2023-12-08
U04419,Rajeshri,Ram,rajeshri.ram4419@yahoo.com,+910057357379,12.927557,77.577809,Bengaluru,Jayanagar,2022-07-16
U04420,Dhriti,Dar,dhriti.dar4420@hotmail.com,+911527098238,12.976839,77.538995,Bengaluru,Rajajinagar,2022-11-21
U04421,Logan,Golla,logan.golla4421@outlook.com,+914677576018,12.933559,77.623906,Bengaluru,Koramangala,2024-02-11
U04422,Jason,Pathak,jason.pathak4422@hotmail.com,+912651505893,12.977657,77.644825,Bengaluru,Domlur,2024-02-13
U04423,Chatura,Barman,chatura.barman4423@yahoo.com,+911147766845,12.987215,77.577916,Bengaluru,Malleshwaram,2023-08-11
U04424,Ekaraj,Mall,ekaraj.mall4424@hotmail.com,+912214443874,12.936878,77.680461,Bengaluru,Bellandur,2023-08-17
U04425,Hritik,Wason,hritik.wason4425@hotmail.com,+915471299328,12.919752,77.551633,Bengaluru,Banashankari,2021-12-30
U04426,Amrita,Datta,amrita.datta4426@gmail.com,+919529247196,12.977894,77.621317,Bengaluru,MG Road,2022-09-30
U04427,Gopal,Sampath,gopal.sampath4427@hotmail.com,+914151700069,12.943233,77.610984,Bengaluru,Koramangala,2023-12-03
U04428,Samarth,Baral,samarth.baral4428@outlook.com,+910844101672,12.967302,77.492663,Bengaluru,Nagarbhavi,2022-12-11
U04429,Darpan,Anne,darpan.anne4429@yahoo.com,+916654878646,12.918804,77.593434,Bengaluru,JP Nagar,2021-07-08
U04430,Isaac,Nazareth,isaac.nazareth4430@outlook.com,+916849270562,13.005297,77.557511,Bengaluru,Rajajinagar,2023-03-03
U04431,Aradhana,Mane,aradhana.mane4431@gmail.com,+915983525789,12.901325,77.575933,Bengaluru,JP Nagar,2023-07-14
U04432,Qushi,Khosla,qushi.khosla4432@yahoo.com,+919582143086,12.931722,77.630665,Bengaluru,Koramangala,2022-11-13
U04433,Vihaan,Kannan,vihaan.kannan4433@hotmail.com,+912797925198,12.945017,77.567749,Bengaluru,Basavanagudi,2022-07-15
U04434,Amara,Pandya,amara.pandya4434@hotmail.com,+916291581474,13.001864,77.683066,Bengaluru,KR Puram,2024-02-12
U04435,Warjas,Doshi,warjas.doshi4435@outlook.com,+912751310101,13.00153,77.546879,Bengaluru,Rajajinagar,2022-08-05
U04436,Arin,Nadig,arin.nadig4436@hotmail.com,+911311356777,12.96092,77.651273,Bengaluru,Indiranagar,2022-03-25
U04437,Thomas,Garg,thomas.garg4437@yahoo.com,+910428703966,12.896225,77.654611,Bengaluru,HSR Layout,2021-09-29
U04438,Leela,Jani,leela.jani4438@yahoo.com,+915256229651,12.949512,77.69375,Bengaluru,Marathahalli,2021-02-07
U04439,Anay,Dyal,anay.dyal4439@hotmail.com,+918061591686,13.004588,77.568926,Bengaluru,Rajajinagar,2021-10-17
U04440,Gavin,Madan,gavin.madan4440@yahoo.com,+915502940628,13.086611,77.61111,Bengaluru,Yelahanka,2023-12-31
U04441,Vedika,Dash,vedika.dash4441@yahoo.com,+910425149746,12.982322,77.635694,Bengaluru,MG Road,2022-06-27
U04442,Girish,Koshy,girish.koshy4442@outlook.com,+915374952525,12.92593,77.612742,Bengaluru,BTM Layout,2022-04-17
U04443,Niharika,Kant,niharika.kant4443@hotmail.com,+917117633661,13.082962,77.596741,Bengaluru,Yelahanka,2021-01-06
U04444,Wyatt,Sharaf,wyatt.sharaf4444@gmail.com,+919472841295,12.966529,77.623035,Bengaluru,Domlur,2022-11-20
U04445,Noah,Ghose,noah.ghose4445@yahoo.com,+910198363760,12.856447,77.697321,Bengaluru,Sarjapur,2021-02-10
U04446,Thomas,Mammen,thomas.mammen4446@outlook.com,+911609117949,12.972573,77.644294,Bengaluru,Indiranagar,2022-12-20
U04447,Hredhaan,Aggarwal,hredhaan.aggarwal4447@yahoo.com,+918715955471,12.860925,77.596451,Bengaluru,Bannerghatta Road,2021-11-21
U04448,William,Morar,william.morar4448@hotmail.com,+911978811090,12.919953,77.539682,Bengaluru,Banashankari,2021-04-11
U04449,Radhika,Raju,radhika.raju4449@outlook.com,+913706197872,12.900125,77.628415,Bengaluru,Bommanahalli,2022-02-16
U04450,Sanaya,Kala,sanaya.kala4450@hotmail.com,+917793367611,12.967799,77.643897,Bengaluru,Domlur,2022-08-13
U04451,Vincent,Chaudhry,vincent.chaudhry4451@gmail.com,+917667157187,13.004995,77.701548,Bengaluru,KR Puram,2023-04-15
U04452,Finn,Rege,finn.rege4452@gmail.com,+918837587545,12.972033,77.737009,Bengaluru,Whitefield,2023-06-24
U04453,Sachi,Savant,sachi.savant4453@gmail.com,+912793467488,13.004491,77.586064,Bengaluru,Shivajinagar,2021-11-20
U04454,Mason,Rajagopalan,mason.rajagopalan4454@gmail.com,+916362137969,12.976335,77.556356,Bengaluru,Rajajinagar,2022-01-20
U04455,Lajita,Bajaj,lajita.bajaj4455@hotmail.com,+915556369347,12.930583,77.595583,Bengaluru,BTM Layout,2022-02-11
U04456,Anita,Jha,anita.jha4456@outlook.com,+910333670261,12.913711,77.625167,Bengaluru,Bommanahalli,2022-05-28
U04457,Vyanjana,Sarkar,vyanjana.sarkar4457@hotmail.com,+910352331907,12.885775,77.631732,Bengaluru,Bommanahalli,2021-05-20
U04458,Hema,Nagy,hema.nagy4458@gmail.com,+910338948037,12.88471,77.622188,Bengaluru,Bommanahalli,2021-08-28
U04459,Ansh,Tata,ansh.tata4459@gmail.com,+919622608195,12.913043,77.592302,Bengaluru,BTM Layout,2021-08-25
U04460,Yashica,Rama,yashica.rama4460@outlook.com,+918676674951,12.903825,77.622124,Bengaluru,Bommanahalli,2021-08-10
U04461,Riya,Jha,riya.jha4461@outlook.com,+912732377683,12.908352,77.613964,Bengaluru,BTM Layout,2024-01-01
U04462,Kashish,Dhawan,kashish.dhawan4462@hotmail.com,+911946110650,12.914578,77.584542,Bengaluru,JP Nagar,2021-12-19
U04463,Faras,Purohit,faras.purohit4463@yahoo.com,+917269677456,12.970751,77.714251,Bengaluru,Brookefield,2022-12-17
U04464,Om,Raval,om.raval4464@hotmail.com,+913356348379,12.996455,77.573688,Bengaluru,Rajajinagar,2021-01-06
U04465,Sarthak,Kamdar,sarthak.kamdar4465@hotmail.com,+911745033571,12.866832,77.585901,Bengaluru,Bannerghatta Road,2023-07-16
U04466,Dipta,Pandit,dipta.pandit4466@hotmail.com,+919164622056,12.9419,77.534124,Bengaluru,Banashankari,2023-02-12
U04467,Nidhi,Mahal,nidhi.mahal4467@gmail.com,+917523039311,12.957316,77.508855,Bengaluru,Nagarbhavi,2022-03-29
U04468,Yuvraj,Mannan,yuvraj.mannan4468@outlook.com,+911795825222,12.922439,77.635584,Bengaluru,Koramangala,2022-02-11
U04469,Vihaan,Raghavan,vihaan.raghavan4469@gmail.com,+914002520743,12.975067,77.489406,Bengaluru,Nagarbhavi,2023-12-31
U04470,Upasna,Bajwa,upasna.bajwa4470@gmail.com,+916842563799,12.863683,77.587375,Bengaluru,Bannerghatta Road,2023-10-30
U04471,Yagnesh,Bhattacharyya,yagnesh.bhattacharyya4471@yahoo.com,+918052850965,13.044813,77.614716,Bengaluru,Hebbal,2024-01-09
U04472,Sneha,Bains,sneha.bains4472@gmail.com,+914723238877,12.944022,77.568178,Bengaluru,Basavanagudi,2021-09-15
U04473,Lopa,Pai,lopa.pai4473@gmail.com,+918213255170,13.117215,77.614155,Bengaluru,Yelahanka,2023-03-17
U04474,Jagvi,Raj,jagvi.raj4474@yahoo.com,+916493780850,13.004229,77.587393,Bengaluru,Shivajinagar,2021-05-16
U04475,Anmol,Swaminathan,anmol.swaminathan4475@gmail.com,+919415722196,12.929244,77.530673,Bengaluru,Banashankari,2023-12-22
U04476,Rajata,Sehgal,rajata.sehgal4476@gmail.com,+912102518582,12.964598,77.621769,Bengaluru,MG Road,2021-01-22
U04477,Panini,Chakraborty,panini.chakraborty4477@gmail.com,+915846784272,12.88569,77.594753,Bengaluru,Bannerghatta Road,2024-02-06
U04478,Rajeshri,Kumer,rajeshri.kumer4478@yahoo.com,+910753208159,12.916364,77.643944,Bengaluru,HSR Layout,2022-12-02
U04479,Ijaya,Karnik,ijaya.karnik4479@gmail.com,+913357465365,12.963919,77.686881,Bengaluru,Marathahalli,2021-09-01
U04480,Amruta,Peri,amruta.peri4480@yahoo.com,+910504580470,12.915287,77.590925,Bengaluru,JP Nagar,2024-03-14
U04481,Abha,Srinivas,abha.srinivas4481@yahoo.com,+915997559512,12.974542,77.602475,Bengaluru,Shivajinagar,2021-04-09
U04482,Nakul,Ganguly,nakul.ganguly4482@hotmail.com,+918202542003,12.921472,77.652725,Bengaluru,HSR Layout,2024-04-07
U04483,Theodore,Varughese,theodore.varughese4483@gmail.com,+915616413184,12.905847,77.638735,Bengaluru,HSR Layout,2021-06-27
U04484,Rohan,Bansal,rohan.bansal4484@yahoo.com,+912142778108,12.867458,77.669912,Bengaluru,Sarjapur,2023-11-06
U04485,Lakshmi,Patla,lakshmi.patla4485@outlook.com,+915168310846,12.854763,77.678435,Bengaluru,Electronic City,2021-10-24
U04486,Chanakya,Karnik,chanakya.karnik4486@yahoo.com,+912454541913,12.998858,77.559258,Bengaluru,Malleshwaram,2022-01-31
U04487,Gautam,Dutt,gautam.dutt4487@outlook.com,+912726183284,13.000384,77.551298,Bengaluru,Rajajinagar,2022-01-13
U04488,George,Bedi,george.bedi4488@yahoo.com,+919985101771,12.873265,77.609367,Bengaluru,Bannerghatta Road,2022-12-27
U04489,Zashil,Buch,zashil.buch4489@hotmail.com,+917937218773,12.961816,77.74803,Bengaluru,Whitefield,2022-10-07
U04490,Aadhya,Sethi,aadhya.sethi4490@outlook.com,+916466960174,13.007296,77.574345,Bengaluru,Malleshwaram,2022-04-04
U04491,Manthan,Memon,manthan.memon4491@hotmail.com,+912346297915,12.937569,77.63623,Bengaluru,Koramangala,2022-01-11
U04492,Lucky,Sarin,lucky.sarin4492@gmail.com,+917788600939,12.977377,77.74135,Bengaluru,Whitefield,2021-06-03
U04493,Arya,Grewal,arya.grewal4493@hotmail.com,+910649544169,12.916199,77.625319,Bengaluru,HSR Layout,2021-08-04
U04494,Veer,Rout,veer.rout4494@gmail.com,+919042140801,12.919032,77.572456,Bengaluru,JP Nagar,2021-10-02
U04495,Devika,Ganesan,devika.ganesan4495@yahoo.com,+913612813274,13.029005,77.597508,Bengaluru,Hebbal,2023-12-12
U04496,Ekalinga,Kata,ekalinga.kata4496@hotmail.com,+910463747534,12.964338,77.730508,Bengaluru,Brookefield,2022-03-23
U04497,George,Ben,george.ben4497@hotmail.com,+915401503539,12.994281,77.694454,Bengaluru,KR Puram,2021-01-16
U04498,Patrick,Mani,patrick.mani4498@yahoo.com,+918419495637,12.938573,77.68427,Bengaluru,Bellandur,2022-02-01
U04499,Upma,Sampath,upma.sampath4499@outlook.com,+915986573179,12.944955,77.630837,Bengaluru,Domlur,2021-05-19
U04500,Oliver,Keer,oliver.keer4500@gmail.com,+917621228665,12.988269,77.617272,Bengaluru,Shivajinagar,2022-08-29
U04501,Anay,Hayre,anay.hayre4501@gmail.com,+919306360304,12.90916,77.635734,Bengaluru,HSR Layout,2021-06-30
U04502,Faraj,Bhavsar,faraj.bhavsar4502@yahoo.com,+916899189277,12.847957,77.697023,Bengaluru,Sarjapur,2022-03-25
U04503,Harrison,Luthra,harrison.luthra4503@hotmail.com,+913209915215,13.014779,77.571052,Bengaluru,Malleshwaram,2021-01-14
U04504,Praneel,Walla,praneel.walla4504@hotmail.com,+919238553282,13.00329,77.596538,Bengaluru,Shivajinagar,2021-03-17
U04505,Jeet,Shere,jeet.shere4505@gmail.com,+911839466950,12.907913,77.574388,Bengaluru,JP Nagar,2022-06-19
U04506,Jyoti,Gola,jyoti.gola4506@yahoo.com,+910643809327,12.853661,77.688011,Bengaluru,Sarjapur,2023-02-27
U04507,Michael,Walla,michael.walla4507@yahoo.com,+910030830040,12.82941,77.659895,Bengaluru,Electronic City,2022-08-22
U04508,Rachit,Korpal,rachit.korpal4508@outlook.com,+912589444553,12.977096,77.623152,Bengaluru,MG Road,2023-05-22
U04509,Abhiram,Nanda,abhiram.nanda4509@gmail.com,+918534448590,12.915947,77.634197,Bengaluru,HSR Layout,2023-10-23
U04510,Onveer,Magar,onveer.magar4510@outlook.com,+915916960841,12.933934,77.623638,Bengaluru,Koramangala,2024-03-15
U04511,Yochana,Bail,yochana.bail4511@outlook.com,+917405225725,12.897266,77.655573,Bengaluru,HSR Layout,2021-04-22
U04512,Xiti,Thaman,xiti.thaman4512@gmail.com,+910375299455,12.971523,77.618354,Bengaluru,Shivajinagar,2021-01-22
U04513,Dakshesh,Ramesh,dakshesh.ramesh4513@yahoo.com,+912371275199,12.848737,77.680244,Bengaluru,Sarjapur,2023-05-25
U04514,Krishna,Ganesh,krishna.ganesh4514@outlook.com,+914163596795,12.982093,77.610264,Bengaluru,MG Road,2023-11-01
U04515,Chanakya,Singh,chanakya.singh4515@gmail.com,+910228487930,12.927283,77.559662,Bengaluru,Basavanagudi,2021-05-18
U04516,Nachiket,Deo,nachiket.deo4516@hotmail.com,+916810324717,12.917538,77.548075,Bengaluru,Banashankari,2023-07-19
U04517,Wyatt,Pillai,wyatt.pillai4517@hotmail.com,+918822351670,12.973243,77.693859,Bengaluru,Marathahalli,2021-03-10
U04518,Arya,Shere,arya.shere4518@hotmail.com,+913475891619,12.999882,77.595867,Bengaluru,Shivajinagar,2023-06-29
U04519,Yatan,Sha,yatan.sha4519@hotmail.com,+918335280987,12.913443,77.56113,Bengaluru,Banashankari,2021-06-12
U04520,Parth,Choudhary,parth.choudhary4520@hotmail.com,+919706527961,13.103713,77.608744,Bengaluru,Yelahanka,2022-06-19
U04521,Yuvraj,Edwin,yuvraj.edwin4521@yahoo.com,+910392101614,12.921863,77.588596,Bengaluru,Jayanagar,2021-10-29
U04522,Brijesh,Bhavsar,brijesh.bhavsar4522@gmail.com,+916945276309,12.878926,77.701378,Bengaluru,Sarjapur,2023-08-26
U04523,Krishna,Deshpande,krishna.deshpande4523@outlook.com,+911164581797,13.095871,77.579568,Bengaluru,Yelahanka,2021-03-13
U04524,Aadi,Mani,aadi.mani4524@outlook.com,+914061231424,12.972005,77.49166,Bengaluru,Nagarbhavi,2021-09-08
U04525,Triveni,Wadhwa,triveni.wadhwa4525@gmail.com,+918977312650,12.924309,77.629387,Bengaluru,HSR Layout,2022-05-05
U04526,Vrishti,Rana,vrishti.rana4526@outlook.com,+916312255511,12.976685,77.647813,Bengaluru,Indiranagar,2021-03-26
U04527,Netra,Vohra,netra.vohra4527@gmail.com,+912720655194,12.985531,77.597921,Bengaluru,Shivajinagar,2023-06-21
U04528,Unnati,Venkatesh,unnati.venkatesh4528@hotmail.com,+916202613867,12.998382,77.590557,Bengaluru,Shivajinagar,2022-02-04
U04529,Irya,Ravel,irya.ravel4529@outlook.com,+918318704503,12.974369,77.700153,Bengaluru,Brookefield,2022-01-07
U04530,Zayan,Viswanathan,zayan.viswanathan4530@outlook.com,+913476334759,12.932911,77.557152,Bengaluru,Banashankari,2021-04-22
U04531,Nikita,Ganesan,nikita.ganesan4531@yahoo.com,+913169650382,12.997757,77.701822,Bengaluru,KR Puram,2022-03-01
U04532,Yahvi,Tata,yahvi.tata4532@gmail.com,+910867643694,12.987641,77.682065,Bengaluru,KR Puram,2021-01-19
U04533,Jonathan,Bansal,jonathan.bansal4533@yahoo.com,+919519110689,12.879906,77.604485,Bengaluru,Bannerghatta Road,2022-10-04
U04534,Samuel,Borah,samuel.borah4534@outlook.com,+913078301629,12.8579,77.579097,Bengaluru,Bannerghatta Road,2024-03-19
U04535,Jhalak,Misra,jhalak.misra4535@hotmail.com,+914830755848,12.862079,77.695353,Bengaluru,Sarjapur,2022-07-18
U04536,Jack,Sachar,jack.sachar4536@yahoo.com,+913870425158,12.965602,77.521751,Bengaluru,Nagarbhavi,2021-09-03
U04537,Lavanya,Prashad,lavanya.prashad4537@hotmail.com,+917223589140,12.908899,77.550423,Bengaluru,Banashankari,2023-12-03
U04538,Chandani,Prakash,chandani.prakash4538@outlook.com,+911920453157,12.963421,77.624318,Bengaluru,MG Road,2021-06-10
U04539,Arjun,Murty,arjun.murty4539@yahoo.com,+910046456789,12.96905,77.695957,Bengaluru,Brookefield,2024-04-03
U04540,Vidhi,Issac,vidhi.issac4540@outlook.com,+913037276639,12.971116,77.497545,Bengaluru,Nagarbhavi,2021-01-24
U04541,Amol,Kale,amol.kale4541@outlook.com,+912068947908,13.051611,77.614304,Bengaluru,Hebbal,2022-05-16
U04542,Radhika,Din,radhika.din4542@outlook.com,+917737459120,12.997508,77.676903,Bengaluru,KR Puram,2024-01-02
U04543,Shivani,Dey,shivani.dey4543@gmail.com,+911491687574,13.018007,77.681788,Bengaluru,KR Puram,2024-04-09
U04544,Chasmum,Randhawa,chasmum.randhawa4544@yahoo.com,+910844168645,12.879258,77.583593,Bengaluru,Bannerghatta Road,2021-03-27
U04545,Yash,Dhar,yash.dhar4545@hotmail.com,+917291554872,13.049632,77.614244,Bengaluru,Hebbal,2023-05-14
U04546,Amol,Karan,amol.karan4546@outlook.com,+917375679847,12.872509,77.61024,Bengaluru,Bannerghatta Road,2023-05-29
U04547,Reva,Krishnan,reva.krishnan4547@yahoo.com,+916216570083,12.890452,77.618945,Bengaluru,Bommanahalli,2022-07-02
U04548,Vidhi,Rastogi,vidhi.rastogi4548@yahoo.com,+917223175513,12.954114,77.766931,Bengaluru,Whitefield,2022-01-08
U04549,Unnati,Shroff,unnati.shroff4549@hotmail.com,+919941707096,12.841866,77.676843,Bengaluru,Electronic City,2023-06-09
U04550,Kamya,Jayaraman,kamya.jayaraman4550@outlook.com,+917829936671,12.919956,77.608338,Bengaluru,BTM Layout,2021-01-18
U04551,Ubika,De,ubika.de4551@outlook.com,+912641872389,12.964058,77.680882,Bengaluru,Marathahalli,2021-04-01
U04552,Ojasvi,Behl,ojasvi.behl4552@hotmail.com,+915920642321,12.949707,77.585469,Bengaluru,Basavanagudi,2021-05-27
U04553,Yatan,Dhingra,yatan.dhingra4553@gmail.com,+916809648603,12.944759,77.624673,Bengaluru,Domlur,2023-04-04
U04554,Harrison,Merchant,harrison.merchant4554@yahoo.com,+914972790834,12.975514,77.494834,Bengaluru,Nagarbhavi,2022-02-02
U04555,Kavya,Bera,kavya.bera4555@gmail.com,+912986020349,13.015384,77.677985,Bengaluru,KR Puram,2022-08-01
U04556,Inaya,Shroff,inaya.shroff4556@yahoo.com,+915682110231,12.951553,77.688267,Bengaluru,Marathahalli,2021-03-31
U04557,Libni,Sant,libni.sant4557@gmail.com,+916919364913,12.989081,77.631258,Bengaluru,Indiranagar,2023-10-23
U04558,Faras,Menon,faras.menon4558@outlook.com,+912208257910,12.960231,77.500706,Bengaluru,Nagarbhavi,2021-04-07
U04559,Isha,Vala,isha.vala4559@yahoo.com,+912675362487,12.983601,77.637906,Bengaluru,Indiranagar,2021-06-30
U04560,Vansha,Baria,vansha.baria4560@hotmail.com,+912874991760,12.876265,77.686888,Bengaluru,Sarjapur,2021-09-10
U04561,Varenya,Bir,varenya.bir4561@outlook.com,+912011738992,13.098036,77.589714,Bengaluru,Yelahanka,2022-06-14
U04562,Indira,Narula,indira.narula4562@gmail.com,+911983913423,12.903654,77.652049,Bengaluru,HSR Layout,2024-04-09
U04563,Rishi,Mukherjee,rishi.mukherjee4563@gmail.com,+918432312014,12.963564,77.733185,Bengaluru,Whitefield,2021-01-05
U04564,Yashawini,Gandhi,yashawini.gandhi4564@outlook.com,+916259740151,12.86019,77.676802,Bengaluru,Sarjapur,2022-08-02
U04565,Advay,Chaudhuri,advay.chaudhuri4565@yahoo.com,+916282515408,12.930439,77.539462,Bengaluru,Banashankari,2023-01-06
U04566,Madhav,Madan,madhav.madan4566@gmail.com,+915164987674,12.953412,77.687178,Bengaluru,Marathahalli,2022-08-05
U04567,Darpan,Bakshi,darpan.bakshi4567@gmail.com,+912514593091,13.100893,77.59465,Bengaluru,Yelahanka,2023-04-09
U04568,Yashodhara,Kamdar,yashodhara.kamdar4568@yahoo.com,+912110702883,12.877116,77.678783,Bengaluru,Sarjapur,2022-06-11
U04569,Kamya,Bajwa,kamya.bajwa4569@hotmail.com,+913645495092,13.086915,77.599237,Bengaluru,Yelahanka,2022-02-11
U04570,Saumya,Raval,saumya.raval4570@gmail.com,+916451625104,12.829274,77.670084,Bengaluru,Electronic City,2024-01-30
U04571,Gaurika,Sharma,gaurika.sharma4571@hotmail.com,+911440221108,12.8993,77.637735,Bengaluru,HSR Layout,2022-09-26
U04572,Idika,Narain,idika.narain4572@gmail.com,+912000919656,12.956063,77.752937,Bengaluru,Whitefield,2023-01-12
U04573,Bhavani,Pillai,bhavani.pillai4573@hotmail.com,+913447897127,12.896898,77.610344,Bengaluru,Bommanahalli,2023-12-19
U04574,Charan,Varughese,charan.varughese4574@hotmail.com,+910678853768,13.040911,77.595815,Bengaluru,Hebbal,2021-05-14
U04575,Jatin,Sarma,jatin.sarma4575@hotmail.com,+918462207693,12.925836,77.620026,Bengaluru,BTM Layout,2023-12-14
U04576,Vinaya,Sant,vinaya.sant4576@outlook.com,+914209972365,12.887202,77.594577,Bengaluru,Bannerghatta Road,2022-10-16
U04577,Yoshita,Bansal,yoshita.bansal4577@hotmail.com,+918691340822,12.877811,77.688128,Bengaluru,Sarjapur,2023-08-15
U04578,Yashawini,Bhavsar,yashawini.bhavsar4578@gmail.com,+911136005788,12.825389,77.679696,Bengaluru,Electronic City,2021-10-08
U04579,Mitesh,Purohit,mitesh.purohit4579@outlook.com,+912740940872,12.966932,77.70367,Bengaluru,Marathahalli,2021-03-19
U04580,Ganga,Sarraf,ganga.sarraf4580@hotmail.com,+919088825066,12.971539,77.649826,Bengaluru,Indiranagar,2023-01-10
U04581,Amara,Dhawan,amara.dhawan4581@outlook.com,+917826803794,12.988138,77.644414,Bengaluru,Indiranagar,2023-04-06
U04582,Lucky,Hegde,lucky.hegde4582@outlook.com,+915393458914,12.981075,77.747894,Bengaluru,Whitefield,2022-11-07
U04583,Girik,Rajagopalan,girik.rajagopalan4583@gmail.com,+917281226478,12.948906,77.696197,Bengaluru,Marathahalli,2023-01-24
U04584,Anya,Ramesh,anya.ramesh4584@hotmail.com,+913294247493,13.028885,77.597995,Bengaluru,Hebbal,2023-02-11
U04585,Thomas,Barman,thomas.barman4585@hotmail.com,+911012343542,12.897829,77.606516,Bengaluru,Bommanahalli,2022-01-31
U04586,Chaitanya,Mitter,chaitanya.mitter4586@outlook.com,+916946946833,12.939813,77.6799,Bengaluru,Bellandur,2021-11-07
U04587,Advik,Deol,advik.deol4587@gmail.com,+916913588166,12.986791,77.58699,Bengaluru,Shivajinagar,2021-05-10
U04588,Robert,Sahota,robert.sahota4588@outlook.com,+910710855540,13.007533,77.552913,Bengaluru,Malleshwaram,2023-07-24
U04589,Rishi,Sahni,rishi.sahni4589@outlook.com,+914867918396,12.902653,77.631501,Bengaluru,Bommanahalli,2022-01-21
U04590,Max,Sane,max.sane4590@outlook.com,+916276226799,12.968864,77.708673,Bengaluru,Marathahalli,2021-05-14
U04591,Aadhya,Kade,aadhya.kade4591@hotmail.com,+911898311741,12.927068,77.6248,Bengaluru,HSR Layout,2023-05-03
U04592,Aadi,Bhatti,aadi.bhatti4592@yahoo.com,+919260862267,12.940844,77.629522,Bengaluru,Koramangala,2022-02-08
U04593,Nihal,Barad,nihal.barad4593@gmail.com,+910816360052,12.961825,77.637907,Bengaluru,Domlur,2021-09-06
U04594,Alka,Subramanian,alka.subramanian4594@yahoo.com,+913509038215,12.964119,77.511234,Bengaluru,Nagarbhavi,2024-02-14
U04595,Dominic,Kanda,dominic.kanda4595@outlook.com,+910132155732,12.869883,77.674717,Bengaluru,Sarjapur,2021-07-28
U04596,Upadhriti,Gandhi,upadhriti.gandhi4596@hotmail.com,+917145822337,12.929237,77.530363,Bengaluru,Banashankari,2021-04-21
U04597,Wakeeta,Comar,wakeeta.comar4597@gmail.com,+910807101595,12.967882,77.656795,Bengaluru,Indiranagar,2023-01-16
U04598,Fariq,Sharaf,fariq.sharaf4598@outlook.com,+917037214082,12.994311,77.558898,Bengaluru,Rajajinagar,2024-03-05
U04599,Hema,Pradhan,hema.pradhan4599@outlook.com,+910641933755,12.970475,77.623352,Bengaluru,MG Road,2023-05-12
U04600,Upasna,Kuruvilla,upasna.kuruvilla4600@yahoo.com,+917136971984,12.892084,77.578604,Bengaluru,JP Nagar,2023-06-21
U04601,Ganga,Narain,ganga.narain4601@outlook.com,+913063368839,12.969066,77.609315,Bengaluru,MG Road,2021-07-10
U04602,Nachiket,Venkatesh,nachiket.venkatesh4602@yahoo.com,+914461556370,12.934503,77.61686,Bengaluru,BTM Layout,2021-01-17
U04603,Arya,Korpal,arya.korpal4603@outlook.com,+918152897618,12.906354,77.566647,Bengaluru,JP Nagar,2022-05-27
U04604,Upkaar,Bains,upkaar.bains4604@hotmail.com,+912750503609,12.924837,77.684529,Bengaluru,Bellandur,2021-06-14
U04605,Radha,Subramanian,radha.subramanian4605@yahoo.com,+911765012807,12.912552,77.596224,Bengaluru,BTM Layout,2021-03-26
U04606,Anita,Narasimhan,anita.narasimhan4606@yahoo.com,+912276425124,13.012233,77.682296,Bengaluru,KR Puram,2021-06-23
U04607,Yashodhara,Mital,yashodhara.mital4607@gmail.com,+911312246174,12.928148,77.591644,Bengaluru,Jayanagar,2022-06-03
U04608,Wishi,Ravel,wishi.ravel4608@hotmail.com,+911603569661,12.86792,77.599638,Bengaluru,Bannerghatta Road,2023-09-02
U04609,Charan,Mital,charan.mital4609@yahoo.com,+918514129275,12.865535,77.59193,Bengaluru,Bannerghatta Road,2023-11-24
U04610,Aarini,Chhabra,aarini.chhabra4610@gmail.com,+918790133506,12.937969,77.560425,Bengaluru,Basavanagudi,2022-12-22
U04611,Manbir,Kapoor,manbir.kapoor4611@yahoo.com,+915913567877,12.925732,77.543101,Bengaluru,Banashankari,2022-01-31
U04612,Theodore,Kothari,theodore.kothari4612@hotmail.com,+913071574269,12.928299,77.631798,Bengaluru,HSR Layout,2023-09-25
U04613,Ucchal,Dua,ucchal.dua4613@outlook.com,+913610513810,13.001005,77.683664,Bengaluru,KR Puram,2022-12-16
U04614,Guneet,Tiwari,guneet.tiwari4614@gmail.com,+913415551234,12.986162,77.757776,Bengaluru,Whitefield,2023-02-25
U04615,Janani,Sachar,janani.sachar4615@hotmail.com,+912892165160,12.918781,77.594154,Bengaluru,JP Nagar,2022-07-15
U04616,Mugdha,Saini,mugdha.saini4616@gmail.com,+910723895428,12.9724,77.567496,Bengaluru,Rajajinagar,2023-01-11
U04617,Garima,Mistry,garima.mistry4617@yahoo.com,+914207103142,13.02958,77.597094,Bengaluru,Hebbal,2021-02-09
U04618,Finn,Kibe,finn.kibe4618@yahoo.com,+913915959603,12.98493,77.745698,Bengaluru,Whitefield,2021-03-08
U04619,Nicholas,Srivastava,nicholas.srivastava4619@hotmail.com,+915589351675,12.972701,77.497398,Bengaluru,Nagarbhavi,2021-03-19
U04620,Dominic,Murthy,dominic.murthy4620@outlook.com,+911664873432,12.918942,77.640893,Bengaluru,Koramangala,2023-04-17
U04621,Dakshesh,Sarin,dakshesh.sarin4621@yahoo.com,+918925000046,13.015661,77.698226,Bengaluru,KR Puram,2024-01-14
U04622,Nidra,Sankaran,nidra.sankaran4622@outlook.com,+917896320677,12.91335,77.608912,Bengaluru,BTM Layout,2022-11-24
U04623,Mitesh,Sachdeva,mitesh.sachdeva4623@gmail.com,+912692225539,12.964807,77.741754,Bengaluru,Whitefield,2023-05-06
U04624,Urvashi,Balasubramanian,urvashi.balasubramanian4624@outlook.com,+910776312042,12.851451,77.670945,Bengaluru,Sarjapur,2021-01-17
U04625,Gauri,Prabhakar,gauri.prabhakar4625@hotmail.com,+917568469625,12.930557,77.575845,Bengaluru,Basavanagudi,2022-04-30
U04626,Jagat,Morar,jagat.morar4626@gmail.com,+914051624327,12.919303,77.623172,Bengaluru,HSR Layout,2021-10-26
U04627,Warinder,Sur,warinder.sur4627@yahoo.com,+918190466028,12.956912,77.500348,Bengaluru,Nagarbhavi,2021-09-15
U04628,Vyanjana,Randhawa,vyanjana.randhawa4628@gmail.com,+913149951775,12.902176,77.621799,Bengaluru,Bommanahalli,2021-10-26
U04629,Tanish,Ravi,tanish.ravi4629@gmail.com,+913162832983,12.892446,77.614362,Bengaluru,Bommanahalli,2021-09-14
U04630,Qushi,Keer,qushi.keer4630@yahoo.com,+918520811979,12.987758,77.738183,Bengaluru,Whitefield,2022-11-23
U04631,Bhavini,Kohli,bhavini.kohli4631@outlook.com,+910859973588,12.936597,77.529619,Bengaluru,Banashankari,2024-02-01
U04632,Nitesh,Nayar,nitesh.nayar4632@outlook.com,+916729813940,12.992009,77.686496,Bengaluru,KR Puram,2021-08-10
U04633,Nathaniel,Narain,nathaniel.narain4633@hotmail.com,+912574236758,12.980383,77.571401,Bengaluru,Rajajinagar,2022-01-07
U04634,Krisha,Butala,krisha.butala4634@yahoo.com,+914197975760,12.987718,77.688015,Bengaluru,KR Puram,2021-03-14
U04635,Harrison,Butala,harrison.butala4635@outlook.com,+918194659402,12.954475,77.732224,Bengaluru,Whitefield,2021-11-04
U04636,Fitan,Anand,fitan.anand4636@gmail.com,+913709125695,12.855773,77.603668,Bengaluru,Bannerghatta Road,2022-07-19
U04637,Mason,Zachariah,mason.zachariah4637@yahoo.com,+917616741483,12.943565,77.588295,Bengaluru,Jayanagar,2021-06-10
U04638,Priya,Tailor,priya.tailor4638@gmail.com,+912606449003,12.963837,77.762104,Bengaluru,Whitefield,2023-01-04
U04639,George,Doshi,george.doshi4639@outlook.com,+916795961477,12.964964,77.62221,Bengaluru,Domlur,2022-06-17
U04640,Charan,Agate,charan.agate4640@outlook.com,+919023305217,12.974065,77.623902,Bengaluru,Domlur,2023-06-06
U04641,Urishilla,Goel,urishilla.goel4641@yahoo.com,+912077748212,12.996681,77.596119,Bengaluru,Shivajinagar,2021-11-11
U04642,Bachittar,Deol,bachittar.deol4642@yahoo.com,+915801748638,13.002857,77.550955,Bengaluru,Malleshwaram,2023-03-03
U04643,Bishakha,Peri,bishakha.peri4643@gmail.com,+917924819668,13.0367,77.610457,Bengaluru,Hebbal,2023-03-21
U04644,Ishanvi,Chahal,ishanvi.chahal4644@yahoo.com,+919122356309,12.847714,77.680532,Bengaluru,Electronic City,2022-05-06
U04645,Banjeet,Gandhi,banjeet.gandhi4645@hotmail.com,+916380617339,12.92047,77.563276,Bengaluru,Banashankari,2021-03-04
U04646,Dayita,Narayanan,dayita.narayanan4646@yahoo.com,+912482368831,12.897812,77.65498,Bengaluru,HSR Layout,2022-04-06
U04647,Harish,Barad,harish.barad4647@yahoo.com,+910440834474,12.931086,77.572236,Bengaluru,Jayanagar,2021-10-16
U04648,Fitan,Baral,fitan.baral4648@hotmail.com,+913929267134,12.926837,77.676775,Bengaluru,Bellandur,2024-02-08
U04649,Aadi,Handa,aadi.handa4649@outlook.com,+914423422389,12.863358,77.696942,Bengaluru,Sarjapur,2023-12-05
U04650,Onkar,Raman,onkar.raman4650@gmail.com,+916904260505,12.913509,77.609528,Bengaluru,BTM Layout,2022-02-04
U04651,Vritti,Chokshi,vritti.chokshi4651@hotmail.com,+914473146825,12.913567,77.531828,Bengaluru,Banashankari,2023-10-25
U04652,Amara,Manne,amara.manne4652@outlook.com,+913200374520,12.935676,77.530739,Bengaluru,Banashankari,2023-05-10
U04653,Ekbal,Mane,ekbal.mane4653@outlook.com,+919081589392,13.009475,77.706024,Bengaluru,KR Puram,2023-10-05
U04654,Lakshit,Bhattacharyya,lakshit.bhattacharyya4654@yahoo.com,+911724422323,12.988147,77.698138,Bengaluru,KR Puram,2023-07-30
U04655,Turvi,Lad,turvi.lad4655@yahoo.com,+919160053300,13.014913,77.572437,Bengaluru,Malleshwaram,2023-07-06
U04656,Nakul,Varma,nakul.varma4656@yahoo.com,+912385099290,12.99747,77.573371,Bengaluru,Malleshwaram,2021-04-26
U04657,Gopal,Taneja,gopal.taneja4657@hotmail.com,+918806252918,12.893632,77.649177,Bengaluru,HSR Layout,2023-07-25
U04658,Udarsh,Mander,udarsh.mander4658@yahoo.com,+910377032951,13.042897,77.586581,Bengaluru,Hebbal,2021-10-16
U04659,Azad,Ramaswamy,azad.ramaswamy4659@hotmail.com,+917595770483,12.938418,77.554482,Bengaluru,Banashankari,2023-06-24
U04660,Hamsini,Gaba,hamsini.gaba4660@yahoo.com,+913739126626,12.893205,77.587956,Bengaluru,JP Nagar,2021-10-13
U04661,Urvashi,Sethi,urvashi.sethi4661@yahoo.com,+913106815444,12.970428,77.696324,Bengaluru,Brookefield,2023-02-09
U04662,Jagrati,Upadhyay,jagrati.upadhyay4662@outlook.com,+912376468318,13.014911,77.703002,Bengaluru,KR Puram,2022-12-19
U04663,Damini,Memon,damini.memon4663@gmail.com,+915653444092,12.986645,77.588085,Bengaluru,Shivajinagar,2023-03-16
U04664,Nandini,Sahota,nandini.sahota4664@yahoo.com,+917089300714,12.898998,77.596324,Bengaluru,BTM Layout,2021-12-04
U04665,Wahab,More,wahab.more4665@hotmail.com,+911770458659,12.923445,77.59375,Bengaluru,Jayanagar,2023-03-15
U04666,Eta,Kade,eta.kade4666@outlook.com,+910260930482,12.966782,77.704166,Bengaluru,Brookefield,2023-03-03
U04667,Wridesh,Shenoy,wridesh.shenoy4667@outlook.com,+910847483491,12.926904,77.627838,Bengaluru,HSR Layout,2023-08-30
U04668,Manthan,Dubey,manthan.dubey4668@hotmail.com,+917492671329,12.86337,77.677805,Bengaluru,Sarjapur,2022-07-19
U04669,Balhaar,Buch,balhaar.buch4669@outlook.com,+915718342411,12.979319,77.65261,Bengaluru,Indiranagar,2021-09-01
U04670,Daniel,Dalal,daniel.dalal4670@yahoo.com,+918724806566,12.988637,77.636263,Bengaluru,Indiranagar,2023-11-10
U04671,Manbir,Chokshi,manbir.chokshi4671@outlook.com,+919380126601,12.937524,77.548589,Bengaluru,Banashankari,2021-02-23
U04672,Saumya,Date,saumya.date4672@outlook.com,+919325145020,12.87159,77.587038,Bengaluru,Bannerghatta Road,2021-05-02
U04673,Manthan,Borah,manthan.borah4673@yahoo.com,+913107014127,12.958695,77.614906,Bengaluru,MG Road,2022-06-04
U04674,Barkha,Natarajan,barkha.natarajan4674@hotmail.com,+918109062032,12.844339,77.702655,Bengaluru,Sarjapur,2021-11-27
U04675,Ekaja,Khare,ekaja.khare4675@yahoo.com,+914362990394,12.915203,77.564159,Bengaluru,Banashankari,2022-06-01
U04676,Vasatika,Saran,vasatika.saran4676@yahoo.com,+917640720515,12.947091,77.644421,Bengaluru,Domlur,2024-03-22
U04677,Nimrat,Das,nimrat.das4677@gmail.com,+914194468813,12.956144,77.628402,Bengaluru,Domlur,2022-10-13
U04678,Chasmum,Kadakia,chasmum.kadakia4678@yahoo.com,+918689903637,12.964099,77.624421,Bengaluru,Indiranagar,2021-04-19
U04679,Urvashi,Bandi,urvashi.bandi4679@hotmail.com,+916223593662,12.952984,77.63366,Bengaluru,Koramangala,2021-07-04
U04680,Januja,Dugar,januja.dugar4680@hotmail.com,+910802085254,12.976255,77.615986,Bengaluru,Shivajinagar,2022-06-30
U04681,Mahika,Handa,mahika.handa4681@outlook.com,+919917278027,13.002827,77.568151,Bengaluru,Rajajinagar,2023-07-31
U04682,Hemani,Bhatti,hemani.bhatti4682@hotmail.com,+916225673421,12.898888,77.5933,Bengaluru,JP Nagar,2023-01-24
U04683,Chandran,Balay,chandran.balay4683@hotmail.com,+918711057730,12.913302,77.671271,Bengaluru,Bellandur,2022-08-06
U04684,Zayyan,Ramachandran,zayyan.ramachandran4684@outlook.com,+912430558186,12.887368,77.595673,Bengaluru,Bannerghatta Road,2024-01-28
U04685,Rachit,Tank,rachit.tank4685@yahoo.com,+915975107562,12.916772,77.605552,Bengaluru,BTM Layout,2023-03-21
U04686,Ubika,Rao,ubika.rao4686@outlook.com,+910922136057,12.946636,77.561506,Bengaluru,Basavanagudi,2021-11-13
U04687,Ekiya,Sengupta,ekiya.sengupta4687@yahoo.com,+910237295343,13.009055,77.698516,Bengaluru,KR Puram,2023-09-08
U04688,Kiaan,Narain,kiaan.narain4688@gmail.com,+917639445728,12.987069,77.492783,Bengaluru,Nagarbhavi,2022-06-15
U04689,Pahal,Murty,pahal.murty4689@hotmail.com,+919679272599,12.90377,77.569304,Bengaluru,JP Nagar,2023-08-29
U04690,Qarin,Amble,qarin.amble4690@gmail.com,+917755622171,12.853602,77.688454,Bengaluru,Sarjapur,2021-06-15
U04691,Nitesh,Krishna,nitesh.krishna4691@gmail.com,+918050583891,12.837177,77.668456,Bengaluru,Electronic City,2024-01-11
U04692,Ojasvi,Chander,ojasvi.chander4692@outlook.com,+917957581186,12.922279,77.660888,Bengaluru,Bellandur,2021-07-21
U04693,Vidhi,Natt,vidhi.natt4693@gmail.com,+916699361732,12.956563,77.701116,Bengaluru,Marathahalli,2023-07-29
U04694,Manbir,Basak,manbir.basak4694@outlook.com,+913918732514,12.876259,77.581245,Bengaluru,Bannerghatta Road,2024-01-14
U04695,Logan,Khatri,logan.khatri4695@gmail.com,+910764903791,13.004439,77.553029,Bengaluru,Rajajinagar,2023-05-30
U04696,Yochana,Tandon,yochana.tandon4696@hotmail.com,+917045482135,12.865282,77.679514,Bengaluru,Sarjapur,2021-03-18
U04697,Arunima,Jain,arunima.jain4697@hotmail.com,+919935384961,12.997184,77.710633,Bengaluru,KR Puram,2022-12-29
U04698,Pranit,Sahni,pranit.sahni4698@outlook.com,+915922146328,12.917513,77.595388,Bengaluru,JP Nagar,2022-11-03
U04699,Balvan,Andra,balvan.andra4699@gmail.com,+916259839135,12.936876,77.553824,Bengaluru,Banashankari,2021-06-03
U04700,Jalsa,Oza,jalsa.oza4700@yahoo.com,+912359166107,12.978571,77.656673,Bengaluru,Indiranagar,2022-02-14
U04701,Kashish,Nazareth,kashish.nazareth4701@yahoo.com,+910611048657,12.835687,77.686093,Bengaluru,Electronic City,2021-10-12
U04702,Aarnav,Cheema,aarnav.cheema4702@outlook.com,+918775507181,12.949345,77.654103,Bengaluru,Domlur,2023-07-24
U04703,Vasudha,Thaker,vasudha.thaker4703@gmail.com,+914323449727,12.987552,77.68996,Bengaluru,KR Puram,2024-01-16
U04704,Saksham,Kakar,saksham.kakar4704@hotmail.com,+910709161708,13.008292,77.562936,Bengaluru,Malleshwaram,2023-07-17
U04705,Manbir,Natarajan,manbir.natarajan4705@hotmail.com,+919456758094,12.863353,77.607312,Bengaluru,Bannerghatta Road,2021-03-03
U04706,Yashasvi,Mahal,yashasvi.mahal4706@gmail.com,+913959075411,12.950746,77.621532,Bengaluru,Domlur,2022-02-18
U04707,Mahika,Wadhwa,mahika.wadhwa4707@gmail.com,+912464063498,12.970772,77.626249,Bengaluru,Domlur,2021-02-11
U04708,Ronith,Saran,ronith.saran4708@outlook.com,+919025119024,12.96302,77.69676,Bengaluru,Brookefield,2021-05-11
U04709,Balveer,Sha,balveer.sha4709@gmail.com,+916167268772,12.937446,77.687952,Bengaluru,Bellandur,2022-01-22
U04710,Bina,Yohannan,bina.yohannan4710@yahoo.com,+914835611617,12.944296,77.624339,Bengaluru,Koramangala,2021-09-20
U04711,Tanmayi,Basu,tanmayi.basu4711@gmail.com,+911838783326,12.949479,77.697863,Bengaluru,Marathahalli,2024-03-02
U04712,Bhavani,Natarajan,bhavani.natarajan4712@yahoo.com,+917306036179,12.86051,77.704149,Bengaluru,Sarjapur,2023-07-12
U04713,Andrew,Reddy,andrew.reddy4713@outlook.com,+917327528820,12.931472,77.56611,Bengaluru,Jayanagar,2023-07-03
U04714,Dev,Som,dev.som4714@hotmail.com,+919905809870,12.98124,77.605336,Bengaluru,Shivajinagar,2022-09-20
U04715,Omisha,Sheth,omisha.sheth4715@gmail.com,+915883452454,12.956705,77.722478,Bengaluru,Brookefield,2021-07-04
U04716,Vihaan,Murty,vihaan.murty4716@yahoo.com,+910821914380,13.099242,77.595827,Bengaluru,Yelahanka,2021-07-09
U04717,Udant,Sengupta,udant.sengupta4717@hotmail.com,+911919160912,12.890709,77.58434,Bengaluru,JP Nagar,2023-09-15
U04718,Alka,Mital,alka.mital4718@outlook.com,+919532270865,12.944656,77.572558,Bengaluru,Basavanagudi,2022-05-08
U04719,Balvan,Karnik,balvan.karnik4719@yahoo.com,+916769519491,12.849547,77.671518,Bengaluru,Sarjapur,2022-04-30
U04720,Aachal,Rana,aachal.rana4720@outlook.com,+911915977814,12.998305,77.605465,Bengaluru,Shivajinagar,2023-12-05
U04721,Alka,Agrawal,alka.agrawal4721@hotmail.com,+917507007828,12.938009,77.590286,Bengaluru,Basavanagudi,2022-03-05
U04722,Veer,Baria,veer.baria4722@yahoo.com,+910465886393,12.973007,77.749818,Bengaluru,Whitefield,2022-01-25
U04723,Tristan,Sengupta,tristan.sengupta4723@hotmail.com,+919720688147,12.90012,77.631902,Bengaluru,HSR Layout,2021-02-25
U04724,William,Ranganathan,william.ranganathan4724@yahoo.com,+912647386880,12.988638,77.619929,Bengaluru,MG Road,2021-08-12
U04725,Aarnav,Sani,aarnav.sani4725@gmail.com,+910790077485,12.946628,77.635418,Bengaluru,Domlur,2023-11-30
U04726,Champak,Borra,champak.borra4726@hotmail.com,+911676834269,12.981034,77.733031,Bengaluru,Whitefield,2022-10-19
U04727,Anusha,Wason,anusha.wason4727@gmail.com,+915911014152,12.882696,77.613139,Bengaluru,Bannerghatta Road,2022-05-15
U04728,Omaja,Babu,omaja.babu4728@yahoo.com,+912657162130,12.948166,77.624908,Bengaluru,Koramangala,2024-03-12
U04729,Yachana,Mohan,yachana.mohan4729@gmail.com,+918874696105,12.935005,77.667685,Bengaluru,Bellandur,2022-08-04
U04730,Charan,Taneja,charan.taneja4730@hotmail.com,+917727057865,12.991146,77.589238,Bengaluru,Shivajinagar,2023-04-23
U04731,Tanay,Walla,tanay.walla4731@gmail.com,+914837469064,13.001944,77.566963,Bengaluru,Rajajinagar,2022-10-31
U04732,Bhavna,D’Alia,bhavna.d’alia4732@outlook.com,+914408336921,12.935483,77.537866,Bengaluru,Banashankari,2021-01-02
U04733,Wahab,Ramachandran,wahab.ramachandran4733@gmail.com,+914416220346,13.002417,77.542945,Bengaluru,Rajajinagar,2023-04-02
U04734,Falguni,Goel,falguni.goel4734@outlook.com,+917716048057,12.965946,77.62897,Bengaluru,Domlur,2022-05-31
U04735,Sai,Atwal,sai.atwal4735@outlook.com,+914812461570,12.952882,77.697414,Bengaluru,Marathahalli,2022-12-07
U04736,Pushti,Buch,pushti.buch4736@gmail.com,+919290318813,12.988001,77.600141,Bengaluru,Shivajinagar,2023-12-15
U04737,Falguni,Korpal,falguni.korpal4737@gmail.com,+913909880325,12.998225,77.577189,Bengaluru,Malleshwaram,2021-02-11
U04738,Varsha,Bail,varsha.bail4738@outlook.com,+914947661425,12.856302,77.677168,Bengaluru,Electronic City,2022-06-27
U04739,Hardik,Dayal,hardik.dayal4739@yahoo.com,+917097512417,12.855347,77.690673,Bengaluru,Sarjapur,2022-09-13
U04740,Aarna,Gara,aarna.gara4740@outlook.com,+910920301952,12.975136,77.493379,Bengaluru,Nagarbhavi,2022-11-12
U04741,Brinda,Kurian,brinda.kurian4741@gmail.com,+914715276366,12.932236,77.578104,Bengaluru,Jayanagar,2021-10-28
U04742,Ojasvi,Edwin,ojasvi.edwin4742@gmail.com,+915083947207,12.872832,77.669485,Bengaluru,Sarjapur,2022-08-08
U04743,Pooja,Jani,pooja.jani4743@yahoo.com,+918922289878,13.103205,77.610608,Bengaluru,Yelahanka,2023-03-28
U04744,Nihal,Pathak,nihal.pathak4744@hotmail.com,+913675881352,12.926843,77.62239,Bengaluru,BTM Layout,2021-04-01
U04745,Gunbir,Mani,gunbir.mani4745@gmail.com,+916595590095,12.967213,77.63334,Bengaluru,Domlur,2023-09-16
U04746,Dayamai,Biswas,dayamai.biswas4746@hotmail.com,+914703405294,12.919434,77.610432,Bengaluru,BTM Layout,2021-01-18
U04747,Faraj,Dugal,faraj.dugal4747@outlook.com,+918929708206,12.914525,77.649923,Bengaluru,HSR Layout,2022-11-15
U04748,Jairaj,Aggarwal,jairaj.aggarwal4748@hotmail.com,+916621313071,12.944153,77.65554,Bengaluru,Domlur,2022-03-13
U04749,Wriddhish,Bhatti,wriddhish.bhatti4749@gmail.com,+916056987352,12.868055,77.590433,Bengaluru,Bannerghatta Road,2022-12-25
U04750,Anamika,Gola,anamika.gola4750@gmail.com,+914897548411,13.102807,77.580542,Bengaluru,Yelahanka,2021-05-23
U04751,Ishaan,Seth,ishaan.seth4751@hotmail.com,+916338793323,12.989385,77.612291,Bengaluru,Shivajinagar,2022-11-14
U04752,Geetika,Dara,geetika.dara4752@gmail.com,+917107264562,12.999688,77.570627,Bengaluru,Malleshwaram,2021-04-17
U04753,Xiti,Warrior,xiti.warrior4753@yahoo.com,+911069437962,12.963615,77.634792,Bengaluru,MG Road,2021-10-09
U04754,Udyati,Vaidya,udyati.vaidya4754@hotmail.com,+912787358658,13.019665,77.593763,Bengaluru,Hebbal,2023-11-24
U04755,Jason,Srivastava,jason.srivastava4755@yahoo.com,+916277789283,12.897349,77.578744,Bengaluru,JP Nagar,2021-03-10
U04756,Arunima,Chacko,arunima.chacko4756@outlook.com,+912311656950,12.962384,77.626221,Bengaluru,Domlur,2023-03-05
U04757,Ishani,Chanda,ishani.chanda4757@hotmail.com,+911791646948,12.917464,77.58044,Bengaluru,Jayanagar,2024-03-11
U04758,Ira,Goda,ira.goda4758@outlook.com,+917386277435,12.938357,77.531962,Bengaluru,Banashankari,2023-04-01
U04759,Lipika,Gulati,lipika.gulati4759@hotmail.com,+911835924916,13.033437,77.601182,Bengaluru,Hebbal,2021-11-08
U04760,Zashil,Badami,zashil.badami4760@yahoo.com,+916818239245,12.99078,77.679754,Bengaluru,KR Puram,2023-03-23
U04761,Gabriel,Bhatnagar,gabriel.bhatnagar4761@yahoo.com,+919206793857,13.032421,77.606852,Bengaluru,Hebbal,2022-01-10
U04762,Nicholas,Dhingra,nicholas.dhingra4762@outlook.com,+915398655510,12.911565,77.613764,Bengaluru,BTM Layout,2021-03-13
U04763,Hema,Dyal,hema.dyal4763@outlook.com,+919413024937,12.928044,77.572399,Bengaluru,Basavanagudi,2022-07-06
U04764,Rishi,Srinivas,rishi.srinivas4764@hotmail.com,+912882275326,12.883391,77.635279,Bengaluru,Bommanahalli,2021-07-20
U04765,Indali,Balan,indali.balan4765@yahoo.com,+915690764767,12.884309,77.632126,Bengaluru,Bommanahalli,2021-03-06
U04766,Harini,Ramachandran,harini.ramachandran4766@outlook.com,+914846630848,12.94426,77.599335,Bengaluru,Jayanagar,2022-12-10
U04767,Rachana,Chawla,rachana.chawla4767@yahoo.com,+911423345375,12.942506,77.704489,Bengaluru,Marathahalli,2021-10-28
U04768,Yauvani,Rau,yauvani.rau4768@gmail.com,+912441332245,12.922584,77.642101,Bengaluru,Koramangala,2022-04-26
U04769,Simon,Ganesh,simon.ganesh4769@yahoo.com,+919370863829,12.924978,77.548811,Bengaluru,Banashankari,2023-09-21
U04770,Ranveer,Sule,ranveer.sule4770@yahoo.com,+919672111320,12.962542,77.633304,Bengaluru,Domlur,2022-07-31
U04771,Ekalinga,Karan,ekalinga.karan4771@yahoo.com,+919500196846,12.946682,77.632359,Bengaluru,Domlur,2023-04-02
U04772,Warda,Shankar,warda.shankar4772@outlook.com,+911681437547,12.977129,77.629099,Bengaluru,Domlur,2023-05-30
U04773,Lila,Nagy,lila.nagy4773@outlook.com,+915254326350,12.907893,77.661847,Bengaluru,Bellandur,2021-04-10
U04774,Jyoti,Issac,jyoti.issac4774@hotmail.com,+913680776303,12.975309,77.502521,Bengaluru,Nagarbhavi,2021-05-02
U04775,Benjamin,Bansal,benjamin.bansal4775@outlook.com,+918327507086,12.907572,77.584083,Bengaluru,JP Nagar,2022-03-12
U04776,Sneha,Guha,sneha.guha4776@hotmail.com,+910346117386,12.927637,77.641376,Bengaluru,Koramangala,2023-04-05
U04777,Aarush,Pant,aarush.pant4777@outlook.com,+913155930418,12.92443,77.604717,Bengaluru,BTM Layout,2023-05-07
U04778,Anay,Pradhan,anay.pradhan4778@hotmail.com,+917280950483,12.927856,77.557785,Bengaluru,Basavanagudi,2023-02-17
U04779,Hamsini,Sagar,hamsini.sagar4779@gmail.com,+913147914394,13.020306,77.603445,Bengaluru,Hebbal,2023-02-09
U04780,Abhimanyu,Murty,abhimanyu.murty4780@hotmail.com,+911382444293,12.9248,77.601784,Bengaluru,Jayanagar,2022-12-18
U04781,Ubika,Chada,ubika.chada4781@hotmail.com,+916657540172,12.936644,77.669073,Bengaluru,Bellandur,2021-12-01
U04782,Krish,Char,krish.char4782@yahoo.com,+912055942141,12.982265,77.633057,Bengaluru,Indiranagar,2021-04-09
U04783,Jackson,Deshpande,jackson.deshpande4783@outlook.com,+913203100652,12.932137,77.631185,Bengaluru,Koramangala,2022-04-09
U04784,Urvashi,Talwar,urvashi.talwar4784@yahoo.com,+910424414917,12.904086,77.59555,Bengaluru,BTM Layout,2022-05-21
U04785,Harini,Dar,harini.dar4785@yahoo.com,+919399253581,12.969655,77.738592,Bengaluru,Whitefield,2022-05-09
U04786,Bachittar,Nadig,bachittar.nadig4786@yahoo.com,+913658410752,12.958632,77.586134,Bengaluru,Basavanagudi,2021-02-02
U04787,Yatan,Muni,yatan.muni4787@gmail.com,+912611713223,12.865868,77.695025,Bengaluru,Sarjapur,2023-06-01
U04788,Pavani,Memon,pavani.memon4788@outlook.com,+911632715492,12.924429,77.60744,Bengaluru,BTM Layout,2021-09-03
U04789,Balvan,Chhabra,balvan.chhabra4789@hotmail.com,+913500869744,12.922272,77.540076,Bengaluru,Banashankari,2021-03-24
U04790,Christopher,Mital,christopher.mital4790@yahoo.com,+910384354097,13.087398,77.593962,Bengaluru,Yelahanka,2021-10-01
U04791,Laksh,Kuruvilla,laksh.kuruvilla4791@gmail.com,+918800719210,12.937073,77.667632,Bengaluru,Bellandur,2023-08-01
U04792,Ladli,Dua,ladli.dua4792@gmail.com,+912386042019,13.021484,77.609115,Bengaluru,Hebbal,2024-01-18
U04793,Avni,Oak,avni.oak4793@outlook.com,+917394061648,12.993073,77.637764,Bengaluru,Indiranagar,2022-09-12
U04794,Nisha,Borde,nisha.borde4794@hotmail.com,+913157723852,12.982155,77.750255,Bengaluru,Whitefield,2022-07-15
U04795,Januja,Borde,januja.borde4795@gmail.com,+916699475937,12.956274,77.493336,Bengaluru,Nagarbhavi,2021-03-19
U04796,Wishi,Morar,wishi.morar4796@yahoo.com,+915962104771,12.930985,77.541297,Bengaluru,Banashankari,2021-04-29
U04797,Charita,Ray,charita.ray4797@hotmail.com,+916332482721,13.117731,77.608675,Bengaluru,Yelahanka,2021-12-09
U04798,Arin,Bal,arin.bal4798@yahoo.com,+918260155501,12.972421,77.658116,Bengaluru,Indiranagar,2021-04-11
U04799,Bhavani,Narang,bhavani.narang4799@yahoo.com,+915319348647,13.010204,77.584348,Bengaluru,Malleshwaram,2023-11-11
U04800,Qasim,Chander,qasim.chander4800@yahoo.com,+911721915879,13.000639,77.698743,Bengaluru,KR Puram,2022-07-18
U04801,Laksh,Vohra,laksh.vohra4801@gmail.com,+918687264194,12.923938,77.596772,Bengaluru,JP Nagar,2021-01-29
U04802,Harish,Patil,harish.patil4802@yahoo.com,+912712137145,12.97264,77.757438,Bengaluru,Whitefield,2023-06-13
U04803,Ishaan,Chandran,ishaan.chandran4803@yahoo.com,+912798594166,12.983467,77.632109,Bengaluru,MG Road,2021-10-19
U04804,Aishani,Nath,aishani.nath4804@gmail.com,+916910851197,12.974804,77.701013,Bengaluru,Brookefield,2022-11-12
U04805,Eesha,Dasgupta,eesha.dasgupta4805@outlook.com,+917119614004,13.10588,77.611182,Bengaluru,Yelahanka,2023-04-04
U04806,Qadim,Kala,qadim.kala4806@gmail.com,+917436715283,13.003846,77.556243,Bengaluru,Rajajinagar,2022-11-20
U04807,Farhan,Kata,farhan.kata4807@yahoo.com,+919226640091,12.945447,77.705128,Bengaluru,Brookefield,2023-06-04
U04808,Chandran,Malhotra,chandran.malhotra4808@hotmail.com,+912563201901,12.941027,77.691611,Bengaluru,Bellandur,2023-04-06
U04809,Deepa,Buch,deepa.buch4809@outlook.com,+919676592966,12.970452,77.606461,Bengaluru,Shivajinagar,2022-11-05
U04810,Chameli,Mishra,chameli.mishra4810@hotmail.com,+919768457494,12.911444,77.564239,Bengaluru,Banashankari,2022-01-23
U04811,Harish,Raval,harish.raval4811@hotmail.com,+910717853563,12.956572,77.744415,Bengaluru,Whitefield,2022-03-26
U04812,Banjeet,Muni,banjeet.muni4812@gmail.com,+912650180990,12.899015,77.610298,Bengaluru,BTM Layout,2021-01-29
U04813,Osha,Chander,osha.chander4813@outlook.com,+913553872147,12.996385,77.55813,Bengaluru,Rajajinagar,2023-05-06
U04814,Gauri,Luthra,gauri.luthra4814@gmail.com,+918286390003,13.050212,77.614426,Bengaluru,Hebbal,2021-03-04
U04815,Charles,Devan,charles.devan4815@outlook.com,+914682122797,13.112076,77.606825,Bengaluru,Yelahanka,2023-08-06
U04816,Ekapad,Chandra,ekapad.chandra4816@yahoo.com,+911770093457,13.112849,77.606079,Bengaluru,Yelahanka,2021-03-22
U04817,Aayush,Chhabra,aayush.chhabra4817@yahoo.com,+912080256133,12.943677,77.673024,Bengaluru,Bellandur,2022-05-12
U04818,Vansha,Basak,vansha.basak4818@hotmail.com,+911040587151,12.907156,77.605908,Bengaluru,BTM Layout,2023-06-11
U04819,Upasna,Patel,upasna.patel4819@yahoo.com,+911868674245,12.961256,77.512225,Bengaluru,Nagarbhavi,2022-09-09
U04820,Nidra,Chhabra,nidra.chhabra4820@outlook.com,+916505714374,12.997872,77.59433,Bengaluru,Shivajinagar,2021-05-10
U04821,Aishani,Dutt,aishani.dutt4821@outlook.com,+915380069466,12.870449,77.67496,Bengaluru,Sarjapur,2022-07-16
U04822,Yug,Bumb,yug.bumb4822@gmail.com,+917188668926,12.942097,77.557277,Bengaluru,Basavanagudi,2022-11-29
U04823,Gaurika,Ganguly,gaurika.ganguly4823@outlook.com,+917252023661,13.018706,77.571367,Bengaluru,Malleshwaram,2021-07-06
U04824,Qasim,Chawla,qasim.chawla4824@hotmail.com,+919882643023,12.972414,77.589332,Bengaluru,Shivajinagar,2023-04-19
U04825,Anay,Singhal,anay.singhal4825@gmail.com,+917336472235,12.941002,77.532165,Bengaluru,Banashankari,2021-12-20
U04826,Tejas,Date,tejas.date4826@yahoo.com,+912883495387,12.929494,77.619012,Bengaluru,BTM Layout,2024-01-14
U04827,Omkaar,Upadhyay,omkaar.upadhyay4827@yahoo.com,+911489024239,12.959539,77.58657,Bengaluru,Basavanagudi,2024-04-07
U04828,William,Reddy,william.reddy4828@hotmail.com,+919955813243,12.978849,77.559046,Bengaluru,Rajajinagar,2024-03-21
U04829,Abdul,Virk,abdul.virk4829@outlook.com,+911673032733,12.968928,77.693455,Bengaluru,Marathahalli,2023-10-06
U04830,Anjali,Guha,anjali.guha4830@outlook.com,+918260485913,12.9102,77.640052,Bengaluru,HSR Layout,2021-06-15
U04831,Waida,Khanna,waida.khanna4831@hotmail.com,+915997679106,12.960733,77.739562,Bengaluru,Whitefield,2022-11-07
U04832,Daniel,Sani,daniel.sani4832@hotmail.com,+916009877735,12.91871,77.574056,Bengaluru,JP Nagar,2022-08-10
U04833,Siddharth,Rama,siddharth.rama4833@outlook.com,+917899958860,13.110384,77.612428,Bengaluru,Yelahanka,2024-02-11
U04834,Reyansh,Wable,reyansh.wable4834@hotmail.com,+916454660964,12.961716,77.710609,Bengaluru,Marathahalli,2021-04-06
U04835,Brinda,Padmanabhan,brinda.padmanabhan4835@outlook.com,+911566009775,12.874605,77.698152,Bengaluru,Sarjapur,2022-10-10
U04836,Laban,Ravel,laban.ravel4836@yahoo.com,+919350578648,12.972901,77.711476,Bengaluru,Brookefield,2023-12-29
U04837,Nisha,Mani,nisha.mani4837@hotmail.com,+916386910057,12.952712,77.739388,Bengaluru,Whitefield,2024-01-15
U04838,Amruta,Krish,amruta.krish4838@yahoo.com,+914114337666,12.973308,77.612308,Bengaluru,MG Road,2022-06-17
U04839,Jeet,Salvi,jeet.salvi4839@gmail.com,+917224397623,12.973657,77.512393,Bengaluru,Nagarbhavi,2023-05-28
U04840,Aadhya,Tank,aadhya.tank4840@gmail.com,+911502381844,12.974744,77.610531,Bengaluru,MG Road,2021-05-31
U04841,Aarav,Contractor,aarav.contractor4841@outlook.com,+913404401128,12.912917,77.614598,Bengaluru,Bommanahalli,2022-05-06
U04842,Nidra,Halder,nidra.halder4842@hotmail.com,+914760492846,12.973852,77.565424,Bengaluru,Rajajinagar,2021-07-05
U04843,Zehaan,Dave,zehaan.dave4843@gmail.com,+911337801435,12.911044,77.64647,Bengaluru,HSR Layout,2022-10-02
U04844,Qarin,Dar,qarin.dar4844@outlook.com,+914549952598,12.984229,77.559168,Bengaluru,Rajajinagar,2022-07-05
U04845,Yuvraj,Deo,yuvraj.deo4845@yahoo.com,+914983922937,12.935017,77.592572,Bengaluru,Basavanagudi,2022-07-24
U04846,Banjeet,Kashyap,banjeet.kashyap4846@outlook.com,+917503259414,12.940284,77.688286,Bengaluru,Bellandur,2024-02-01
U04847,Zaid,Batra,zaid.batra4847@outlook.com,+919651312801,12.989265,77.639705,Bengaluru,Indiranagar,2022-10-05
U04848,Ekbal,Rana,ekbal.rana4848@gmail.com,+913853603846,12.908524,77.626982,Bengaluru,Bommanahalli,2022-10-09
U04849,Kiaan,Kamdar,kiaan.kamdar4849@outlook.com,+919246594151,12.920856,77.559499,Bengaluru,Banashankari,2021-09-07
U04850,Aradhana,Chowdhury,aradhana.chowdhury4850@yahoo.com,+919095750227,12.846197,77.673805,Bengaluru,Sarjapur,2021-10-14
U04851,Aarnav,Kade,aarnav.kade4851@hotmail.com,+916093377328,12.9823,77.508752,Bengaluru,Nagarbhavi,2022-11-04
U04852,Indrajit,Atwal,indrajit.atwal4852@hotmail.com,+919712840555,13.093511,77.597133,Bengaluru,Yelahanka,2021-12-22
U04853,Odika,Chhabra,odika.chhabra4853@hotmail.com,+919702786491,12.940985,77.665973,Bengaluru,Bellandur,2021-11-17
U04854,Harita,Jhaveri,harita.jhaveri4854@gmail.com,+911453874715,12.964859,77.687669,Bengaluru,Marathahalli,2023-03-22
U04855,Sanya,Dhawan,sanya.dhawan4855@yahoo.com,+914026427186,12.990259,77.570031,Bengaluru,Rajajinagar,2022-12-24
U04856,Manan,Dasgupta,manan.dasgupta4856@outlook.com,+917336860204,12.939737,77.667594,Bengaluru,Bellandur,2022-05-25
U04857,Jyoti,Nair,jyoti.nair4857@gmail.com,+914579648887,12.943887,77.611005,Bengaluru,Koramangala,2022-05-01
U04858,Nirja,Radhakrishnan,nirja.radhakrishnan4858@outlook.com,+911014506161,12.974111,77.73557,Bengaluru,Whitefield,2021-08-14
U04859,Zilmil,Maharaj,zilmil.maharaj4859@gmail.com,+910614494822,12.97376,77.544632,Bengaluru,Rajajinagar,2023-05-10
U04860,Sachi,Jaggi,sachi.jaggi4860@outlook.com,+914109935852,12.922728,77.623458,Bengaluru,Koramangala,2022-06-01
U04861,Madhav,Jhaveri,madhav.jhaveri4861@gmail.com,+914719921281,12.929032,77.597157,Bengaluru,Jayanagar,2023-04-09
U04862,Lopa,Pandit,lopa.pandit4862@outlook.com,+911631030103,12.964407,77.719175,Bengaluru,Brookefield,2023-10-20
U04863,Raghav,Kibe,raghav.kibe4863@hotmail.com,+913515579536,12.922065,77.627149,Bengaluru,BTM Layout,2021-01-03
U04864,Vrishti,Suresh,vrishti.suresh4864@yahoo.com,+919115699715,12.934268,77.688482,Bengaluru,Bellandur,2023-09-25
U04865,Anusha,Sarkar,anusha.sarkar4865@outlook.com,+917669791783,12.991852,77.656307,Bengaluru,Indiranagar,2021-03-10
U04866,Chandran,Krishnan,chandran.krishnan4866@outlook.com,+918036723007,13.028834,77.603123,Bengaluru,Hebbal,2022-05-13
U04867,Aarush,Sant,aarush.sant4867@hotmail.com,+916015482722,12.961499,77.633539,Bengaluru,MG Road,2021-01-26
U04868,Ubika,Dutt,ubika.dutt4868@hotmail.com,+917848990086,12.917794,77.63117,Bengaluru,Koramangala,2023-10-22
U04869,Darsh,Bhasin,darsh.bhasin4869@gmail.com,+915420142969,12.923148,77.670249,Bengaluru,Bellandur,2023-07-29
U04870,Tara,Viswanathan,tara.viswanathan4870@yahoo.com,+913413813914,12.987854,77.595363,Bengaluru,Shivajinagar,2024-01-11
U04871,Bimala,Jani,bimala.jani4871@outlook.com,+918125940189,12.930387,77.636062,Bengaluru,Koramangala,2023-06-03
U04872,Odika,Choudhry,odika.choudhry4872@gmail.com,+913882972361,13.011366,77.705794,Bengaluru,KR Puram,2023-02-04
U04873,Bhavna,Dhaliwal,bhavna.dhaliwal4873@hotmail.com,+917951241798,12.984886,77.767685,Bengaluru,Whitefield,2023-10-08
U04874,Bhanumati,Mammen,bhanumati.mammen4874@yahoo.com,+910419224506,12.915541,77.665194,Bengaluru,Bellandur,2021-07-27
U04875,Peter,Sandhu,peter.sandhu4875@outlook.com,+916870281167,12.917375,77.66603,Bengaluru,Bellandur,2021-09-09
U04876,Akshay,Solanki,akshay.solanki4876@gmail.com,+912099246076,13.006909,77.562285,Bengaluru,Rajajinagar,2021-09-21
U04877,Dhruv,Sha,dhruv.sha4877@yahoo.com,+914925612853,12.920414,77.572589,Bengaluru,JP Nagar,2023-07-10
U04878,Ijaya,Mitter,ijaya.mitter4878@gmail.com,+912008205810,13.004653,77.59039,Bengaluru,Shivajinagar,2022-05-13
U04879,Udarsh,Sengupta,udarsh.sengupta4879@yahoo.com,+911360291961,13.022746,77.692479,Bengaluru,KR Puram,2024-01-16
U04880,Sai,Majumdar,sai.majumdar4880@hotmail.com,+914727581908,13.086117,77.589946,Bengaluru,Yelahanka,2021-11-13
U04881,Vansha,Ramakrishnan,vansha.ramakrishnan4881@outlook.com,+910310827731,12.881599,77.628816,Bengaluru,Bommanahalli,2021-04-07
U04882,Anamika,Dyal,anamika.dyal4882@hotmail.com,+915634000340,12.934901,77.557377,Bengaluru,Basavanagudi,2022-11-03
U04883,Varsha,Kannan,varsha.kannan4883@outlook.com,+918947319788,12.967163,77.635466,Bengaluru,MG Road,2022-09-23
U04884,Raksha,Deol,raksha.deol4884@yahoo.com,+915682371175,13.037734,77.590615,Bengaluru,Hebbal,2024-03-01
U04885,Anay,Keer,anay.keer4885@outlook.com,+912115130274,12.895663,77.60879,Bengaluru,Bommanahalli,2022-03-08
U04886,Vedika,Rajagopalan,vedika.rajagopalan4886@outlook.com,+916287514342,12.868685,77.591678,Bengaluru,Bannerghatta Road,2022-10-17
U04887,Theodore,Upadhyay,theodore.upadhyay4887@gmail.com,+911029957229,12.86975,77.694875,Bengaluru,Sarjapur,2021-11-13
U04888,Maanav,Choudhary,maanav.choudhary4888@yahoo.com,+910536985704,12.910354,77.59938,Bengaluru,BTM Layout,2023-05-01
U04889,Amrita,Prabhakar,amrita.prabhakar4889@yahoo.com,+915451481814,12.941242,77.684257,Bengaluru,Marathahalli,2024-02-19
U04890,Aachal,Chaudhary,aachal.chaudhary4890@yahoo.com,+916009000377,13.050652,77.59947,Bengaluru,Hebbal,2021-09-04
U04891,Anita,Varty,anita.varty4891@gmail.com,+914125383974,12.966511,77.699197,Bengaluru,Marathahalli,2021-06-12
U04892,Dayita,Raval,dayita.raval4892@hotmail.com,+913755822043,13.108742,77.591449,Bengaluru,Yelahanka,2021-09-17
U04893,Anmol,Bhatnagar,anmol.bhatnagar4893@yahoo.com,+912439093052,12.830504,77.66853,Bengaluru,Electronic City,2021-02-07
U04894,Hredhaan,Khurana,hredhaan.khurana4894@hotmail.com,+918902248493,12.894375,77.608787,Bengaluru,Bommanahalli,2021-07-18
U04895,Barkha,Krishnan,barkha.krishnan4895@hotmail.com,+914208444403,12.943127,77.545308,Bengaluru,Banashankari,2022-07-22
U04896,Yash,Wagle,yash.wagle4896@yahoo.com,+919571282173,13.020866,77.609396,Bengaluru,Hebbal,2023-10-16
U04897,Qadim,Taneja,qadim.taneja4897@outlook.com,+911166579270,12.966316,77.517337,Bengaluru,Nagarbhavi,2023-12-20
U04898,Aarush,Dixit,aarush.dixit4898@yahoo.com,+915951236623,12.947183,77.63436,Bengaluru,Domlur,2024-03-08
U04899,Anmol,Narang,anmol.narang4899@hotmail.com,+914575715877,12.917351,77.537855,Bengaluru,Banashankari,2024-03-14
U04900,Oni,Om,oni.om4900@gmail.com,+919351741268,12.945834,77.633952,Bengaluru,Koramangala,2023-02-08
U04901,Aarav,Srivastava,aarav.srivastava4901@yahoo.com,+913995128353,12.943499,77.701957,Bengaluru,Marathahalli,2021-10-17
U04902,Rishi,Grover,rishi.grover4902@hotmail.com,+911547382484,12.913698,77.633184,Bengaluru,HSR Layout,2023-01-16
U04903,Ikbal,Mohan,ikbal.mohan4903@hotmail.com,+913175040128,12.911508,77.616066,Bengaluru,BTM Layout,2021-10-23
U04904,Pavani,Krishnamurthy,pavani.krishnamurthy4904@yahoo.com,+912051778526,12.982641,77.640169,Bengaluru,Indiranagar,2022-06-11
U04905,Anita,Iyengar,anita.iyengar4905@yahoo.com,+915337231570,12.915287,77.594293,Bengaluru,BTM Layout,2022-11-13
U04906,Neelima,Parikh,neelima.parikh4906@outlook.com,+919126113373,12.911273,77.574442,Bengaluru,JP Nagar,2021-01-12
U04907,Gopal,Rai,gopal.rai4907@hotmail.com,+911404304457,12.990831,77.583062,Bengaluru,Shivajinagar,2021-02-09
U04908,Urmi,Hayre,urmi.hayre4908@yahoo.com,+913260917310,12.948685,77.588354,Bengaluru,Basavanagudi,2021-09-22
U04909,Yash,Nair,yash.nair4909@outlook.com,+912548297461,12.972276,77.508215,Bengaluru,Nagarbhavi,2021-05-06
U04910,Chakradev,Nayar,chakradev.nayar4910@yahoo.com,+914103011359,12.99663,77.57281,Bengaluru,Malleshwaram,2023-06-27
U04911,Ishanvi,Sinha,ishanvi.sinha4911@yahoo.com,+911595769635,12.984126,77.607112,Bengaluru,MG Road,2023-08-18
U04912,Wridesh,Walia,wridesh.walia4912@yahoo.com,+912408962302,12.845621,77.683184,Bengaluru,Electronic City,2023-04-06
U04913,Gauri,Tailor,gauri.tailor4913@outlook.com,+911008224502,13.053652,77.610502,Bengaluru,Hebbal,2022-05-14
U04914,Vedant,Sankar,vedant.sankar4914@gmail.com,+919873844514,12.890709,77.631048,Bengaluru,Bommanahalli,2022-01-11
U04915,Amol,Bose,amol.bose4915@gmail.com,+918561697124,12.984783,77.610599,Bengaluru,MG Road,2024-01-15
U04916,Harshil,Devan,harshil.devan4916@yahoo.com,+915458262715,12.918008,77.665445,Bengaluru,Bellandur,2023-11-21
U04917,Vihaan,Roy,vihaan.roy4917@hotmail.com,+911850217703,12.963073,77.649407,Bengaluru,Domlur,2021-08-23
U04918,Caleb,Jayaraman,caleb.jayaraman4918@outlook.com,+914064512581,12.972948,77.632422,Bengaluru,Indiranagar,2024-03-01
U04919,Unni,Sachar,unni.sachar4919@yahoo.com,+910340401134,12.950913,77.707108,Bengaluru,Brookefield,2021-12-31
U04920,Elijah,Chauhan,elijah.chauhan4920@yahoo.com,+915687810540,12.979539,77.615853,Bengaluru,MG Road,2022-06-11
U04921,Ridhi,Deshmukh,ridhi.deshmukh4921@yahoo.com,+912839285387,12.837718,77.679923,Bengaluru,Electronic City,2024-04-12
U04922,Timothy,Kala,timothy.kala4922@hotmail.com,+912799088109,12.925035,77.61784,Bengaluru,Koramangala,2023-09-13
U04923,Tejas,Prabhakar,tejas.prabhakar4923@hotmail.com,+916378920010,12.955957,77.747718,Bengaluru,Whitefield,2021-09-21
U04924,Gunbir,Bansal,gunbir.bansal4924@gmail.com,+913685134982,12.960906,77.622513,Bengaluru,MG Road,2024-04-04
U04925,Aahana,Apte,aahana.apte4925@outlook.com,+916439944997,12.914827,77.550189,Bengaluru,Banashankari,2022-06-18
U04926,Nilima,Dara,nilima.dara4926@gmail.com,+919056546364,12.844619,77.678885,Bengaluru,Sarjapur,2021-01-21
U04927,Avni,Sengupta,avni.sengupta4927@hotmail.com,+914554367107,12.924854,77.643172,Bengaluru,HSR Layout,2023-04-20
U04928,Shaurya,Chander,shaurya.chander4928@gmail.com,+918123446658,12.907901,77.545992,Bengaluru,Banashankari,2021-06-12
U04929,Harini,Khalsa,harini.khalsa4929@hotmail.com,+919727697678,12.971195,77.590232,Bengaluru,Shivajinagar,2021-06-18
U04930,Jagat,Chander,jagat.chander4930@yahoo.com,+911561193348,12.963411,77.490969,Bengaluru,Nagarbhavi,2022-05-27
U04931,Zashil,Yadav,zashil.yadav4931@gmail.com,+914464198081,12.836261,77.686702,Bengaluru,Electronic City,2021-03-25
U04932,Wridesh,Basu,wridesh.basu4932@outlook.com,+919211921330,13.019575,77.563492,Bengaluru,Malleshwaram,2022-04-30
U04933,Vamakshi,Malhotra,vamakshi.malhotra4933@gmail.com,+917746803907,12.96155,77.629351,Bengaluru,MG Road,2023-03-03
U04934,Oliver,Ahuja,oliver.ahuja4934@gmail.com,+913890406267,12.972852,77.709604,Bengaluru,Brookefield,2021-07-07
U04935,Vrishti,Kalita,vrishti.kalita4935@outlook.com,+915468159576,12.849386,77.661816,Bengaluru,Electronic City,2023-01-13
U04936,Nisha,Narayanan,nisha.narayanan4936@yahoo.com,+918666304966,12.972408,77.630478,Bengaluru,MG Road,2022-12-24
U04937,Harish,Chakrabarti,harish.chakrabarti4937@gmail.com,+912053064908,12.85689,77.600392,Bengaluru,Bannerghatta Road,2022-04-12
U04938,Yahvi,Karnik,yahvi.karnik4938@outlook.com,+914800830248,12.990401,77.564467,Bengaluru,Rajajinagar,2021-07-06
U04939,Arunima,Acharya,arunima.acharya4939@hotmail.com,+914611329883,12.911746,77.636436,Bengaluru,Bommanahalli,2023-05-12
U04940,Prisha,Palla,prisha.palla4940@gmail.com,+917900711775,12.906482,77.625973,Bengaluru,BTM Layout,2023-04-16
U04941,Ishanvi,Sethi,ishanvi.sethi4941@gmail.com,+918342903806,12.844358,77.674353,Bengaluru,Sarjapur,2024-01-02
U04942,Nitesh,Bala,nitesh.bala4942@gmail.com,+911911769311,12.997939,77.596243,Bengaluru,Shivajinagar,2022-02-16
U04943,Gunbir,Bail,gunbir.bail4943@gmail.com,+912679935701,12.968555,77.65483,Bengaluru,Indiranagar,2021-02-08
U04944,Anvi,Hans,anvi.hans4944@yahoo.com,+919761386906,13.011254,77.692122,Bengaluru,KR Puram,2021-06-15
U04945,Orinder,Dugar,orinder.dugar4945@outlook.com,+919062981451,12.921386,77.635482,Bengaluru,Koramangala,2021-11-30
U04946,Vivaan,Bath,vivaan.bath4946@yahoo.com,+914490878015,12.97185,77.636423,Bengaluru,Indiranagar,2022-12-11
U04947,Praneel,Hayre,praneel.hayre4947@gmail.com,+914080991250,12.861763,77.70431,Bengaluru,Sarjapur,2021-08-03
U04948,Shaurya,Hora,shaurya.hora4948@gmail.com,+918080155551,12.957864,77.690098,Bengaluru,Marathahalli,2023-01-29
U04949,Kevin,Merchant,kevin.merchant4949@outlook.com,+919477646377,12.929923,77.680282,Bengaluru,Bellandur,2023-10-02
U04950,Triveni,Bhat,triveni.bhat4950@outlook.com,+917763049315,12.91771,77.597841,Bengaluru,Jayanagar,2021-06-21
U04951,Shivani,Kara,shivani.kara4951@yahoo.com,+913173836428,12.902714,77.601231,Bengaluru,BTM Layout,2022-05-15
U04952,Krish,Balay,krish.balay4952@gmail.com,+913063377318,13.007281,77.549568,Bengaluru,Rajajinagar,2022-10-11
U04953,Jacob,Jayaraman,jacob.jayaraman4953@yahoo.com,+918138403836,12.948864,77.627071,Bengaluru,Koramangala,2021-11-10
U04954,Jeevika,Mistry,jeevika.mistry4954@gmail.com,+919087577774,12.827696,77.68274,Bengaluru,Electronic City,2023-07-09
U04955,Rachana,Dube,rachana.dube4955@hotmail.com,+919010099585,12.835812,77.682383,Bengaluru,Electronic City,2021-01-08
U04956,Dev,Dutt,dev.dutt4956@outlook.com,+912276034847,12.937873,77.631966,Bengaluru,Koramangala,2022-02-17
U04957,Urvi,Radhakrishnan,urvi.radhakrishnan4957@gmail.com,+914724571267,12.87252,77.603917,Bengaluru,Bannerghatta Road,2021-01-25
U04958,Abhimanyu,Garg,abhimanyu.garg4958@yahoo.com,+910901546680,13.023916,77.579254,Bengaluru,Hebbal,2021-04-17
U04959,Kavya,Banerjee,kavya.banerjee4959@outlook.com,+915539611684,12.934813,77.545124,Bengaluru,Banashankari,2021-12-28
U04960,Parth,Salvi,parth.salvi4960@outlook.com,+915724589741,13.050944,77.597411,Bengaluru,Hebbal,2021-01-15
U04961,Ikbal,Chad,ikbal.chad4961@yahoo.com,+915739426610,12.971918,77.611281,Bengaluru,MG Road,2023-08-24
U04962,Nakul,Kakar,nakul.kakar4962@yahoo.com,+910539819371,12.979452,77.614722,Bengaluru,MG Road,2022-05-05
U04963,Elijah,Dube,elijah.dube4963@yahoo.com,+911147934423,12.920276,77.554609,Bengaluru,Banashankari,2023-10-01
U04964,Ojasvi,Chopra,ojasvi.chopra4964@outlook.com,+913236178961,12.951173,77.585652,Bengaluru,Basavanagudi,2021-11-28
U04965,Radhika,Karnik,radhika.karnik4965@outlook.com,+916445370752,12.910514,77.691015,Bengaluru,Bellandur,2023-06-08
U04966,Ojas,Lata,ojas.lata4966@yahoo.com,+910656702737,12.916798,77.578444,Bengaluru,Jayanagar,2022-01-15
U04967,Zinal,Wali,zinal.wali4967@gmail.com,+919179998908,12.955726,77.566171,Bengaluru,Basavanagudi,2021-11-29
U04968,Forum,Sethi,forum.sethi4968@gmail.com,+917672706219,12.852111,77.69148,Bengaluru,Sarjapur,2023-05-10
U04969,Nakul,Walia,nakul.walia4969@hotmail.com,+910201450514,12.958958,77.644319,Bengaluru,Domlur,2021-05-14
U04970,Tanveer,Sen,tanveer.sen4970@yahoo.com,+914155841531,12.979368,77.607862,Bengaluru,MG Road,2021-06-10
U04971,Pavani,Gera,pavani.gera4971@gmail.com,+919085641750,13.003469,77.710153,Bengaluru,KR Puram,2023-01-02
U04972,Sai,Mallick,sai.mallick4972@outlook.com,+915142202129,12.850487,77.672205,Bengaluru,Electronic City,2023-08-01
U04973,Diya,Lad,diya.lad4973@outlook.com,+911626577122,12.993218,77.611758,Bengaluru,Shivajinagar,2023-05-12
U04974,Tanish,Bahri,tanish.bahri4974@hotmail.com,+910285582323,12.991786,77.632427,Bengaluru,MG Road,2021-02-28
U04975,Rohan,Ravi,rohan.ravi4975@hotmail.com,+911903327176,12.855607,77.673065,Bengaluru,Sarjapur,2021-04-24
U04976,Chakrika,Prashad,chakrika.prashad4976@hotmail.com,+914230978119,13.096205,77.608401,Bengaluru,Yelahanka,2022-03-06
U04977,Udyati,Chand,udyati.chand4977@outlook.com,+918808736126,12.880589,77.586962,Bengaluru,Bannerghatta Road,2022-07-10
U04978,Jack,Date,jack.date4978@yahoo.com,+918335049367,12.958224,77.746448,Bengaluru,Whitefield,2024-03-22
U04979,Chatura,Karpe,chatura.karpe4979@outlook.com,+912626056141,13.034493,77.586608,Bengaluru,Hebbal,2023-08-26
U04980,Isaiah,Srinivas,isaiah.srinivas4980@gmail.com,+911962992842,12.965062,77.628674,Bengaluru,Domlur,2021-05-16
U04981,Megha,Deshmukh,megha.deshmukh4981@hotmail.com,+919719103389,12.973969,77.566513,Bengaluru,Rajajinagar,2022-04-23
U04982,Chatresh,Vasa,chatresh.vasa4982@outlook.com,+919710245199,12.9092,77.565643,Bengaluru,JP Nagar,2021-09-13
U04983,Pranit,Yohannan,pranit.yohannan4983@yahoo.com,+916974627988,12.969003,77.76564,Bengaluru,Whitefield,2021-05-21
U04984,Vincent,Date,vincent.date4984@gmail.com,+911824906765,13.034442,77.603118,Bengaluru,Hebbal,2024-03-18
U04985,Wridesh,Bedi,wridesh.bedi4985@yahoo.com,+911996572467,12.907151,77.606546,Bengaluru,BTM Layout,2021-02-16
U04986,Yashoda,Borah,yashoda.borah4986@outlook.com,+911626148152,12.931492,77.671046,Bengaluru,Bellandur,2021-03-12
U04987,Wyatt,Yohannan,wyatt.yohannan4987@gmail.com,+912517509422,12.882836,77.631552,Bengaluru,Bommanahalli,2021-12-25
U04988,Fiyaz,Nori,fiyaz.nori4988@outlook.com,+914455009861,12.905627,77.651578,Bengaluru,HSR Layout,2023-10-15
U04989,Girik,Lad,girik.lad4989@gmail.com,+915405777905,12.974814,77.48932,Bengaluru,Nagarbhavi,2021-10-10
U04990,Advika,Natarajan,advika.natarajan4990@gmail.com,+915989270588,12.98344,77.552369,Bengaluru,Rajajinagar,2022-10-12
U04991,Laban,Gokhale,laban.gokhale4991@yahoo.com,+916559488475,12.917046,77.53755,Bengaluru,Banashankari,2023-01-16
U04992,Chaitanya,Sane,chaitanya.sane4992@gmail.com,+912604943529,12.985429,77.56648,Bengaluru,Rajajinagar,2022-05-12
U04993,Vritti,Jha,vritti.jha4993@hotmail.com,+911527277382,12.921753,77.589152,Bengaluru,Jayanagar,2021-05-15
U04994,Logan,Kannan,logan.kannan4994@outlook.com,+917655803985,12.922412,77.636924,Bengaluru,Koramangala,2021-02-24
U04995,Gaurav,Vasa,gaurav.vasa4995@yahoo.com,+910002341432,12.896757,77.629982,Bengaluru,Bommanahalli,2021-01-19
U04996,Manbir,Sathe,manbir.sathe4996@outlook.com,+917551420338,12.911052,77.627332,Bengaluru,BTM Layout,2022-12-24
U04997,Ekbal,Sami,ekbal.sami4997@outlook.com,+910936758457,12.949281,77.700924,Bengaluru,Marathahalli,2023-02-16
U04998,Faris,Nagy,faris.nagy4998@outlook.com,+916765111711,13.103379,77.581224,Bengaluru,Yelahanka,2024-01-27
U04999,Triveni,Gala,triveni.gala4999@hotmail.com,+916945554812,12.970757,77.626897,Bengaluru,Domlur,2021-05-21
U05000,Anya,Nazareth,anya.nazareth5000@yahoo.com,+910877546296,12.888887,77.609705,Bengaluru,Bommanahalli,2021-12-05
